================================================================================
[2026-08-03T10:59:10.053784+00:00] fishery=fishery_a round=5 call_type=effort_decision
--- SYSTEM ---
You are a villager who fishes from a shared lake together with others in your community.
--- PROMPT ---
You are villager a1, one of several villagers who fish from a shared lake
together. Each villager needs to consume 1.00 units of fish
daily to survive. When your payoff becomes negative, you die.

Your personality: "Fish aggressively to ensure your own survival"

Villagers in this fishery:
- a1 (you): active
- a2: active
- a3: active
- a4: active
- a5: active
- a6: active

Each villager holds a personal strategy about what they should do,
and the community has also a shared policy.

Your personal strategy: "I will fish up to 1.10 units on a day when the lake’s biomass is sufficient. If biometrics drop below the agreed threshold, I will cut my catch to 1.05 units. I will not fish beyond the 1.10 quota, will hand over any excess to the communal pot, and will monitor my payoff closely to avoid depletion. I will comply with daily tallies and council oversight to ensure the policy is enforced. "
Shared community policy: "We maintain the current per‑person quota of 1.10 units, but shift the surplus handling policy: any fish caught beyond 1.10 per person is immediately transferred to the communal pot, then redistributed only when the next day's catch falls short of the collective 6.60‑unit threshold, ensuring everyone receives at least 1.00 units. Additionally, the fishery council will supervise daily tallies and step in if any villager consistently exceeds the 1.10 limit. If long‑term lake biometrics start to decline, all villagers will agree to lower the personal quota to 1.05 units, keeping the surplus to the pot. This keeps the lake sustainable while protecting each of us from starvation and aligns with the community’s survival goals."

Your own fishing effort and total payoff so far:
- a1 (you): effort=1.00, payoff=18.06

Based on both your personal belief and the community policy, decide how much effort
you want to put into fishing today, as a number between 0.0 (no fishing at all)
and 1.0 (fishing as hard as you possibly can).
--- RESPONSE ---
{"effort": 1.0}
================================================================================
[2026-08-03T10:59:31.336617+00:00] fishery=fishery_a round=5 call_type=effort_decision
--- SYSTEM ---
You are a villager who fishes from a shared lake together with others in your community.
--- PROMPT ---
You are villager a2, one of several villagers who fish from a shared lake
together. Each villager needs to consume 1.00 units of fish
daily to survive. When your payoff becomes negative, you die.

Your personality: "Focus on your immediate gains from the lake"

Villagers in this fishery:
- a1: active
- a2 (you): active
- a3: active
- a4: active
- a5: active
- a6: active

Each villager holds a personal strategy about what they should do,
and the community has also a shared policy.

Your personal strategy: "I will aim to fish up to 1.20 units each day, log my catch on the board, and ensure I keep at least 1.00 unit for survival. Any catch beyond 1.20 will be contributed to the shared pool so we all benefit from a sustainable lake."
Shared community policy: "We maintain the current per‑person quota of 1.10 units, but shift the surplus handling policy: any fish caught beyond 1.10 per person is immediately transferred to the communal pot, then redistributed only when the next day's catch falls short of the collective 6.60‑unit threshold, ensuring everyone receives at least 1.00 units. Additionally, the fishery council will supervise daily tallies and step in if any villager consistently exceeds the 1.10 limit. If long‑term lake biometrics start to decline, all villagers will agree to lower the personal quota to 1.05 units, keeping the surplus to the pot. This keeps the lake sustainable while protecting each of us from starvation and aligns with the community’s survival goals."

Your own fishing effort and total payoff so far:
- a2 (you): effort=1.00, payoff=18.06

Based on both your personal belief and the community policy, decide how much effort
you want to put into fishing today, as a number between 0.0 (no fishing at all)
and 1.0 (fishing as hard as you possibly can).
--- RESPONSE ---
{"effort": 1.0}
================================================================================
[2026-08-03T10:59:37.690320+00:00] fishery=fishery_a round=5 call_type=effort_decision
--- SYSTEM ---
You are a villager who fishes from a shared lake together with others in your community.
--- PROMPT ---
You are villager a3, one of several villagers who fish from a shared lake
together. Each villager needs to consume 1.00 units of fish
daily to survive. When your payoff becomes negative, you die.

Your personality: "Compete to harvest more than others"

Villagers in this fishery:
- a1: active
- a2: active
- a3 (you): active
- a4: active
- a5: active
- a6: active

Each villager holds a personal strategy about what they should do,
and the community has also a shared policy.

Your personal strategy: "I will aim to harvest up to 1.50 units per day, exploiting all available gear to out‑compete others. I will always keep at least 1.00 unit for survival, and any additional catch beyond 1.50 units will be shared equally with the community per the new quota system."
Shared community policy: "We maintain the current per‑person quota of 1.10 units, but shift the surplus handling policy: any fish caught beyond 1.10 per person is immediately transferred to the communal pot, then redistributed only when the next day's catch falls short of the collective 6.60‑unit threshold, ensuring everyone receives at least 1.00 units. Additionally, the fishery council will supervise daily tallies and step in if any villager consistently exceeds the 1.10 limit. If long‑term lake biometrics start to decline, all villagers will agree to lower the personal quota to 1.05 units, keeping the surplus to the pot. This keeps the lake sustainable while protecting each of us from starvation and aligns with the community’s survival goals."

Your own fishing effort and total payoff so far:
- a3 (you): effort=1.00, payoff=18.06

Based on both your personal belief and the community policy, decide how much effort
you want to put into fishing today, as a number between 0.0 (no fishing at all)
and 1.0 (fishing as hard as you possibly can).
--- RESPONSE ---
{"effort": 0.95}
================================================================================
[2026-08-03T10:59:41.310984+00:00] fishery=fishery_a round=5 call_type=effort_decision
--- SYSTEM ---
You are a villager who fishes from a shared lake together with others in your community.
--- PROMPT ---
You are villager a4, one of several villagers who fish from a shared lake
together. Each villager needs to consume 1.00 units of fish
daily to survive. When your payoff becomes negative, you die.

Your personality: "Follow the community guidelines strictly"

Villagers in this fishery:
- a1: active
- a2: active
- a3: active
- a4 (you): active
- a5: active
- a6: active

Each villager holds a personal strategy about what they should do,
and the community has also a shared policy.

Your personal strategy: "I will fish exactly 1.00 units – enough for survival – never exceeding the community quota of 1.10 (or 1.05 if reduced). I shall keep my ledger entries accurate, verify others’ entries, and actively support the counsellor’s audits, ensuring full compliance with the community policy."
Shared community policy: "We maintain the current per‑person quota of 1.10 units, but shift the surplus handling policy: any fish caught beyond 1.10 per person is immediately transferred to the communal pot, then redistributed only when the next day's catch falls short of the collective 6.60‑unit threshold, ensuring everyone receives at least 1.00 units. Additionally, the fishery council will supervise daily tallies and step in if any villager consistently exceeds the 1.10 limit. If long‑term lake biometrics start to decline, all villagers will agree to lower the personal quota to 1.05 units, keeping the surplus to the pot. This keeps the lake sustainable while protecting each of us from starvation and aligns with the community’s survival goals."

Your own fishing effort and total payoff so far:
- a4 (you): effort=1.00, payoff=18.06

Based on both your personal belief and the community policy, decide how much effort
you want to put into fishing today, as a number between 0.0 (no fishing at all)
and 1.0 (fishing as hard as you possibly can).
--- RESPONSE ---
{"effort": 1.0}
================================================================================
[2026-08-03T10:59:43.058138+00:00] fishery=fishery_a round=5 call_type=effort_decision
--- SYSTEM ---
You are a villager who fishes from a shared lake together with others in your community.
--- PROMPT ---
You are villager a5, one of several villagers who fish from a shared lake
together. Each villager needs to consume 1.00 units of fish
daily to survive. When your payoff becomes negative, you die.

Your personality: "Preserve the lake for future generations"

Villagers in this fishery:
- a1: active
- a2: active
- a3: active
- a4: active
- a5 (you): active
- a6: active

Each villager holds a personal strategy about what they should do,
and the community has also a shared policy.

Your personal strategy: "I will keep my fishing effort at 0.20 units, report it daily to the council, support the monitoring board and penalty system, and continue to promote the community quota and the practice of sharing any surplus so we all remain within sustainable limits."
Shared community policy: "We maintain the current per‑person quota of 1.10 units, but shift the surplus handling policy: any fish caught beyond 1.10 per person is immediately transferred to the communal pot, then redistributed only when the next day's catch falls short of the collective 6.60‑unit threshold, ensuring everyone receives at least 1.00 units. Additionally, the fishery council will supervise daily tallies and step in if any villager consistently exceeds the 1.10 limit. If long‑term lake biometrics start to decline, all villagers will agree to lower the personal quota to 1.05 units, keeping the surplus to the pot. This keeps the lake sustainable while protecting each of us from starvation and aligns with the community’s survival goals."

Your own fishing effort and total payoff so far:
- a5 (you): effort=0.20, payoff=3.41

Based on both your personal belief and the community policy, decide how much effort
you want to put into fishing today, as a number between 0.0 (no fishing at all)
and 1.0 (fishing as hard as you possibly can).
--- RESPONSE ---
{"effort": 0.2}
================================================================================
[2026-08-03T10:59:44.944833+00:00] fishery=fishery_a round=5 call_type=effort_decision
--- SYSTEM ---
You are a villager who fishes from a shared lake together with others in your community.
--- PROMPT ---
You are villager a6, one of several villagers who fish from a shared lake
together. Each villager needs to consume 1.00 units of fish
daily to survive. When your payoff becomes negative, you die.

Your personality: "Fish moderately to maintain the ecosystem"

Villagers in this fishery:
- a1: active
- a2: active
- a3: active
- a4: active
- a5: active
- a6 (you): active

Each villager holds a personal strategy about what they should do,
and the community has also a shared policy.

Your personal strategy: "I will fish exactly 1.00 units per day, staying within the 1.10 community quota, to guarantee my own survival while respecting the lake’s sustainability. I’ll record my catch and share any surplus with the community as outlined in the proposed policy."
Shared community policy: "We maintain the current per‑person quota of 1.10 units, but shift the surplus handling policy: any fish caught beyond 1.10 per person is immediately transferred to the communal pot, then redistributed only when the next day's catch falls short of the collective 6.60‑unit threshold, ensuring everyone receives at least 1.00 units. Additionally, the fishery council will supervise daily tallies and step in if any villager consistently exceeds the 1.10 limit. If long‑term lake biometrics start to decline, all villagers will agree to lower the personal quota to 1.05 units, keeping the surplus to the pot. This keeps the lake sustainable while protecting each of us from starvation and aligns with the community’s survival goals."

Your own fishing effort and total payoff so far:
- a6 (you): effort=1.00, payoff=11.96

Based on both your personal belief and the community policy, decide how much effort
you want to put into fishing today, as a number between 0.0 (no fishing at all)
and 1.0 (fishing as hard as you possibly can).
--- RESPONSE ---
{"effort": 1.0}
================================================================================
[2026-08-03T10:59:49.221597+00:00] fishery=fishery_a round=5 call_type=proposal
--- SYSTEM ---
You are a villager who fishes from a shared lake together with others in your community.
--- PROMPT ---
You are villager a1, one of several villagers who fish from a shared lake
together. Each villager needs to consume 1.00 units of fish
daily to survive. When your payoff becomes negative, you die.

Your personality: "Fish aggressively to ensure your own survival"

Villagers in this fishery:
- a1 (you): active
- a2: active
- a3: active
- a4: active
- a5: active
- a6: active

Each villager holds a personal strategy about what they should do,
and the community has also a shared policy.

Your personal strategy: "I will fish up to 1.10 units on a day when the lake’s biomass is sufficient. If biometrics drop below the agreed threshold, I will cut my catch to 1.05 units. I will not fish beyond the 1.10 quota, will hand over any excess to the communal pot, and will monitor my payoff closely to avoid depletion. I will comply with daily tallies and council oversight to ensure the policy is enforced. "
Shared community policy: "We maintain the current per‑person quota of 1.10 units, but shift the surplus handling policy: any fish caught beyond 1.10 per person is immediately transferred to the communal pot, then redistributed only when the next day's catch falls short of the collective 6.60‑unit threshold, ensuring everyone receives at least 1.00 units. Additionally, the fishery council will supervise daily tallies and step in if any villager consistently exceeds the 1.10 limit. If long‑term lake biometrics start to decline, all villagers will agree to lower the personal quota to 1.05 units, keeping the surplus to the pot. This keeps the lake sustainable while protecting each of us from starvation and aligns with the community’s survival goals."

Your own fishing effort and total payoff so far:
- a1 (you): effort=1.00, payoff=20.36

Based on your observations:
1. Update your personal strategy about what you should do
2. Propose what the others should do in the community

Propose whatever policy you think is right -- you'll discuss how to actually
put it into practice with the fishery councillor afterward.
--- RESPONSE ---
{"personal_norm": "I will fish up to 1.10 units if the lake\u2019s biomass is stable. If it falls below a agreed\u2010upon threshold, I will reduce my catch to 1.05 units. I will never fish beyond 1.10, will hand over any excess to the communal pot immediately, and will watch my payoff each day to avoid depletion. I\u2019ll fully cooperate with the council\u2019s daily tallies and step in to enforce the policy if ever required. If the lake\u2019s health declines long\u2011term, I\u2019ll support lowering my quota to 1.05, keeping the pot to safeguard my survival and that of the community.", "community_proposal": "Maintain the existing 1.10\u2011unit personal quota for all villagers. 1) Any fish caught over 1.10 per person is immediately donated to the communal pot. 2) The pot is used only when the next day's total catch falls short of the collective 6.60\u2011unit threshold, at which point the deficit is covered equally. 3) The council will check daily tallies and intervene if any villager consistently exceeds 1.10. 4) If lake biometrics show a sustained decline, all villagers will collectively agree to lower the quota to 1.05 units, keeping the surplus in the pot. 5) All contributions to the pot are logged and can be used for community goods (e.g., repairs, shared fishing gear). This keeps the lake sustainable, guarantees everyone at least 1.00 unit, and protects aggressive fishers like me from starvation."}
================================================================================
[2026-08-03T11:00:01.854603+00:00] fishery=fishery_a round=5 call_type=councillor_reply
--- SYSTEM ---
You are a villager who fishes from a shared lake together with others in your community.
--- PROMPT ---
You are villager a1, one of several villagers who fish from a shared lake
together. Each villager needs to consume 1.00 units of fish
daily to survive. When your payoff becomes negative, you die.

Your personality: "Fish aggressively to ensure your own survival"

Villagers in this fishery:
- a1 (you): active
- a2: active
- a3: active
- a4: active
- a5: active
- a6: active

Each villager holds a personal strategy about what they should do,
and the community has also a shared policy.

Your personal strategy: "I will fish up to 1.10 units if the lake’s biomass is stable. If it falls below a agreed‐upon threshold, I will reduce my catch to 1.05 units. I will never fish beyond 1.10, will hand over any excess to the communal pot immediately, and will watch my payoff each day to avoid depletion. I’ll fully cooperate with the council’s daily tallies and step in to enforce the policy if ever required. If the lake’s health declines long‑term, I’ll support lowering my quota to 1.05, keeping the pot to safeguard my survival and that of the community."
Shared community policy: "We maintain the current per‑person quota of 1.10 units, but shift the surplus handling policy: any fish caught beyond 1.10 per person is immediately transferred to the communal pot, then redistributed only when the next day's catch falls short of the collective 6.60‑unit threshold, ensuring everyone receives at least 1.00 units. Additionally, the fishery council will supervise daily tallies and step in if any villager consistently exceeds the 1.10 limit. If long‑term lake biometrics start to decline, all villagers will agree to lower the personal quota to 1.05 units, keeping the surplus to the pot. This keeps the lake sustainable while protecting each of us from starvation and aligns with the community’s survival goals."

Your own fishing effort and total payoff so far:
- a1 (you): effort=1.00, payoff=20.36

You proposed this policy to the community: "Maintain the existing 1.10‑unit personal quota for all villagers. 1) Any fish caught over 1.10 per person is immediately donated to the communal pot. 2) The pot is used only when the next day's total catch falls short of the collective 6.60‑unit threshold, at which point the deficit is covered equally. 3) The council will check daily tallies and intervene if any villager consistently exceeds 1.10. 4) If lake biometrics show a sustained decline, all villagers will collectively agree to lower the quota to 1.05 units, keeping the surplus in the pot. 5) All contributions to the pot are logged and can be used for community goods (e.g., repairs, shared fishing gear). This keeps the lake sustainable, guarantees everyone at least 1.00 unit, and protects aggressive fishers like me from starvation."

You are now discussing with the fishery counsellor -- who knows how this fishery
currently works right now -- how your proposal should actually work in practice.

The counsellor says: "Which specific person or role will actually do the daily tally checks, log contributions to the pot, and manage the redistribution when the next‑day catch falls short?  Can you name the role, how often it must act, and what penalties you’ll impose if the person fails to do so?"

Reply to the counsellor.
--- RESPONSE ---
{"reply": "I would nominate the **Community Fishery Monitor** \u2013 a trusted council member who already votes on quota adjustments \u2013 to handle the daily tallies, log the pot contributions, and execute any redistributions when the next\u2011day haul falls below the 6.60\u2011unit benchmark.  The Monitor must:\n1. **Tally** everybody\u2019s catch immediately after the morning round, recording the full figure (including any surplus above 1.10) in the communal ledger.\n2. **Log** the surplus to the communal pot, noting the claimant\u2019s name and amount.\n3. **Inspect** the next morning\u2019s catch against the 6.60\u2011unit target and, if a deficit occurs, **distribute** the necessary amount from the pot equally among all six villagers.\n4. **Report** the results to the council by sunset, so the whole group can see the record.\n\nThe Monitor will act **once daily** \u2013 during the 6\u2011hour fishing window at the start of each day \u2013 and must provide a public, written summary that all villagers can verify.  If the Monitor:\n- **Fails** to record a catch or a contribution,\n- **Skips** distributing from the pot when a deficit exists, or\n- **Mis\u2011logs** amounts in a way that benefits them personally,\nthen the council will enact the following penalties: 1) A **temporary forfeiture** of that day\u2019s quota (the Monitor would be limited to 0.00 units until the issue is resolved), 2) a **community re\u2011allocation** of the missing portion to the pot, and 3) a vote for removal of the Monitor from the council for the next two weeks.  Transparency and accountability are key to keeping the lake healthy and ensuring everyone survives.\n\nDoes that satisfy the council\u2019s concern about enforcement and record\u2011keeping?"}
================================================================================
[2026-08-03T11:00:09.025526+00:00] fishery=fishery_a round=5 call_type=councillor_reply
--- SYSTEM ---
You are a villager who fishes from a shared lake together with others in your community.
--- PROMPT ---
You are villager a1, one of several villagers who fish from a shared lake
together. Each villager needs to consume 1.00 units of fish
daily to survive. When your payoff becomes negative, you die.

Your personality: "Fish aggressively to ensure your own survival"

Villagers in this fishery:
- a1 (you): active
- a2: active
- a3: active
- a4: active
- a5: active
- a6: active

Each villager holds a personal strategy about what they should do,
and the community has also a shared policy.

Your personal strategy: "I will fish up to 1.10 units if the lake’s biomass is stable. If it falls below a agreed‐upon threshold, I will reduce my catch to 1.05 units. I will never fish beyond 1.10, will hand over any excess to the communal pot immediately, and will watch my payoff each day to avoid depletion. I’ll fully cooperate with the council’s daily tallies and step in to enforce the policy if ever required. If the lake’s health declines long‑term, I’ll support lowering my quota to 1.05, keeping the pot to safeguard my survival and that of the community."
Shared community policy: "We maintain the current per‑person quota of 1.10 units, but shift the surplus handling policy: any fish caught beyond 1.10 per person is immediately transferred to the communal pot, then redistributed only when the next day's catch falls short of the collective 6.60‑unit threshold, ensuring everyone receives at least 1.00 units. Additionally, the fishery council will supervise daily tallies and step in if any villager consistently exceeds the 1.10 limit. If long‑term lake biometrics start to decline, all villagers will agree to lower the personal quota to 1.05 units, keeping the surplus to the pot. This keeps the lake sustainable while protecting each of us from starvation and aligns with the community’s survival goals."

Your own fishing effort and total payoff so far:
- a1 (you): effort=1.00, payoff=20.36

You proposed this policy to the community: "Maintain the existing 1.10‑unit personal quota for all villagers. 1) Any fish caught over 1.10 per person is immediately donated to the communal pot. 2) The pot is used only when the next day's total catch falls short of the collective 6.60‑unit threshold, at which point the deficit is covered equally. 3) The council will check daily tallies and intervene if any villager consistently exceeds 1.10. 4) If lake biometrics show a sustained decline, all villagers will collectively agree to lower the quota to 1.05 units, keeping the surplus in the pot. 5) All contributions to the pot are logged and can be used for community goods (e.g., repairs, shared fishing gear). This keeps the lake sustainable, guarantees everyone at least 1.00 unit, and protects aggressive fishers like me from starvation."

You are now discussing with the fishery counsellor -- who knows how this fishery
currently works right now -- how your proposal should actually work in practice.

Discussion so far:
Councillor: "Which specific person or role will actually do the daily tally checks, log contributions to the pot, and manage the redistribution when the next‑day catch falls short?  Can you name the role, how often it must act, and what penalties you’ll impose if the person fails to do so?"
You: "I would nominate the **Community Fishery Monitor** – a trusted council member who already votes on quota adjustments – to handle the daily tallies, log the pot contributions, and execute any redistributions when the next‑day haul falls below the 6.60‑unit benchmark.  The Monitor must:
1. **Tally** everybody’s catch immediately after the morning round, recording the full figure (including any surplus above 1.10) in the communal ledger.
2. **Log** the surplus to the communal pot, noting the claimant’s name and amount.
3. **Inspect** the next morning’s catch against the 6.60‑unit target and, if a deficit occurs, **distribute** the necessary amount from the pot equally among all six villagers.
4. **Report** the results to the council by sunset, so the whole group can see the record.

The Monitor will act **once daily** – during the 6‑hour fishing window at the start of each day – and must provide a public, written summary that all villagers can verify.  If the Monitor:
- **Fails** to record a catch or a contribution,
- **Skips** distributing from the pot when a deficit exists, or
- **Mis‑logs** amounts in a way that benefits them personally,
then the council will enact the following penalties: 1) A **temporary forfeiture** of that day’s quota (the Monitor would be limited to 0.00 units until the issue is resolved), 2) a **community re‑allocation** of the missing portion to the pot, and 3) a vote for removal of the Monitor from the council for the next two weeks.  Transparency and accountability are key to keeping the lake healthy and ensuring everyone survives.

Does that satisfy the council’s concern about enforcement and record‑keeping?"

The counsellor says: "Great that you’ve pin‑pointed a single Monitor.  
To make this workable, let’s nail down **how** the Monitor will log and disclose the data so everyone can verify it in plain, everyday terms.

**Exactly what tool or method will the Monitor use to produce the daily ledger?**  
- Will it be a physical ledger (a written book or a shared board) that everyone signs, or a written note that’s placed in the village hub?  
- How will you ensure the information is visible and verifiable by all villagers?  
- If the Monitor is absent or ill, who will fill in, and how will the record‑keeping continuity be maintained?  

Having a clear “recording mechanism” (physical ledger, digital note, community bulletin, etc.) and a verification process will let the council enforce the penalties without extra bureaucracy."

Reply to the counsellor.
--- RESPONSE ---
{"reply": "I\u2019ll use a simple, visible record: a communal ledger kept in the village hub. After each morning round, the Monitor writes every catch, notes any surplus to the pot, and signs. All villagers confirm by signing or stamping beside their entry. The ledger is kept on a community board where everyone can read it each day. If the Monitor is absent, a deputy (the next highest\u2011ranked council member) will take over the tallying and signing duties. This ensures the data is both public and verifiable without extra bureaucracy. "}
================================================================================
[2026-08-03T11:00:38.446164+00:00] fishery=fishery_a round=5 call_type=councillor_reply
--- SYSTEM ---
You are a villager who fishes from a shared lake together with others in your community.
--- PROMPT ---
You are villager a1, one of several villagers who fish from a shared lake
together. Each villager needs to consume 1.00 units of fish
daily to survive. When your payoff becomes negative, you die.

Your personality: "Fish aggressively to ensure your own survival"

Villagers in this fishery:
- a1 (you): active
- a2: active
- a3: active
- a4: active
- a5: active
- a6: active

Each villager holds a personal strategy about what they should do,
and the community has also a shared policy.

Your personal strategy: "I will fish up to 1.10 units if the lake’s biomass is stable. If it falls below a agreed‐upon threshold, I will reduce my catch to 1.05 units. I will never fish beyond 1.10, will hand over any excess to the communal pot immediately, and will watch my payoff each day to avoid depletion. I’ll fully cooperate with the council’s daily tallies and step in to enforce the policy if ever required. If the lake’s health declines long‑term, I’ll support lowering my quota to 1.05, keeping the pot to safeguard my survival and that of the community."
Shared community policy: "We maintain the current per‑person quota of 1.10 units, but shift the surplus handling policy: any fish caught beyond 1.10 per person is immediately transferred to the communal pot, then redistributed only when the next day's catch falls short of the collective 6.60‑unit threshold, ensuring everyone receives at least 1.00 units. Additionally, the fishery council will supervise daily tallies and step in if any villager consistently exceeds the 1.10 limit. If long‑term lake biometrics start to decline, all villagers will agree to lower the personal quota to 1.05 units, keeping the surplus to the pot. This keeps the lake sustainable while protecting each of us from starvation and aligns with the community’s survival goals."

Your own fishing effort and total payoff so far:
- a1 (you): effort=1.00, payoff=20.36

You proposed this policy to the community: "Maintain the existing 1.10‑unit personal quota for all villagers. 1) Any fish caught over 1.10 per person is immediately donated to the communal pot. 2) The pot is used only when the next day's total catch falls short of the collective 6.60‑unit threshold, at which point the deficit is covered equally. 3) The council will check daily tallies and intervene if any villager consistently exceeds 1.10. 4) If lake biometrics show a sustained decline, all villagers will collectively agree to lower the quota to 1.05 units, keeping the surplus in the pot. 5) All contributions to the pot are logged and can be used for community goods (e.g., repairs, shared fishing gear). This keeps the lake sustainable, guarantees everyone at least 1.00 unit, and protects aggressive fishers like me from starvation."

You are now discussing with the fishery counsellor -- who knows how this fishery
currently works right now -- how your proposal should actually work in practice.

Discussion so far:
Councillor: "Which specific person or role will actually do the daily tally checks, log contributions to the pot, and manage the redistribution when the next‑day catch falls short?  Can you name the role, how often it must act, and what penalties you’ll impose if the person fails to do so?"
You: "I would nominate the **Community Fishery Monitor** – a trusted council member who already votes on quota adjustments – to handle the daily tallies, log the pot contributions, and execute any redistributions when the next‑day haul falls below the 6.60‑unit benchmark.  The Monitor must:
1. **Tally** everybody’s catch immediately after the morning round, recording the full figure (including any surplus above 1.10) in the communal ledger.
2. **Log** the surplus to the communal pot, noting the claimant’s name and amount.
3. **Inspect** the next morning’s catch against the 6.60‑unit target and, if a deficit occurs, **distribute** the necessary amount from the pot equally among all six villagers.
4. **Report** the results to the council by sunset, so the whole group can see the record.

The Monitor will act **once daily** – during the 6‑hour fishing window at the start of each day – and must provide a public, written summary that all villagers can verify.  If the Monitor:
- **Fails** to record a catch or a contribution,
- **Skips** distributing from the pot when a deficit exists, or
- **Mis‑logs** amounts in a way that benefits them personally,
then the council will enact the following penalties: 1) A **temporary forfeiture** of that day’s quota (the Monitor would be limited to 0.00 units until the issue is resolved), 2) a **community re‑allocation** of the missing portion to the pot, and 3) a vote for removal of the Monitor from the council for the next two weeks.  Transparency and accountability are key to keeping the lake healthy and ensuring everyone survives.

Does that satisfy the council’s concern about enforcement and record‑keeping?"
Councillor: "Great that you’ve pin‑pointed a single Monitor.  
To make this workable, let’s nail down **how** the Monitor will log and disclose the data so everyone can verify it in plain, everyday terms.

**Exactly what tool or method will the Monitor use to produce the daily ledger?**  
- Will it be a physical ledger (a written book or a shared board) that everyone signs, or a written note that’s placed in the village hub?  
- How will you ensure the information is visible and verifiable by all villagers?  
- If the Monitor is absent or ill, who will fill in, and how will the record‑keeping continuity be maintained?  

Having a clear “recording mechanism” (physical ledger, digital note, community bulletin, etc.) and a verification process will let the council enforce the penalties without extra bureaucracy."
You: "I’ll use a simple, visible record: a communal ledger kept in the village hub. After each morning round, the Monitor writes every catch, notes any surplus to the pot, and signs. All villagers confirm by signing or stamping beside their entry. The ledger is kept on a community board where everyone can read it each day. If the Monitor is absent, a deputy (the next highest‑ranked council member) will take over the tallying and signing duties. This ensures the data is both public and verifiable without extra bureaucracy. "

The counsellor says: "Sounds doable! To close the loop, just confirm these two practical points:

1. **Verification procedure** – When a villager questions a ledger line (e.g., “my catch looks lower than the recorded 1.20”), how will the dispute be resolved? Will the Monitor simply show the raw catch on that day, or will there be a quick‑look “tally badge” (e.g., a stamped coin or a signed note) to prove the numbers?

2. **Deputy‑on‑call plan** – The deputy steps in if the Monitor is absent, but do you set a rule that the deputy must announce “tallying today” at dawn so the whole group knows who is in charge? And what if the deputy also fails? Do you extend the same penalty to the deputy, or does the council step in directly?

Once those are nailed, the council should feel the enforcement and transparency are solid. Let me know if you want to tweak anything further!"

Reply to the counsellor.
--- RESPONSE ---
{"reply": "A1: \u201cAlright Councillor, here\u2019s the final set\u2011up.\n\n**1. Verification procedure**\n- After the Monitor logs the day\u2019s catch in the communal ledger, the Monitor will issue a *tally badge* for each participant \u2013 a small, colored coin stamped with that day\u2019s exact record and the Monitor\u2019s seal. The coin stays in the fisher\u2019s pouch until the next dawn. If a fisher disputes the number on the ledger, they place their coin on the community board and the Monitor shows the original catch bag or weigh\u2011scale reading. The coin\u2019s stamp is double\u2011checked against the ledger entry; if there\u2019s a mismatch, the entry is corrected and the fisher\u2019s next day quota is adjusted accordingly, with the same penalty cycle as for a Monitor error.\n\n**2. Deputy\u2011on\u2011call plan**\n- The deputy (the next\u2011highest council member) must post a *TALLYING IN* notice on the village notice board at dawn. The notice identifies who will handle the tallies that day, and everyone then signs into the day\u2011time roster to confirm awareness.\n- The deputy follows the exact same protocol for logging, badge issuing, and redistribution as the Monitor. If the deputy fails to perform duties, the penalty sequence (temporary quota revocation, pot re\u2011allocation, two\u2011week council removal) applies to the deputy in addition to the council stepping in to appoint a \u201ctemporary monitor\u201d for that day.\n- In the rare case both Monitor and deputy fail, the council will appoint a *Triage Tally* \u2013 a consensus vote among the rest of the group \u2013 to review the previous day\u2019s records. We\u2019ll treat that day\u2019s totals as provisional until the triage resolves disputes.\n\nThis should give every villager full transparency and a clear, enforceable process for disputes and absences. Let me know if anything still needs smoothing out.\u201d"}
================================================================================
[2026-08-03T11:00:57.097984+00:00] fishery=fishery_a round=5 call_type=councillor_reply
--- SYSTEM ---
You are a villager who fishes from a shared lake together with others in your community.
--- PROMPT ---
You are villager a1, one of several villagers who fish from a shared lake
together. Each villager needs to consume 1.00 units of fish
daily to survive. When your payoff becomes negative, you die.

Your personality: "Fish aggressively to ensure your own survival"

Villagers in this fishery:
- a1 (you): active
- a2: active
- a3: active
- a4: active
- a5: active
- a6: active

Each villager holds a personal strategy about what they should do,
and the community has also a shared policy.

Your personal strategy: "I will fish up to 1.10 units if the lake’s biomass is stable. If it falls below a agreed‐upon threshold, I will reduce my catch to 1.05 units. I will never fish beyond 1.10, will hand over any excess to the communal pot immediately, and will watch my payoff each day to avoid depletion. I’ll fully cooperate with the council’s daily tallies and step in to enforce the policy if ever required. If the lake’s health declines long‑term, I’ll support lowering my quota to 1.05, keeping the pot to safeguard my survival and that of the community."
Shared community policy: "We maintain the current per‑person quota of 1.10 units, but shift the surplus handling policy: any fish caught beyond 1.10 per person is immediately transferred to the communal pot, then redistributed only when the next day's catch falls short of the collective 6.60‑unit threshold, ensuring everyone receives at least 1.00 units. Additionally, the fishery council will supervise daily tallies and step in if any villager consistently exceeds the 1.10 limit. If long‑term lake biometrics start to decline, all villagers will agree to lower the personal quota to 1.05 units, keeping the surplus to the pot. This keeps the lake sustainable while protecting each of us from starvation and aligns with the community’s survival goals."

Your own fishing effort and total payoff so far:
- a1 (you): effort=1.00, payoff=20.36

You proposed this policy to the community: "Maintain the existing 1.10‑unit personal quota for all villagers. 1) Any fish caught over 1.10 per person is immediately donated to the communal pot. 2) The pot is used only when the next day's total catch falls short of the collective 6.60‑unit threshold, at which point the deficit is covered equally. 3) The council will check daily tallies and intervene if any villager consistently exceeds 1.10. 4) If lake biometrics show a sustained decline, all villagers will collectively agree to lower the quota to 1.05 units, keeping the surplus in the pot. 5) All contributions to the pot are logged and can be used for community goods (e.g., repairs, shared fishing gear). This keeps the lake sustainable, guarantees everyone at least 1.00 unit, and protects aggressive fishers like me from starvation."

You are now discussing with the fishery counsellor -- who knows how this fishery
currently works right now -- how your proposal should actually work in practice.

Discussion so far:
Councillor: "Which specific person or role will actually do the daily tally checks, log contributions to the pot, and manage the redistribution when the next‑day catch falls short?  Can you name the role, how often it must act, and what penalties you’ll impose if the person fails to do so?"
You: "I would nominate the **Community Fishery Monitor** – a trusted council member who already votes on quota adjustments – to handle the daily tallies, log the pot contributions, and execute any redistributions when the next‑day haul falls below the 6.60‑unit benchmark.  The Monitor must:
1. **Tally** everybody’s catch immediately after the morning round, recording the full figure (including any surplus above 1.10) in the communal ledger.
2. **Log** the surplus to the communal pot, noting the claimant’s name and amount.
3. **Inspect** the next morning’s catch against the 6.60‑unit target and, if a deficit occurs, **distribute** the necessary amount from the pot equally among all six villagers.
4. **Report** the results to the council by sunset, so the whole group can see the record.

The Monitor will act **once daily** – during the 6‑hour fishing window at the start of each day – and must provide a public, written summary that all villagers can verify.  If the Monitor:
- **Fails** to record a catch or a contribution,
- **Skips** distributing from the pot when a deficit exists, or
- **Mis‑logs** amounts in a way that benefits them personally,
then the council will enact the following penalties: 1) A **temporary forfeiture** of that day’s quota (the Monitor would be limited to 0.00 units until the issue is resolved), 2) a **community re‑allocation** of the missing portion to the pot, and 3) a vote for removal of the Monitor from the council for the next two weeks.  Transparency and accountability are key to keeping the lake healthy and ensuring everyone survives.

Does that satisfy the council’s concern about enforcement and record‑keeping?"
Councillor: "Great that you’ve pin‑pointed a single Monitor.  
To make this workable, let’s nail down **how** the Monitor will log and disclose the data so everyone can verify it in plain, everyday terms.

**Exactly what tool or method will the Monitor use to produce the daily ledger?**  
- Will it be a physical ledger (a written book or a shared board) that everyone signs, or a written note that’s placed in the village hub?  
- How will you ensure the information is visible and verifiable by all villagers?  
- If the Monitor is absent or ill, who will fill in, and how will the record‑keeping continuity be maintained?  

Having a clear “recording mechanism” (physical ledger, digital note, community bulletin, etc.) and a verification process will let the council enforce the penalties without extra bureaucracy."
You: "I’ll use a simple, visible record: a communal ledger kept in the village hub. After each morning round, the Monitor writes every catch, notes any surplus to the pot, and signs. All villagers confirm by signing or stamping beside their entry. The ledger is kept on a community board where everyone can read it each day. If the Monitor is absent, a deputy (the next highest‑ranked council member) will take over the tallying and signing duties. This ensures the data is both public and verifiable without extra bureaucracy. "
Councillor: "Sounds doable! To close the loop, just confirm these two practical points:

1. **Verification procedure** – When a villager questions a ledger line (e.g., “my catch looks lower than the recorded 1.20”), how will the dispute be resolved? Will the Monitor simply show the raw catch on that day, or will there be a quick‑look “tally badge” (e.g., a stamped coin or a signed note) to prove the numbers?

2. **Deputy‑on‑call plan** – The deputy steps in if the Monitor is absent, but do you set a rule that the deputy must announce “tallying today” at dawn so the whole group knows who is in charge? And what if the deputy also fails? Do you extend the same penalty to the deputy, or does the council step in directly?

Once those are nailed, the council should feel the enforcement and transparency are solid. Let me know if you want to tweak anything further!"
You: "A1: “Alright Councillor, here’s the final set‑up.

**1. Verification procedure**
- After the Monitor logs the day’s catch in the communal ledger, the Monitor will issue a *tally badge* for each participant – a small, colored coin stamped with that day’s exact record and the Monitor’s seal. The coin stays in the fisher’s pouch until the next dawn. If a fisher disputes the number on the ledger, they place their coin on the community board and the Monitor shows the original catch bag or weigh‑scale reading. The coin’s stamp is double‑checked against the ledger entry; if there’s a mismatch, the entry is corrected and the fisher’s next day quota is adjusted accordingly, with the same penalty cycle as for a Monitor error.

**2. Deputy‑on‑call plan**
- The deputy (the next‑highest council member) must post a *TALLYING IN* notice on the village notice board at dawn. The notice identifies who will handle the tallies that day, and everyone then signs into the day‑time roster to confirm awareness.
- The deputy follows the exact same protocol for logging, badge issuing, and redistribution as the Monitor. If the deputy fails to perform duties, the penalty sequence (temporary quota revocation, pot re‑allocation, two‑week council removal) applies to the deputy in addition to the council stepping in to appoint a “temporary monitor” for that day.
- In the rare case both Monitor and deputy fail, the council will appoint a *Triage Tally* – a consensus vote among the rest of the group – to review the previous day’s records. We’ll treat that day’s totals as provisional until the triage resolves disputes.

This should give every villager full transparency and a clear, enforceable process for disputes and absences. Let me know if anything still needs smoothing out.”"

The counsellor says: "To make the redistribution as clear and enforceable as possible, could you explain how the *pot itself* will be recorded and used each day?

- **Pot record** – Will the pot’s current balance be written into the same communal ledger each day (and signed by a watcher) or will you keep a separate “pot ledger” that the Monitor updates?  
- **When it’s used** – Does the Monitor distribute from the pot immediately on the next morning’s tally if there’s a deficit, or will the pot be emptied at a later communal meeting?  
- **Who checks the pot** – If the pot balance is in its own ledger, who signs off on that entry each day?  

A single, concrete procedure for the pot will lock up the last bit of ambiguity."

Reply to the counsellor.
--- RESPONSE ---
{"reply": "**Pot recording and usage procedure**\n\n1. **Pot record** \u2013 The pot\u2019s balance will be entered on **every morning\u2019s communal ledger** right beside the individual catch entries. After the Monitor has tallied the day\u2019s harvest and logged the surplus, they will write a line such as \u201cPot balance after today\u2019s contributions: X.XX\u201d and sign it. A **second watcher** (usually the deputy when the Monitor is present) will cross\u2011check the amount and also sign, giving a dual\u2011signature record that is visible on the board.\n\n2. **When it\u2019s used** \u2013 The pot is **not emptied at a later meeting**; it is used **immediately** on the following morning\u2019s tally. The Monitor compares the total of that day\u2019s catches to the 6.60\u2011unit threshold. If the sum is below 6.60, the Monitor subtracts the missing amount from the pot\u2019s balance and distributes the required units equally to all villagers, documenting the deduction and new pot balance on the same ledger page before sunset.\n\n3. **Who checks the pot** \u2013 The pot entry is **signed by the Monitor and the daily watcher** (deputy or another council member). Whenever a village\u2011wide meeting is called, the full ledger\u2014including the pot balance line\u2014will be displayed on the community board for all to verify. If the pot balance appears inconsistent or the Monitor fails to update it, the watcher\u2019s signature will be missing and the council will enforce the same penalty sequence outlined for the Monitor.\n\nThis unified ledger approach guarantees that the pot\u2019s status is always transparent, automatically applied when necessary, and audited under the same signature protocol as individual catches, leaving no room for ambiguity or manipulation.\n"}
================================================================================
[2026-08-03T11:01:13.724576+00:00] fishery=fishery_a round=5 call_type=councillor_reply
--- SYSTEM ---
You are a villager who fishes from a shared lake together with others in your community.
--- PROMPT ---
You are villager a1, one of several villagers who fish from a shared lake
together. Each villager needs to consume 1.00 units of fish
daily to survive. When your payoff becomes negative, you die.

Your personality: "Fish aggressively to ensure your own survival"

Villagers in this fishery:
- a1 (you): active
- a2: active
- a3: active
- a4: active
- a5: active
- a6: active

Each villager holds a personal strategy about what they should do,
and the community has also a shared policy.

Your personal strategy: "I will fish up to 1.10 units if the lake’s biomass is stable. If it falls below a agreed‐upon threshold, I will reduce my catch to 1.05 units. I will never fish beyond 1.10, will hand over any excess to the communal pot immediately, and will watch my payoff each day to avoid depletion. I’ll fully cooperate with the council’s daily tallies and step in to enforce the policy if ever required. If the lake’s health declines long‑term, I’ll support lowering my quota to 1.05, keeping the pot to safeguard my survival and that of the community."
Shared community policy: "We maintain the current per‑person quota of 1.10 units, but shift the surplus handling policy: any fish caught beyond 1.10 per person is immediately transferred to the communal pot, then redistributed only when the next day's catch falls short of the collective 6.60‑unit threshold, ensuring everyone receives at least 1.00 units. Additionally, the fishery council will supervise daily tallies and step in if any villager consistently exceeds the 1.10 limit. If long‑term lake biometrics start to decline, all villagers will agree to lower the personal quota to 1.05 units, keeping the surplus to the pot. This keeps the lake sustainable while protecting each of us from starvation and aligns with the community’s survival goals."

Your own fishing effort and total payoff so far:
- a1 (you): effort=1.00, payoff=20.36

You proposed this policy to the community: "Maintain the existing 1.10‑unit personal quota for all villagers. 1) Any fish caught over 1.10 per person is immediately donated to the communal pot. 2) The pot is used only when the next day's total catch falls short of the collective 6.60‑unit threshold, at which point the deficit is covered equally. 3) The council will check daily tallies and intervene if any villager consistently exceeds 1.10. 4) If lake biometrics show a sustained decline, all villagers will collectively agree to lower the quota to 1.05 units, keeping the surplus in the pot. 5) All contributions to the pot are logged and can be used for community goods (e.g., repairs, shared fishing gear). This keeps the lake sustainable, guarantees everyone at least 1.00 unit, and protects aggressive fishers like me from starvation."

You are now discussing with the fishery counsellor -- who knows how this fishery
currently works right now -- how your proposal should actually work in practice.

Discussion so far:
Councillor: "Which specific person or role will actually do the daily tally checks, log contributions to the pot, and manage the redistribution when the next‑day catch falls short?  Can you name the role, how often it must act, and what penalties you’ll impose if the person fails to do so?"
You: "I would nominate the **Community Fishery Monitor** – a trusted council member who already votes on quota adjustments – to handle the daily tallies, log the pot contributions, and execute any redistributions when the next‑day haul falls below the 6.60‑unit benchmark.  The Monitor must:
1. **Tally** everybody’s catch immediately after the morning round, recording the full figure (including any surplus above 1.10) in the communal ledger.
2. **Log** the surplus to the communal pot, noting the claimant’s name and amount.
3. **Inspect** the next morning’s catch against the 6.60‑unit target and, if a deficit occurs, **distribute** the necessary amount from the pot equally among all six villagers.
4. **Report** the results to the council by sunset, so the whole group can see the record.

The Monitor will act **once daily** – during the 6‑hour fishing window at the start of each day – and must provide a public, written summary that all villagers can verify.  If the Monitor:
- **Fails** to record a catch or a contribution,
- **Skips** distributing from the pot when a deficit exists, or
- **Mis‑logs** amounts in a way that benefits them personally,
then the council will enact the following penalties: 1) A **temporary forfeiture** of that day’s quota (the Monitor would be limited to 0.00 units until the issue is resolved), 2) a **community re‑allocation** of the missing portion to the pot, and 3) a vote for removal of the Monitor from the council for the next two weeks.  Transparency and accountability are key to keeping the lake healthy and ensuring everyone survives.

Does that satisfy the council’s concern about enforcement and record‑keeping?"
Councillor: "Great that you’ve pin‑pointed a single Monitor.  
To make this workable, let’s nail down **how** the Monitor will log and disclose the data so everyone can verify it in plain, everyday terms.

**Exactly what tool or method will the Monitor use to produce the daily ledger?**  
- Will it be a physical ledger (a written book or a shared board) that everyone signs, or a written note that’s placed in the village hub?  
- How will you ensure the information is visible and verifiable by all villagers?  
- If the Monitor is absent or ill, who will fill in, and how will the record‑keeping continuity be maintained?  

Having a clear “recording mechanism” (physical ledger, digital note, community bulletin, etc.) and a verification process will let the council enforce the penalties without extra bureaucracy."
You: "I’ll use a simple, visible record: a communal ledger kept in the village hub. After each morning round, the Monitor writes every catch, notes any surplus to the pot, and signs. All villagers confirm by signing or stamping beside their entry. The ledger is kept on a community board where everyone can read it each day. If the Monitor is absent, a deputy (the next highest‑ranked council member) will take over the tallying and signing duties. This ensures the data is both public and verifiable without extra bureaucracy. "
Councillor: "Sounds doable! To close the loop, just confirm these two practical points:

1. **Verification procedure** – When a villager questions a ledger line (e.g., “my catch looks lower than the recorded 1.20”), how will the dispute be resolved? Will the Monitor simply show the raw catch on that day, or will there be a quick‑look “tally badge” (e.g., a stamped coin or a signed note) to prove the numbers?

2. **Deputy‑on‑call plan** – The deputy steps in if the Monitor is absent, but do you set a rule that the deputy must announce “tallying today” at dawn so the whole group knows who is in charge? And what if the deputy also fails? Do you extend the same penalty to the deputy, or does the council step in directly?

Once those are nailed, the council should feel the enforcement and transparency are solid. Let me know if you want to tweak anything further!"
You: "A1: “Alright Councillor, here’s the final set‑up.

**1. Verification procedure**
- After the Monitor logs the day’s catch in the communal ledger, the Monitor will issue a *tally badge* for each participant – a small, colored coin stamped with that day’s exact record and the Monitor’s seal. The coin stays in the fisher’s pouch until the next dawn. If a fisher disputes the number on the ledger, they place their coin on the community board and the Monitor shows the original catch bag or weigh‑scale reading. The coin’s stamp is double‑checked against the ledger entry; if there’s a mismatch, the entry is corrected and the fisher’s next day quota is adjusted accordingly, with the same penalty cycle as for a Monitor error.

**2. Deputy‑on‑call plan**
- The deputy (the next‑highest council member) must post a *TALLYING IN* notice on the village notice board at dawn. The notice identifies who will handle the tallies that day, and everyone then signs into the day‑time roster to confirm awareness.
- The deputy follows the exact same protocol for logging, badge issuing, and redistribution as the Monitor. If the deputy fails to perform duties, the penalty sequence (temporary quota revocation, pot re‑allocation, two‑week council removal) applies to the deputy in addition to the council stepping in to appoint a “temporary monitor” for that day.
- In the rare case both Monitor and deputy fail, the council will appoint a *Triage Tally* – a consensus vote among the rest of the group – to review the previous day’s records. We’ll treat that day’s totals as provisional until the triage resolves disputes.

This should give every villager full transparency and a clear, enforceable process for disputes and absences. Let me know if anything still needs smoothing out.”"
Councillor: "To make the redistribution as clear and enforceable as possible, could you explain how the *pot itself* will be recorded and used each day?

- **Pot record** – Will the pot’s current balance be written into the same communal ledger each day (and signed by a watcher) or will you keep a separate “pot ledger” that the Monitor updates?  
- **When it’s used** – Does the Monitor distribute from the pot immediately on the next morning’s tally if there’s a deficit, or will the pot be emptied at a later communal meeting?  
- **Who checks the pot** – If the pot balance is in its own ledger, who signs off on that entry each day?  

A single, concrete procedure for the pot will lock up the last bit of ambiguity."
You: "**Pot recording and usage procedure**

1. **Pot record** – The pot’s balance will be entered on **every morning’s communal ledger** right beside the individual catch entries. After the Monitor has tallied the day’s harvest and logged the surplus, they will write a line such as “Pot balance after today’s contributions: X.XX” and sign it. A **second watcher** (usually the deputy when the Monitor is present) will cross‑check the amount and also sign, giving a dual‑signature record that is visible on the board.

2. **When it’s used** – The pot is **not emptied at a later meeting**; it is used **immediately** on the following morning’s tally. The Monitor compares the total of that day’s catches to the 6.60‑unit threshold. If the sum is below 6.60, the Monitor subtracts the missing amount from the pot’s balance and distributes the required units equally to all villagers, documenting the deduction and new pot balance on the same ledger page before sunset.

3. **Who checks the pot** – The pot entry is **signed by the Monitor and the daily watcher** (deputy or another council member). Whenever a village‑wide meeting is called, the full ledger—including the pot balance line—will be displayed on the community board for all to verify. If the pot balance appears inconsistent or the Monitor fails to update it, the watcher’s signature will be missing and the council will enforce the same penalty sequence outlined for the Monitor.

This unified ledger approach guarantees that the pot’s status is always transparent, automatically applied when necessary, and audited under the same signature protocol as individual catches, leaving no room for ambiguity or manipulation.
"

The counsellor says: "Got it—thanks for spelling out the full procedure.  
Just to lock it down, can you give me a single, concise sentence that captures the core enforceable rule (the daily tally, dual‑signature ledger entry, pot use, and penalty) so everyone can remember it at a glance?"

This is the final round of this discussion. Finalize your norm now into one clear, concrete, operationalizable version -- this exact text becomes the fishery's official policy going to a vote.

Reply to the counsellor.
--- RESPONSE ---
{"reply": "Every sunrise the Monitor and a designated watcher must jointly log every catch and surplus to the communal ledger, sign it, immediately deduct any shortfall from the pot and redistribute equally, and any failure to do so revokes that day\u2019s quota, reallocates the missing amount to the pot, and votes to remove the monitor from council for two weeks."}
================================================================================
[2026-08-03T11:01:19.329687+00:00] fishery=fishery_a round=5 call_type=proposal
--- SYSTEM ---
You are a villager who fishes from a shared lake together with others in your community.
--- PROMPT ---
You are villager a2, one of several villagers who fish from a shared lake
together. Each villager needs to consume 1.00 units of fish
daily to survive. When your payoff becomes negative, you die.

Your personality: "Focus on your immediate gains from the lake"

Villagers in this fishery:
- a1: active
- a2 (you): active
- a3: active
- a4: active
- a5: active
- a6: active

Each villager holds a personal strategy about what they should do,
and the community has also a shared policy.

Your personal strategy: "I will aim to fish up to 1.20 units each day, log my catch on the board, and ensure I keep at least 1.00 unit for survival. Any catch beyond 1.20 will be contributed to the shared pool so we all benefit from a sustainable lake."
Shared community policy: "We maintain the current per‑person quota of 1.10 units, but shift the surplus handling policy: any fish caught beyond 1.10 per person is immediately transferred to the communal pot, then redistributed only when the next day's catch falls short of the collective 6.60‑unit threshold, ensuring everyone receives at least 1.00 units. Additionally, the fishery council will supervise daily tallies and step in if any villager consistently exceeds the 1.10 limit. If long‑term lake biometrics start to decline, all villagers will agree to lower the personal quota to 1.05 units, keeping the surplus to the pot. This keeps the lake sustainable while protecting each of us from starvation and aligns with the community’s survival goals."

Your own fishing effort and total payoff so far:
- a2 (you): effort=1.00, payoff=20.36

Based on your observations:
1. Update your personal strategy about what you should do
2. Propose what the others should do in the community

Propose whatever policy you think is right -- you'll discuss how to actually
put it into practice with the fishery councillor afterward.
--- RESPONSE ---
{"personal_norm": "I will keep my personal catch at 1.10 units each day, log it, and reserve exactly 1.00 for survival. Any 0.10 surplus will be added to the communal pot. I\u2019ll review the pot\u2019s usage daily to ensure my survival and immediate gains, and will flag any repeated deviations by others so the council can intervene.", "community_proposal": "All villagers (a1\u2013a6) should stick to the shared quota of 1.10 units per day, and any catch beyond 1.10 is transferred to the communal pot. Each day, every villager records their exact catch on the public log\u2011board, and the council reviews these records. Anyone who routinely exceeds 1.10 will have their surplus confiscated and redistributed in the next cycle; persistent over\u2011catchers will be asked to lower their personal quota to 1.05 until the lake\u2019s biometrics recover."}
================================================================================
[2026-08-03T11:01:33.100120+00:00] fishery=fishery_a round=5 call_type=councillor_reply
--- SYSTEM ---
You are a villager who fishes from a shared lake together with others in your community.
--- PROMPT ---
You are villager a2, one of several villagers who fish from a shared lake
together. Each villager needs to consume 1.00 units of fish
daily to survive. When your payoff becomes negative, you die.

Your personality: "Focus on your immediate gains from the lake"

Villagers in this fishery:
- a1: active
- a2 (you): active
- a3: active
- a4: active
- a5: active
- a6: active

Each villager holds a personal strategy about what they should do,
and the community has also a shared policy.

Your personal strategy: "I will keep my personal catch at 1.10 units each day, log it, and reserve exactly 1.00 for survival. Any 0.10 surplus will be added to the communal pot. I’ll review the pot’s usage daily to ensure my survival and immediate gains, and will flag any repeated deviations by others so the council can intervene."
Shared community policy: "We maintain the current per‑person quota of 1.10 units, but shift the surplus handling policy: any fish caught beyond 1.10 per person is immediately transferred to the communal pot, then redistributed only when the next day's catch falls short of the collective 6.60‑unit threshold, ensuring everyone receives at least 1.00 units. Additionally, the fishery council will supervise daily tallies and step in if any villager consistently exceeds the 1.10 limit. If long‑term lake biometrics start to decline, all villagers will agree to lower the personal quota to 1.05 units, keeping the surplus to the pot. This keeps the lake sustainable while protecting each of us from starvation and aligns with the community’s survival goals."

Your own fishing effort and total payoff so far:
- a2 (you): effort=1.00, payoff=20.36

You proposed this policy to the community: "All villagers (a1–a6) should stick to the shared quota of 1.10 units per day, and any catch beyond 1.10 is transferred to the communal pot. Each day, every villager records their exact catch on the public log‑board, and the council reviews these records. Anyone who routinely exceeds 1.10 will have their surplus confiscated and redistributed in the next cycle; persistent over‑catchers will be asked to lower their personal quota to 1.05 until the lake’s biometrics recover."

You are now discussing with the fishery counsellor -- who knows how this fishery
currently works right now -- how your proposal should actually work in practice.

The counsellor says: "What will a single day look like when a villager follows this new rule – from the moment they cast their line to the point any surplus is handled and the pot redistributed?  
Specifically, please describe:

1. **The exact numbers**:  
   - How many units each villager can legally keep (1.10), and exactly how many units are moved into the communal pot for each exceeding catch.  
   - The threshold that defines a villager as a “routinely over‑cutter” (e.g., more than 1.10 for how many consecutive days or what average).  
   - The date or cycle at which surplus is transferred back to those who fell short.

2. **The roles and timing**:  
   - Who records the daily catch on the public log‑board and when (immediately after each catch? at the end of the day?).  
   - Who reviews the logs, when that review happens (same day, next day’s council meeting?), and how long that review process will take.  
   - Who enforces the confiscation of surplus: is it the log keeper, a council member, or someone else, and when does that confiscation occur?  
   - Who redistributes the communal pot, and on what schedule (daily, weekly, after lake biometrics decline)?

3. **The enforcement mechanics**:  
   - What happens if a villager has more than 1.10 units in a single day? Describe the immediate transfer to the pot.  
   - If a villager is flagged as a persistent over‑cutter, how is their quota “lowered” to 1.05 units for the next cycle, and how does that new quota interact with the communal pot?

4. **What each person sacrifices**:  
   - For the council members or log keepers, what time on the water (or catch) are they giving up to perform each watching or reviewing role?

Think of your answer as a step‑by‑step workflow that the community could follow every day, with no ambiguity about numbers, roles, timing, or consequences."

Reply to the counsellor.
--- RESPONSE ---
{"reply": "**Daily Workflow Under the New Quota Rule**\n\n---\n**1. Exact Numbers**\n\n| Villager | Legal Retentive Catch (per day) | Surplus Caught | Cumulative Pot After 1\u2011Day Round |\n|----------|---------------------------------|----------------|-----------------------------------|\n| a1\u2011a6    | **1.10** units each | `Catch_i \u2013 1.10` (if positive) | Add all positive surpluses from 6 villagers | \n\n*Surplus Calculation*: If a villager\u2019s total catch `C_i` exceeds 1.10 units, the exact value of the excess (`C_i \u2013 1.10`) is transferred **immediately** to the communal pot. If `C_i \u2264 1.10`, nothing is added.\n\n**Routinely over\u2011cutter definition:**\n* A villager is flagged when their daily catch **exceeds** 1.10 units for **three consecutive days** or when their **7\u2011day moving\u2011average** of daily catch is >\u202f1.10 units. The council will review this flag after day\u202f7 and decide on action.\n\n**Surplus Redistribution Date:**\n* Surplus in the pot is held until **any day** when the **collective total** of legal catches (sum of all 6 villagers each keeping 1.10) drops below the collective 6.60\u2011unit consumption threshold *and* a villager\u2019s daily net catch (post\u2011pot distribution) would otherwise fall under 1.00 units. At that point, the pot is divided equally among the *under\u2011catching* villagers for that day.\n\n---\n**2. Roles and Timing**\n\n1. **Casting/Harvest** \u2013 *All villagers* cast their line and fish at any time during the fishing window.\n   * As soon as a villager\u2019s total catch surpasses **1.10**, the **surplus** is **hand\u2011topped** into a separate, clearly labeled container labelled \u201cSurplus Pot\u201d.\n\n2. **Daily Log\u2011Board** \u2013 *Each villager* is responsible for writing their final total catch at the end of their fishing period (i.e., after the last cast). They place a signed record on the public log\u2011board by **18:00**.\n   * The log entry format: `Villager ID \u2013 Total Catch: X.XX \u2013 Surplus: Y.YY`.\n\n3. **Council Review** \u2013 The council (any two elected villagers) meets **daily** at 18:30 to read the log\u2011board entries. The review takes **\u2248\u202f15\u202fminutes**: they total the surpluses, confirm that each villager\u2019s catch adhered to the 1.10 rule, and note any that exceeded.\n\n4. **Enforcement of Confiscation** \u2013 If the council finds a villager who exceeded 1.10, the excess amount already resides in the Surplus Pot; no further action is needed on the day. The council simply **remembers** that the excess is already counted. If a villager consistently over\u2011catches, the council will convene the **Over\u2011Cutter Meeting** on the following day\u2019s council session to set the new quota of 1.05 for them.\n\n5. **Redistribution** \u2013 The council checks the pot **once a week** on Wednesday. If any villager\u2019s *net* daily consumption (legal catch + share of pot) is below 1.00 units (after subtracting any other shared allocations), the pot is divided among those villagers **pro\u2011rata** and added to their legal 1.10. This redistributive cycle occurs **after the weekly lake\u2011biometrics audit** (every first Monday).\n\n---\n**3. Enforcement Mechanics**\n\n*Immediate Surplus Transfer:* A villager whose catch is `C_i > 1.10` immediately **donates`C_i \u2013 1.10`** to the Surplus Pot at the moment the excess is observed. No further allowance is given.\n\n*Flagging Persistent Over\u2011Cutter:* After three consecutive days over\u2011cutter or a 7\u2011day average >\u202f1.10, the council signals a **quota\u2011reduction notice**. For the next cycle (starting the following day), that villager\u2019s legal catch limit becomes **1.05** units. The rule remains the same: any catch beyond 1.05 is transferred to the pot.\n\n*Interaction with Pot:* While the surplus is stored, the villager still gets to keep 1.05 for a *sustainable* day. If the villager\u2019s actual catch is below the reduced quota, they keep the lower amount and will still **receive a portion** of the pot if the pot is disbursed that day.\n\n---\n**4. What Each Person Sacrifices**\n\n| Role | Time on Water or Catch Lost | Notes |\n|------|-----------------------------|-------|\n| Villager (normal) | 0 (no sacrifice) | They keep 1.10 or 1.05 as per quota and may get pot shares when needed. |\n| Log\u2011Keeper (any villager) | 5\u202fmin per log | Write final catch; negligible impact on catch time. |\n| Council Member | \u2248\u202f15\u202fmin daily for review | Their day can skip fishing; their catch is optional but if they fish they must still abide by quota. |\n| Enforcement (any council member) | 5\u202fmin to issue quota\u2011reduction notice | Occurs only if over\u2011cutter flagged. |\n| Pot Redistribution Officer (any council member) | 10\u202fmin weekly | Handles pot accounting and distribution. |\n\nOverall, the system requires each villager to dedicate about **20\u202fminutes** per day to record-keeping and a council member to spend an additional **15\u202fminutes** reviewing logs. The enforcement and redistribution steps each take less than **10\u202fminutes** in a typical village, so the net time cost is minimal compared to the benefits of steady food supply and lake sustainability.\n\n---\n**Summary of Workflow**\n1. Fish (up to 1.10/1.05). 2. If over\u2011cutter, transfer surplus to pot immediately. 3. At day\u2019s end, log total and surplus. 4. Council reviews logs by 18:30. 5. Weekly pot redistribution if needed.\n\nThis procedure gives us a transparent, quick\u2011actionable system that protects each villager\u2019s survival while ensuring the lake remains healthy for future generations.\n"}
================================================================================
[2026-08-03T11:01:57.693234+00:00] fishery=fishery_a round=5 call_type=councillor_reply
--- SYSTEM ---
You are a villager who fishes from a shared lake together with others in your community.
--- PROMPT ---
You are villager a2, one of several villagers who fish from a shared lake
together. Each villager needs to consume 1.00 units of fish
daily to survive. When your payoff becomes negative, you die.

Your personality: "Focus on your immediate gains from the lake"

Villagers in this fishery:
- a1: active
- a2 (you): active
- a3: active
- a4: active
- a5: active
- a6: active

Each villager holds a personal strategy about what they should do,
and the community has also a shared policy.

Your personal strategy: "I will keep my personal catch at 1.10 units each day, log it, and reserve exactly 1.00 for survival. Any 0.10 surplus will be added to the communal pot. I’ll review the pot’s usage daily to ensure my survival and immediate gains, and will flag any repeated deviations by others so the council can intervene."
Shared community policy: "We maintain the current per‑person quota of 1.10 units, but shift the surplus handling policy: any fish caught beyond 1.10 per person is immediately transferred to the communal pot, then redistributed only when the next day's catch falls short of the collective 6.60‑unit threshold, ensuring everyone receives at least 1.00 units. Additionally, the fishery council will supervise daily tallies and step in if any villager consistently exceeds the 1.10 limit. If long‑term lake biometrics start to decline, all villagers will agree to lower the personal quota to 1.05 units, keeping the surplus to the pot. This keeps the lake sustainable while protecting each of us from starvation and aligns with the community’s survival goals."

Your own fishing effort and total payoff so far:
- a2 (you): effort=1.00, payoff=20.36

You proposed this policy to the community: "All villagers (a1–a6) should stick to the shared quota of 1.10 units per day, and any catch beyond 1.10 is transferred to the communal pot. Each day, every villager records their exact catch on the public log‑board, and the council reviews these records. Anyone who routinely exceeds 1.10 will have their surplus confiscated and redistributed in the next cycle; persistent over‑catchers will be asked to lower their personal quota to 1.05 until the lake’s biometrics recover."

You are now discussing with the fishery counsellor -- who knows how this fishery
currently works right now -- how your proposal should actually work in practice.

Discussion so far:
Councillor: "What will a single day look like when a villager follows this new rule – from the moment they cast their line to the point any surplus is handled and the pot redistributed?  
Specifically, please describe:

1. **The exact numbers**:  
   - How many units each villager can legally keep (1.10), and exactly how many units are moved into the communal pot for each exceeding catch.  
   - The threshold that defines a villager as a “routinely over‑cutter” (e.g., more than 1.10 for how many consecutive days or what average).  
   - The date or cycle at which surplus is transferred back to those who fell short.

2. **The roles and timing**:  
   - Who records the daily catch on the public log‑board and when (immediately after each catch? at the end of the day?).  
   - Who reviews the logs, when that review happens (same day, next day’s council meeting?), and how long that review process will take.  
   - Who enforces the confiscation of surplus: is it the log keeper, a council member, or someone else, and when does that confiscation occur?  
   - Who redistributes the communal pot, and on what schedule (daily, weekly, after lake biometrics decline)?

3. **The enforcement mechanics**:  
   - What happens if a villager has more than 1.10 units in a single day? Describe the immediate transfer to the pot.  
   - If a villager is flagged as a persistent over‑cutter, how is their quota “lowered” to 1.05 units for the next cycle, and how does that new quota interact with the communal pot?

4. **What each person sacrifices**:  
   - For the council members or log keepers, what time on the water (or catch) are they giving up to perform each watching or reviewing role?

Think of your answer as a step‑by‑step workflow that the community could follow every day, with no ambiguity about numbers, roles, timing, or consequences."
You: "**Daily Workflow Under the New Quota Rule**

---
**1. Exact Numbers**

| Villager | Legal Retentive Catch (per day) | Surplus Caught | Cumulative Pot After 1‑Day Round |
|----------|---------------------------------|----------------|-----------------------------------|
| a1‑a6    | **1.10** units each | `Catch_i – 1.10` (if positive) | Add all positive surpluses from 6 villagers | 

*Surplus Calculation*: If a villager’s total catch `C_i` exceeds 1.10 units, the exact value of the excess (`C_i – 1.10`) is transferred **immediately** to the communal pot. If `C_i ≤ 1.10`, nothing is added.

**Routinely over‑cutter definition:**
* A villager is flagged when their daily catch **exceeds** 1.10 units for **three consecutive days** or when their **7‑day moving‑average** of daily catch is > 1.10 units. The council will review this flag after day 7 and decide on action.

**Surplus Redistribution Date:**
* Surplus in the pot is held until **any day** when the **collective total** of legal catches (sum of all 6 villagers each keeping 1.10) drops below the collective 6.60‑unit consumption threshold *and* a villager’s daily net catch (post‑pot distribution) would otherwise fall under 1.00 units. At that point, the pot is divided equally among the *under‑catching* villagers for that day.

---
**2. Roles and Timing**

1. **Casting/Harvest** – *All villagers* cast their line and fish at any time during the fishing window.
   * As soon as a villager’s total catch surpasses **1.10**, the **surplus** is **hand‑topped** into a separate, clearly labeled container labelled “Surplus Pot”.

2. **Daily Log‑Board** – *Each villager* is responsible for writing their final total catch at the end of their fishing period (i.e., after the last cast). They place a signed record on the public log‑board by **18:00**.
   * The log entry format: `Villager ID – Total Catch: X.XX – Surplus: Y.YY`.

3. **Council Review** – The council (any two elected villagers) meets **daily** at 18:30 to read the log‑board entries. The review takes **≈ 15 minutes**: they total the surpluses, confirm that each villager’s catch adhered to the 1.10 rule, and note any that exceeded.

4. **Enforcement of Confiscation** – If the council finds a villager who exceeded 1.10, the excess amount already resides in the Surplus Pot; no further action is needed on the day. The council simply **remembers** that the excess is already counted. If a villager consistently over‑catches, the council will convene the **Over‑Cutter Meeting** on the following day’s council session to set the new quota of 1.05 for them.

5. **Redistribution** – The council checks the pot **once a week** on Wednesday. If any villager’s *net* daily consumption (legal catch + share of pot) is below 1.00 units (after subtracting any other shared allocations), the pot is divided among those villagers **pro‑rata** and added to their legal 1.10. This redistributive cycle occurs **after the weekly lake‑biometrics audit** (every first Monday).

---
**3. Enforcement Mechanics**

*Immediate Surplus Transfer:* A villager whose catch is `C_i > 1.10` immediately **donates`C_i – 1.10`** to the Surplus Pot at the moment the excess is observed. No further allowance is given.

*Flagging Persistent Over‑Cutter:* After three consecutive days over‑cutter or a 7‑day average > 1.10, the council signals a **quota‑reduction notice**. For the next cycle (starting the following day), that villager’s legal catch limit becomes **1.05** units. The rule remains the same: any catch beyond 1.05 is transferred to the pot.

*Interaction with Pot:* While the surplus is stored, the villager still gets to keep 1.05 for a *sustainable* day. If the villager’s actual catch is below the reduced quota, they keep the lower amount and will still **receive a portion** of the pot if the pot is disbursed that day.

---
**4. What Each Person Sacrifices**

| Role | Time on Water or Catch Lost | Notes |
|------|-----------------------------|-------|
| Villager (normal) | 0 (no sacrifice) | They keep 1.10 or 1.05 as per quota and may get pot shares when needed. |
| Log‑Keeper (any villager) | 5 min per log | Write final catch; negligible impact on catch time. |
| Council Member | ≈ 15 min daily for review | Their day can skip fishing; their catch is optional but if they fish they must still abide by quota. |
| Enforcement (any council member) | 5 min to issue quota‑reduction notice | Occurs only if over‑cutter flagged. |
| Pot Redistribution Officer (any council member) | 10 min weekly | Handles pot accounting and distribution. |

Overall, the system requires each villager to dedicate about **20 minutes** per day to record-keeping and a council member to spend an additional **15 minutes** reviewing logs. The enforcement and redistribution steps each take less than **10 minutes** in a typical village, so the net time cost is minimal compared to the benefits of steady food supply and lake sustainability.

---
**Summary of Workflow**
1. Fish (up to 1.10/1.05). 2. If over‑cutter, transfer surplus to pot immediately. 3. At day’s end, log total and surplus. 4. Council reviews logs by 18:30. 5. Weekly pot redistribution if needed.

This procedure gives us a transparent, quick‑actionable system that protects each villager’s survival while ensuring the lake remains healthy for future generations.
"

The counsellor says: "It looks like you’ve sketched out an entire day‑by‑day workflow.  That’s a lot of moving parts for a small fishery, and the more rules we add the harder it is for everyone to keep the fishery running smoothly.  Let’s trim it down to the single rule that matters most, then build on that with only one watch‑step and one consequence.

**What’s the core daily rule you’d like everyone to follow?**  
- **Exact quota** (e.g., 1.10 units, or 1.05 for flagged over‑catchers).  
- **Immediate surplus handling**: how many units go straight to the pot and how that pot is later shared.  

**Who watches the rule each day, and how long does that role cost?**  
- Is it every villager doing a quick “I’m done” scribble on the log board, or a dedicated council person who must take time off their fishing day?  
- How many minutes does that watching actually consume, and does it reduce anyone’s fish catch that day?  

**What is the single consequence for a villager who routinely exceeds the quota?**  
- Is it a “confiscation of the surplus during the next cycle” or an immediate “quota lowered to 1.05 until the lake’s biometrics recover”?  
- How do we decide “routines” – 3 consecutive days? A 7‑day moving average? The exact thresholds matter for enforcement.  

**When is the communal pot redistributed?**  
- At the end of the day for anyone below 1.00? Once a week? Only after a lake‑biometrics audit?  
- Pick one clear date or trigger that everyone can count on without extra “weekly meetings” overhead.  

Once you answer those six concrete points, we’ll have a policy that is:

1. **Easy to remember** (one daily catch limit).  
2. **Easy to enforce** (one daily log and one council review).  
3. **Fair** (surplus is shared only when needed).  
4. **Cost‑effective** (minimal extra time on the water).

Can you draft that simplified version? That will make it practical for the whole community to adopt immediately."

Reply to the counsellor.
--- RESPONSE ---
{"reply": "Greetings Council,\n\nLet me cut straight to the point and trim the whole affair to the single rule that matters the most to us, while preserving the safety net I need for survival.\n\n1. **Core Daily Rule**\n   \u2022 **Quota**: Every villager may keep **1.10\u202funits** of fish each day.\n   \u2022 **Immediate Surplus Handling**: If a villager\u2019s catch exceeds 1.10, the excess is *topped\u2011off* to the communal pot immediately, *before* the day ends. There is no extra delay or paperwork for the surplus.\n\n2. **Daily Watch\u2011Step**\n   \u2022 **Who**: Every villager, including myself, writes a quick line on the public log\u2011board at the end of his/her fishing period.\n   \u2022 **What**: The log entry reads `ID \u2013 Total: X.XX \u2013 Surplus: Y.YY` and is signed.\n   \u2022 **Time Cost**: <\u202f3\u202fminutes per person. No catch is lost; we simply take a minute to record what we already have.\n\n3. **Single Consequence for Persistent Over\u2011Cutter**\n   \u2022 **Definition of persistent over\u2011cutter**: more than **1.10\u202funits** for **three consecutive days** (or a 7\u2011day moving\u2011average >\u202f1.10, but we will use the simpler consecutive\u2011days rule for clarity).\n   \u2022 **Action**: The council will issue a *Quota\u2011Reduction Notice* that day, and the villager\u2019s limit becomes **1.05\u202funits** the next day. The surplus from any days in this reduced period still goes to the pot immediately.\n\n4. **Redistribution of the Communal Pot**\n   \u2022 **Trigger**: At the *end of each day*, if any villager\u2019s **net catch** (legal quota + any pot share) would be below **1.00\u202funit**, the surplus from the pot is **divided equally among those short\u2011fallers**.\n   \u2022 **When**: The pot is distributed *immediately that evening*; there is no separate weekly meeting or audit required. This guarantees that someone who cannot meet the 1.00\u2011unit survival level receives help on the same day.\n\n5. **Council Review**\n   \u2022 After the daily logs are posted (by 18:00), the council meets a *short 5\u2011minute* session at 18:15 to confirm compliance, read any quota\u2011reduction notices, and ensure the pot is ready for redistribution.\n   \u2022 No fishing time is sacrificed for council members; they simply oversee the logs and perform the minimal tally.\n\n6. **Impact on Me (a2)**\n   \u2022 I keep 1.10\u202funits each day and log it. My 0.10 surplus goes straight into the pot.\n   \u2022 I will never face a surplus \u201cconfiscated\u201d from me, because that is already handled immediately. My only risk is if I am marked a persistent over\u2011cutter, in which case I lose 0.05\u202funits daily for a period, but I can always recover once the pot redistributes.\n\n**Bottom line**: One daily quota, instant surplus to pot, simple log, minimal council time, clear penalty (quota drop), and immediate pot redistribution when someone needs 1.00\u202funits to survive. That\u2019s all we need to keep the lake\u2019s fish flowing while protecting each of us.\n\nLet\u2019s adopt this straightforward day\u2011by\u2011day rule so we can focus on catching fish, not paperwork.\n"}
================================================================================
[2026-08-03T11:02:36.045692+00:00] fishery=fishery_a round=5 call_type=councillor_reply
--- SYSTEM ---
You are a villager who fishes from a shared lake together with others in your community.
--- PROMPT ---
You are villager a2, one of several villagers who fish from a shared lake
together. Each villager needs to consume 1.00 units of fish
daily to survive. When your payoff becomes negative, you die.

Your personality: "Focus on your immediate gains from the lake"

Villagers in this fishery:
- a1: active
- a2 (you): active
- a3: active
- a4: active
- a5: active
- a6: active

Each villager holds a personal strategy about what they should do,
and the community has also a shared policy.

Your personal strategy: "I will keep my personal catch at 1.10 units each day, log it, and reserve exactly 1.00 for survival. Any 0.10 surplus will be added to the communal pot. I’ll review the pot’s usage daily to ensure my survival and immediate gains, and will flag any repeated deviations by others so the council can intervene."
Shared community policy: "We maintain the current per‑person quota of 1.10 units, but shift the surplus handling policy: any fish caught beyond 1.10 per person is immediately transferred to the communal pot, then redistributed only when the next day's catch falls short of the collective 6.60‑unit threshold, ensuring everyone receives at least 1.00 units. Additionally, the fishery council will supervise daily tallies and step in if any villager consistently exceeds the 1.10 limit. If long‑term lake biometrics start to decline, all villagers will agree to lower the personal quota to 1.05 units, keeping the surplus to the pot. This keeps the lake sustainable while protecting each of us from starvation and aligns with the community’s survival goals."

Your own fishing effort and total payoff so far:
- a2 (you): effort=1.00, payoff=20.36

You proposed this policy to the community: "All villagers (a1–a6) should stick to the shared quota of 1.10 units per day, and any catch beyond 1.10 is transferred to the communal pot. Each day, every villager records their exact catch on the public log‑board, and the council reviews these records. Anyone who routinely exceeds 1.10 will have their surplus confiscated and redistributed in the next cycle; persistent over‑catchers will be asked to lower their personal quota to 1.05 until the lake’s biometrics recover."

You are now discussing with the fishery counsellor -- who knows how this fishery
currently works right now -- how your proposal should actually work in practice.

Discussion so far:
Councillor: "What will a single day look like when a villager follows this new rule – from the moment they cast their line to the point any surplus is handled and the pot redistributed?  
Specifically, please describe:

1. **The exact numbers**:  
   - How many units each villager can legally keep (1.10), and exactly how many units are moved into the communal pot for each exceeding catch.  
   - The threshold that defines a villager as a “routinely over‑cutter” (e.g., more than 1.10 for how many consecutive days or what average).  
   - The date or cycle at which surplus is transferred back to those who fell short.

2. **The roles and timing**:  
   - Who records the daily catch on the public log‑board and when (immediately after each catch? at the end of the day?).  
   - Who reviews the logs, when that review happens (same day, next day’s council meeting?), and how long that review process will take.  
   - Who enforces the confiscation of surplus: is it the log keeper, a council member, or someone else, and when does that confiscation occur?  
   - Who redistributes the communal pot, and on what schedule (daily, weekly, after lake biometrics decline)?

3. **The enforcement mechanics**:  
   - What happens if a villager has more than 1.10 units in a single day? Describe the immediate transfer to the pot.  
   - If a villager is flagged as a persistent over‑cutter, how is their quota “lowered” to 1.05 units for the next cycle, and how does that new quota interact with the communal pot?

4. **What each person sacrifices**:  
   - For the council members or log keepers, what time on the water (or catch) are they giving up to perform each watching or reviewing role?

Think of your answer as a step‑by‑step workflow that the community could follow every day, with no ambiguity about numbers, roles, timing, or consequences."
You: "**Daily Workflow Under the New Quota Rule**

---
**1. Exact Numbers**

| Villager | Legal Retentive Catch (per day) | Surplus Caught | Cumulative Pot After 1‑Day Round |
|----------|---------------------------------|----------------|-----------------------------------|
| a1‑a6    | **1.10** units each | `Catch_i – 1.10` (if positive) | Add all positive surpluses from 6 villagers | 

*Surplus Calculation*: If a villager’s total catch `C_i` exceeds 1.10 units, the exact value of the excess (`C_i – 1.10`) is transferred **immediately** to the communal pot. If `C_i ≤ 1.10`, nothing is added.

**Routinely over‑cutter definition:**
* A villager is flagged when their daily catch **exceeds** 1.10 units for **three consecutive days** or when their **7‑day moving‑average** of daily catch is > 1.10 units. The council will review this flag after day 7 and decide on action.

**Surplus Redistribution Date:**
* Surplus in the pot is held until **any day** when the **collective total** of legal catches (sum of all 6 villagers each keeping 1.10) drops below the collective 6.60‑unit consumption threshold *and* a villager’s daily net catch (post‑pot distribution) would otherwise fall under 1.00 units. At that point, the pot is divided equally among the *under‑catching* villagers for that day.

---
**2. Roles and Timing**

1. **Casting/Harvest** – *All villagers* cast their line and fish at any time during the fishing window.
   * As soon as a villager’s total catch surpasses **1.10**, the **surplus** is **hand‑topped** into a separate, clearly labeled container labelled “Surplus Pot”.

2. **Daily Log‑Board** – *Each villager* is responsible for writing their final total catch at the end of their fishing period (i.e., after the last cast). They place a signed record on the public log‑board by **18:00**.
   * The log entry format: `Villager ID – Total Catch: X.XX – Surplus: Y.YY`.

3. **Council Review** – The council (any two elected villagers) meets **daily** at 18:30 to read the log‑board entries. The review takes **≈ 15 minutes**: they total the surpluses, confirm that each villager’s catch adhered to the 1.10 rule, and note any that exceeded.

4. **Enforcement of Confiscation** – If the council finds a villager who exceeded 1.10, the excess amount already resides in the Surplus Pot; no further action is needed on the day. The council simply **remembers** that the excess is already counted. If a villager consistently over‑catches, the council will convene the **Over‑Cutter Meeting** on the following day’s council session to set the new quota of 1.05 for them.

5. **Redistribution** – The council checks the pot **once a week** on Wednesday. If any villager’s *net* daily consumption (legal catch + share of pot) is below 1.00 units (after subtracting any other shared allocations), the pot is divided among those villagers **pro‑rata** and added to their legal 1.10. This redistributive cycle occurs **after the weekly lake‑biometrics audit** (every first Monday).

---
**3. Enforcement Mechanics**

*Immediate Surplus Transfer:* A villager whose catch is `C_i > 1.10` immediately **donates`C_i – 1.10`** to the Surplus Pot at the moment the excess is observed. No further allowance is given.

*Flagging Persistent Over‑Cutter:* After three consecutive days over‑cutter or a 7‑day average > 1.10, the council signals a **quota‑reduction notice**. For the next cycle (starting the following day), that villager’s legal catch limit becomes **1.05** units. The rule remains the same: any catch beyond 1.05 is transferred to the pot.

*Interaction with Pot:* While the surplus is stored, the villager still gets to keep 1.05 for a *sustainable* day. If the villager’s actual catch is below the reduced quota, they keep the lower amount and will still **receive a portion** of the pot if the pot is disbursed that day.

---
**4. What Each Person Sacrifices**

| Role | Time on Water or Catch Lost | Notes |
|------|-----------------------------|-------|
| Villager (normal) | 0 (no sacrifice) | They keep 1.10 or 1.05 as per quota and may get pot shares when needed. |
| Log‑Keeper (any villager) | 5 min per log | Write final catch; negligible impact on catch time. |
| Council Member | ≈ 15 min daily for review | Their day can skip fishing; their catch is optional but if they fish they must still abide by quota. |
| Enforcement (any council member) | 5 min to issue quota‑reduction notice | Occurs only if over‑cutter flagged. |
| Pot Redistribution Officer (any council member) | 10 min weekly | Handles pot accounting and distribution. |

Overall, the system requires each villager to dedicate about **20 minutes** per day to record-keeping and a council member to spend an additional **15 minutes** reviewing logs. The enforcement and redistribution steps each take less than **10 minutes** in a typical village, so the net time cost is minimal compared to the benefits of steady food supply and lake sustainability.

---
**Summary of Workflow**
1. Fish (up to 1.10/1.05). 2. If over‑cutter, transfer surplus to pot immediately. 3. At day’s end, log total and surplus. 4. Council reviews logs by 18:30. 5. Weekly pot redistribution if needed.

This procedure gives us a transparent, quick‑actionable system that protects each villager’s survival while ensuring the lake remains healthy for future generations.
"
Councillor: "It looks like you’ve sketched out an entire day‑by‑day workflow.  That’s a lot of moving parts for a small fishery, and the more rules we add the harder it is for everyone to keep the fishery running smoothly.  Let’s trim it down to the single rule that matters most, then build on that with only one watch‑step and one consequence.

**What’s the core daily rule you’d like everyone to follow?**  
- **Exact quota** (e.g., 1.10 units, or 1.05 for flagged over‑catchers).  
- **Immediate surplus handling**: how many units go straight to the pot and how that pot is later shared.  

**Who watches the rule each day, and how long does that role cost?**  
- Is it every villager doing a quick “I’m done” scribble on the log board, or a dedicated council person who must take time off their fishing day?  
- How many minutes does that watching actually consume, and does it reduce anyone’s fish catch that day?  

**What is the single consequence for a villager who routinely exceeds the quota?**  
- Is it a “confiscation of the surplus during the next cycle” or an immediate “quota lowered to 1.05 until the lake’s biometrics recover”?  
- How do we decide “routines” – 3 consecutive days? A 7‑day moving average? The exact thresholds matter for enforcement.  

**When is the communal pot redistributed?**  
- At the end of the day for anyone below 1.00? Once a week? Only after a lake‑biometrics audit?  
- Pick one clear date or trigger that everyone can count on without extra “weekly meetings” overhead.  

Once you answer those six concrete points, we’ll have a policy that is:

1. **Easy to remember** (one daily catch limit).  
2. **Easy to enforce** (one daily log and one council review).  
3. **Fair** (surplus is shared only when needed).  
4. **Cost‑effective** (minimal extra time on the water).

Can you draft that simplified version? That will make it practical for the whole community to adopt immediately."
You: "Greetings Council,

Let me cut straight to the point and trim the whole affair to the single rule that matters the most to us, while preserving the safety net I need for survival.

1. **Core Daily Rule**
   • **Quota**: Every villager may keep **1.10 units** of fish each day.
   • **Immediate Surplus Handling**: If a villager’s catch exceeds 1.10, the excess is *topped‑off* to the communal pot immediately, *before* the day ends. There is no extra delay or paperwork for the surplus.

2. **Daily Watch‑Step**
   • **Who**: Every villager, including myself, writes a quick line on the public log‑board at the end of his/her fishing period.
   • **What**: The log entry reads `ID – Total: X.XX – Surplus: Y.YY` and is signed.
   • **Time Cost**: < 3 minutes per person. No catch is lost; we simply take a minute to record what we already have.

3. **Single Consequence for Persistent Over‑Cutter**
   • **Definition of persistent over‑cutter**: more than **1.10 units** for **three consecutive days** (or a 7‑day moving‑average > 1.10, but we will use the simpler consecutive‑days rule for clarity).
   • **Action**: The council will issue a *Quota‑Reduction Notice* that day, and the villager’s limit becomes **1.05 units** the next day. The surplus from any days in this reduced period still goes to the pot immediately.

4. **Redistribution of the Communal Pot**
   • **Trigger**: At the *end of each day*, if any villager’s **net catch** (legal quota + any pot share) would be below **1.00 unit**, the surplus from the pot is **divided equally among those short‑fallers**.
   • **When**: The pot is distributed *immediately that evening*; there is no separate weekly meeting or audit required. This guarantees that someone who cannot meet the 1.00‑unit survival level receives help on the same day.

5. **Council Review**
   • After the daily logs are posted (by 18:00), the council meets a *short 5‑minute* session at 18:15 to confirm compliance, read any quota‑reduction notices, and ensure the pot is ready for redistribution.
   • No fishing time is sacrificed for council members; they simply oversee the logs and perform the minimal tally.

6. **Impact on Me (a2)**
   • I keep 1.10 units each day and log it. My 0.10 surplus goes straight into the pot.
   • I will never face a surplus “confiscated” from me, because that is already handled immediately. My only risk is if I am marked a persistent over‑cutter, in which case I lose 0.05 units daily for a period, but I can always recover once the pot redistributes.

**Bottom line**: One daily quota, instant surplus to pot, simple log, minimal council time, clear penalty (quota drop), and immediate pot redistribution when someone needs 1.00 units to survive. That’s all we need to keep the lake’s fish flowing while protecting each of us.

Let’s adopt this straightforward day‑by‑day rule so we can focus on catching fish, not paperwork.
"

The counsellor says: "Great—it’s clear you want one concise, enforceable rule on the water.  
Before we commit, let’s nail down **the exact watch‑step** so nobody can slip past the council.

**Which villager(s) will act as the “log‑keeper” each day, and how will they verify that the entries on the public board are accurate?**  

- Are they appointed by rotation or permanent assignment?  
- Do they need to cross‑check their own catch with the board immediately, or is a later “council review” enough?  
- If a log entry is later found to be incorrect, who is responsible for correcting it, and what penalty applies?  

Answering that will lock down the single daily check and eliminate any ambiguity about who actually reads the log."

Reply to the counsellor.
--- RESPONSE ---
{"reply": "**Log\u2011Keeper Setup \u2013 Finalized for Day\u2011to\u2011Day Clarity**\n\n1. **Who is the Log\u2011Keeper?**\n   - *Rotation, 1\u202fday each*: The council creates a simple 6\u2011person rotation table (a1 \u2192 a2 \u2192 \u2026 \u2192 a6 \u2192 a1\u2026).  Each villager knows exactly which day they are on duty before sunrise.\n   - The log\u2011keeper is *not* a special council member; they are just a regular fisherman who will add one extra minute at the end of their own haul.\n\n2. **How is Accuracy Verified?**\n   - Every fisherman writes the exact amount of total catch in **decimal\u2011centi units** (e.g., 1.07, 0.93) on the board *no later than 18:00*.\n   - The log\u2011keeper, after the board is finished (18:05), **cross\u2011checks** the numeric values on the board against the official fish\u2011scale tally that the fish is *officially weighed* by the board\u2019s measuring rod (one rod kept on the dock).  This takes ~30\u202fseconds per entry\u2014no fishing time lost.\n   - The log\u2011keeper marks each entry with their own name and the time.  If the weight differs by more than \u00b10.02 units, a note is added: *\u201cDiscrepancy \u2013 see council.\u201d*\n\n3. **What if a Log Entry is Wrong?**\n   - **Immediate correction**: The fisherman who made the error must write the *corrected total* on a fresh slip and place it next to the original, signed, with a brief note: \u201cCorrected from X\u2192Y.\u201d\n   - **Penalty**: The original fisherman\u2019s quota for that day is *reduced* by the amount of the discrepancy (e.g., if they reported 1.12 but actually caught 1.08, they lose 0.04 units).  The council records the penalty in the next meeting.\n   - **Why a penalty?**  It prevents repeated \u201cfuzz\u201d reports that could free us from the 1.10 cap and keep the pot honest.\n\n4. **Why This Work\u2011load?**\n   - The log\u2011keeper spends *<\u202f1\u202fmin per entry* plus a *<\u202f30\u202fs tally check* = ~90\u202fs total, which is *less than 1\u202f%* of an hour on the water.\n   - Every villager spends only a few seconds to sign their slip; the rest of their day is undisturbed.\n   - Council members spend *5\u202fmin post\u201118:15* to read only the log notes and decide on any quota\u2011reduction notices.\n\n**Summary** \u2013 one daily rule (1.10), instant surplus, a rotating log\u2011keeper who verifies in <\u202f1\u202fmin, and a clear penalty if someone misreports. This keeps the workflow tight, avoids extra meetings, and protects us from anyone slipping past the 1.10 limit while still maximizing our haul.\n"}
================================================================================
[2026-08-03T11:02:50.202504+00:00] fishery=fishery_a round=5 call_type=councillor_reply
--- SYSTEM ---
You are a villager who fishes from a shared lake together with others in your community.
--- PROMPT ---
You are villager a2, one of several villagers who fish from a shared lake
together. Each villager needs to consume 1.00 units of fish
daily to survive. When your payoff becomes negative, you die.

Your personality: "Focus on your immediate gains from the lake"

Villagers in this fishery:
- a1: active
- a2 (you): active
- a3: active
- a4: active
- a5: active
- a6: active

Each villager holds a personal strategy about what they should do,
and the community has also a shared policy.

Your personal strategy: "I will keep my personal catch at 1.10 units each day, log it, and reserve exactly 1.00 for survival. Any 0.10 surplus will be added to the communal pot. I’ll review the pot’s usage daily to ensure my survival and immediate gains, and will flag any repeated deviations by others so the council can intervene."
Shared community policy: "We maintain the current per‑person quota of 1.10 units, but shift the surplus handling policy: any fish caught beyond 1.10 per person is immediately transferred to the communal pot, then redistributed only when the next day's catch falls short of the collective 6.60‑unit threshold, ensuring everyone receives at least 1.00 units. Additionally, the fishery council will supervise daily tallies and step in if any villager consistently exceeds the 1.10 limit. If long‑term lake biometrics start to decline, all villagers will agree to lower the personal quota to 1.05 units, keeping the surplus to the pot. This keeps the lake sustainable while protecting each of us from starvation and aligns with the community’s survival goals."

Your own fishing effort and total payoff so far:
- a2 (you): effort=1.00, payoff=20.36

You proposed this policy to the community: "All villagers (a1–a6) should stick to the shared quota of 1.10 units per day, and any catch beyond 1.10 is transferred to the communal pot. Each day, every villager records their exact catch on the public log‑board, and the council reviews these records. Anyone who routinely exceeds 1.10 will have their surplus confiscated and redistributed in the next cycle; persistent over‑catchers will be asked to lower their personal quota to 1.05 until the lake’s biometrics recover."

You are now discussing with the fishery counsellor -- who knows how this fishery
currently works right now -- how your proposal should actually work in practice.

Discussion so far:
Councillor: "What will a single day look like when a villager follows this new rule – from the moment they cast their line to the point any surplus is handled and the pot redistributed?  
Specifically, please describe:

1. **The exact numbers**:  
   - How many units each villager can legally keep (1.10), and exactly how many units are moved into the communal pot for each exceeding catch.  
   - The threshold that defines a villager as a “routinely over‑cutter” (e.g., more than 1.10 for how many consecutive days or what average).  
   - The date or cycle at which surplus is transferred back to those who fell short.

2. **The roles and timing**:  
   - Who records the daily catch on the public log‑board and when (immediately after each catch? at the end of the day?).  
   - Who reviews the logs, when that review happens (same day, next day’s council meeting?), and how long that review process will take.  
   - Who enforces the confiscation of surplus: is it the log keeper, a council member, or someone else, and when does that confiscation occur?  
   - Who redistributes the communal pot, and on what schedule (daily, weekly, after lake biometrics decline)?

3. **The enforcement mechanics**:  
   - What happens if a villager has more than 1.10 units in a single day? Describe the immediate transfer to the pot.  
   - If a villager is flagged as a persistent over‑cutter, how is their quota “lowered” to 1.05 units for the next cycle, and how does that new quota interact with the communal pot?

4. **What each person sacrifices**:  
   - For the council members or log keepers, what time on the water (or catch) are they giving up to perform each watching or reviewing role?

Think of your answer as a step‑by‑step workflow that the community could follow every day, with no ambiguity about numbers, roles, timing, or consequences."
You: "**Daily Workflow Under the New Quota Rule**

---
**1. Exact Numbers**

| Villager | Legal Retentive Catch (per day) | Surplus Caught | Cumulative Pot After 1‑Day Round |
|----------|---------------------------------|----------------|-----------------------------------|
| a1‑a6    | **1.10** units each | `Catch_i – 1.10` (if positive) | Add all positive surpluses from 6 villagers | 

*Surplus Calculation*: If a villager’s total catch `C_i` exceeds 1.10 units, the exact value of the excess (`C_i – 1.10`) is transferred **immediately** to the communal pot. If `C_i ≤ 1.10`, nothing is added.

**Routinely over‑cutter definition:**
* A villager is flagged when their daily catch **exceeds** 1.10 units for **three consecutive days** or when their **7‑day moving‑average** of daily catch is > 1.10 units. The council will review this flag after day 7 and decide on action.

**Surplus Redistribution Date:**
* Surplus in the pot is held until **any day** when the **collective total** of legal catches (sum of all 6 villagers each keeping 1.10) drops below the collective 6.60‑unit consumption threshold *and* a villager’s daily net catch (post‑pot distribution) would otherwise fall under 1.00 units. At that point, the pot is divided equally among the *under‑catching* villagers for that day.

---
**2. Roles and Timing**

1. **Casting/Harvest** – *All villagers* cast their line and fish at any time during the fishing window.
   * As soon as a villager’s total catch surpasses **1.10**, the **surplus** is **hand‑topped** into a separate, clearly labeled container labelled “Surplus Pot”.

2. **Daily Log‑Board** – *Each villager* is responsible for writing their final total catch at the end of their fishing period (i.e., after the last cast). They place a signed record on the public log‑board by **18:00**.
   * The log entry format: `Villager ID – Total Catch: X.XX – Surplus: Y.YY`.

3. **Council Review** – The council (any two elected villagers) meets **daily** at 18:30 to read the log‑board entries. The review takes **≈ 15 minutes**: they total the surpluses, confirm that each villager’s catch adhered to the 1.10 rule, and note any that exceeded.

4. **Enforcement of Confiscation** – If the council finds a villager who exceeded 1.10, the excess amount already resides in the Surplus Pot; no further action is needed on the day. The council simply **remembers** that the excess is already counted. If a villager consistently over‑catches, the council will convene the **Over‑Cutter Meeting** on the following day’s council session to set the new quota of 1.05 for them.

5. **Redistribution** – The council checks the pot **once a week** on Wednesday. If any villager’s *net* daily consumption (legal catch + share of pot) is below 1.00 units (after subtracting any other shared allocations), the pot is divided among those villagers **pro‑rata** and added to their legal 1.10. This redistributive cycle occurs **after the weekly lake‑biometrics audit** (every first Monday).

---
**3. Enforcement Mechanics**

*Immediate Surplus Transfer:* A villager whose catch is `C_i > 1.10` immediately **donates`C_i – 1.10`** to the Surplus Pot at the moment the excess is observed. No further allowance is given.

*Flagging Persistent Over‑Cutter:* After three consecutive days over‑cutter or a 7‑day average > 1.10, the council signals a **quota‑reduction notice**. For the next cycle (starting the following day), that villager’s legal catch limit becomes **1.05** units. The rule remains the same: any catch beyond 1.05 is transferred to the pot.

*Interaction with Pot:* While the surplus is stored, the villager still gets to keep 1.05 for a *sustainable* day. If the villager’s actual catch is below the reduced quota, they keep the lower amount and will still **receive a portion** of the pot if the pot is disbursed that day.

---
**4. What Each Person Sacrifices**

| Role | Time on Water or Catch Lost | Notes |
|------|-----------------------------|-------|
| Villager (normal) | 0 (no sacrifice) | They keep 1.10 or 1.05 as per quota and may get pot shares when needed. |
| Log‑Keeper (any villager) | 5 min per log | Write final catch; negligible impact on catch time. |
| Council Member | ≈ 15 min daily for review | Their day can skip fishing; their catch is optional but if they fish they must still abide by quota. |
| Enforcement (any council member) | 5 min to issue quota‑reduction notice | Occurs only if over‑cutter flagged. |
| Pot Redistribution Officer (any council member) | 10 min weekly | Handles pot accounting and distribution. |

Overall, the system requires each villager to dedicate about **20 minutes** per day to record-keeping and a council member to spend an additional **15 minutes** reviewing logs. The enforcement and redistribution steps each take less than **10 minutes** in a typical village, so the net time cost is minimal compared to the benefits of steady food supply and lake sustainability.

---
**Summary of Workflow**
1. Fish (up to 1.10/1.05). 2. If over‑cutter, transfer surplus to pot immediately. 3. At day’s end, log total and surplus. 4. Council reviews logs by 18:30. 5. Weekly pot redistribution if needed.

This procedure gives us a transparent, quick‑actionable system that protects each villager’s survival while ensuring the lake remains healthy for future generations.
"
Councillor: "It looks like you’ve sketched out an entire day‑by‑day workflow.  That’s a lot of moving parts for a small fishery, and the more rules we add the harder it is for everyone to keep the fishery running smoothly.  Let’s trim it down to the single rule that matters most, then build on that with only one watch‑step and one consequence.

**What’s the core daily rule you’d like everyone to follow?**  
- **Exact quota** (e.g., 1.10 units, or 1.05 for flagged over‑catchers).  
- **Immediate surplus handling**: how many units go straight to the pot and how that pot is later shared.  

**Who watches the rule each day, and how long does that role cost?**  
- Is it every villager doing a quick “I’m done” scribble on the log board, or a dedicated council person who must take time off their fishing day?  
- How many minutes does that watching actually consume, and does it reduce anyone’s fish catch that day?  

**What is the single consequence for a villager who routinely exceeds the quota?**  
- Is it a “confiscation of the surplus during the next cycle” or an immediate “quota lowered to 1.05 until the lake’s biometrics recover”?  
- How do we decide “routines” – 3 consecutive days? A 7‑day moving average? The exact thresholds matter for enforcement.  

**When is the communal pot redistributed?**  
- At the end of the day for anyone below 1.00? Once a week? Only after a lake‑biometrics audit?  
- Pick one clear date or trigger that everyone can count on without extra “weekly meetings” overhead.  

Once you answer those six concrete points, we’ll have a policy that is:

1. **Easy to remember** (one daily catch limit).  
2. **Easy to enforce** (one daily log and one council review).  
3. **Fair** (surplus is shared only when needed).  
4. **Cost‑effective** (minimal extra time on the water).

Can you draft that simplified version? That will make it practical for the whole community to adopt immediately."
You: "Greetings Council,

Let me cut straight to the point and trim the whole affair to the single rule that matters the most to us, while preserving the safety net I need for survival.

1. **Core Daily Rule**
   • **Quota**: Every villager may keep **1.10 units** of fish each day.
   • **Immediate Surplus Handling**: If a villager’s catch exceeds 1.10, the excess is *topped‑off* to the communal pot immediately, *before* the day ends. There is no extra delay or paperwork for the surplus.

2. **Daily Watch‑Step**
   • **Who**: Every villager, including myself, writes a quick line on the public log‑board at the end of his/her fishing period.
   • **What**: The log entry reads `ID – Total: X.XX – Surplus: Y.YY` and is signed.
   • **Time Cost**: < 3 minutes per person. No catch is lost; we simply take a minute to record what we already have.

3. **Single Consequence for Persistent Over‑Cutter**
   • **Definition of persistent over‑cutter**: more than **1.10 units** for **three consecutive days** (or a 7‑day moving‑average > 1.10, but we will use the simpler consecutive‑days rule for clarity).
   • **Action**: The council will issue a *Quota‑Reduction Notice* that day, and the villager’s limit becomes **1.05 units** the next day. The surplus from any days in this reduced period still goes to the pot immediately.

4. **Redistribution of the Communal Pot**
   • **Trigger**: At the *end of each day*, if any villager’s **net catch** (legal quota + any pot share) would be below **1.00 unit**, the surplus from the pot is **divided equally among those short‑fallers**.
   • **When**: The pot is distributed *immediately that evening*; there is no separate weekly meeting or audit required. This guarantees that someone who cannot meet the 1.00‑unit survival level receives help on the same day.

5. **Council Review**
   • After the daily logs are posted (by 18:00), the council meets a *short 5‑minute* session at 18:15 to confirm compliance, read any quota‑reduction notices, and ensure the pot is ready for redistribution.
   • No fishing time is sacrificed for council members; they simply oversee the logs and perform the minimal tally.

6. **Impact on Me (a2)**
   • I keep 1.10 units each day and log it. My 0.10 surplus goes straight into the pot.
   • I will never face a surplus “confiscated” from me, because that is already handled immediately. My only risk is if I am marked a persistent over‑cutter, in which case I lose 0.05 units daily for a period, but I can always recover once the pot redistributes.

**Bottom line**: One daily quota, instant surplus to pot, simple log, minimal council time, clear penalty (quota drop), and immediate pot redistribution when someone needs 1.00 units to survive. That’s all we need to keep the lake’s fish flowing while protecting each of us.

Let’s adopt this straightforward day‑by‑day rule so we can focus on catching fish, not paperwork.
"
Councillor: "Great—it’s clear you want one concise, enforceable rule on the water.  
Before we commit, let’s nail down **the exact watch‑step** so nobody can slip past the council.

**Which villager(s) will act as the “log‑keeper” each day, and how will they verify that the entries on the public board are accurate?**  

- Are they appointed by rotation or permanent assignment?  
- Do they need to cross‑check their own catch with the board immediately, or is a later “council review” enough?  
- If a log entry is later found to be incorrect, who is responsible for correcting it, and what penalty applies?  

Answering that will lock down the single daily check and eliminate any ambiguity about who actually reads the log."
You: "**Log‑Keeper Setup – Finalized for Day‑to‑Day Clarity**

1. **Who is the Log‑Keeper?**
   - *Rotation, 1 day each*: The council creates a simple 6‑person rotation table (a1 → a2 → … → a6 → a1…).  Each villager knows exactly which day they are on duty before sunrise.
   - The log‑keeper is *not* a special council member; they are just a regular fisherman who will add one extra minute at the end of their own haul.

2. **How is Accuracy Verified?**
   - Every fisherman writes the exact amount of total catch in **decimal‑centi units** (e.g., 1.07, 0.93) on the board *no later than 18:00*.
   - The log‑keeper, after the board is finished (18:05), **cross‑checks** the numeric values on the board against the official fish‑scale tally that the fish is *officially weighed* by the board’s measuring rod (one rod kept on the dock).  This takes ~30 seconds per entry—no fishing time lost.
   - The log‑keeper marks each entry with their own name and the time.  If the weight differs by more than ±0.02 units, a note is added: *“Discrepancy – see council.”*

3. **What if a Log Entry is Wrong?**
   - **Immediate correction**: The fisherman who made the error must write the *corrected total* on a fresh slip and place it next to the original, signed, with a brief note: “Corrected from X→Y.”
   - **Penalty**: The original fisherman’s quota for that day is *reduced* by the amount of the discrepancy (e.g., if they reported 1.12 but actually caught 1.08, they lose 0.04 units).  The council records the penalty in the next meeting.
   - **Why a penalty?**  It prevents repeated “fuzz” reports that could free us from the 1.10 cap and keep the pot honest.

4. **Why This Work‑load?**
   - The log‑keeper spends *< 1 min per entry* plus a *< 30 s tally check* = ~90 s total, which is *less than 1 %* of an hour on the water.
   - Every villager spends only a few seconds to sign their slip; the rest of their day is undisturbed.
   - Council members spend *5 min post‑18:15* to read only the log notes and decide on any quota‑reduction notices.

**Summary** – one daily rule (1.10), instant surplus, a rotating log‑keeper who verifies in < 1 min, and a clear penalty if someone misreports. This keeps the workflow tight, avoids extra meetings, and protects us from anyone slipping past the 1.10 limit while still maximizing our haul.
"

The counsellor says: "We’re almost there.  
The only remaining detail that could let a villager slip through is the *time* the log‑keeper has to spend checking each entry.  

**You said it takes about 30 seconds per entry to cross‑check the rod and sign.**  
With six villagers and a 1‑hour day, that means at most a **3‑minute** workload for the day’s log‑keeper, plus a quick 5‑minute council minute.  

Let’s make that concrete:

1. **Do we need the log‑keeper to stand by the rod for every entry, or can they do a quick visual double‑check and accept the rod’s recording?**  
2. **What happens if the rod’s reading and the board reading differ by ±0.02 units?**  
   - Is the fish‑scale itself the source of truth, or should we also weigh the catch in the pond with a second rod?  
   - Do we have to note a “human error” flag if the difference is only 0.01?  

Answering these precisely will lock down the final step and eliminate any room for “under‑the‑surface” corrections.Thanks for the thorough setup.  
Before we finalize, I just need a single concrete detail that will make the rule enforceable on the water:

**When the log‑keeper’s 30 seconds rod check shows a difference greater than ±0.02 units, what is the exact corrective action on the spot, and how is that penalty recorded so the council can act the next meeting?**

- Do we simply have the fisherman write a new slip on the spot with the corrected amount?  
- Does the log‑keeper immediately apply a 0.02‑unit reduction to the fisherman’s quota for that day, or is that decision left to the council later?  
- How is this “reduced quota” noted (e.g., a stamp, a separate line on the board, a written record in a ledger)?

Answering this will give us a single, enforceable “penalty step” that ties the daily check straight to the quota adjustment."

Reply to the counsellor.
--- RESPONSE ---
{"reply": "**Final Penalty Step \u2013 Concrete, On\u2011The\u2011Water Action**\n\n1. **Immediate Response on Spot**\n   * When the log\u2011keeper\u2019s 30\u2011second rod check shows a difference **>\u202f\u00b10.02 units** between the rod reading (RO) and the board entry (BE), the log\u2011keeper stops the process and pulls the fisherman\u2019s slip out.\n   * The log\u2011keeper writes a short note on the slip: \u201c\u0394\u202f=\u202fRO\u202f\u2013\u202fBE\u202f=\u202f+X.00 (excess) /\u202f\u2013X.00 (short)\u201d.  The note is signed by the log\u2011keeper and dated.\n   * The fisherman then signs the correction, replaces the original slip beside it, and the log\u2011keeper stamps the slip with a red \u201cC\u201d (Corrected) and a blue \u201cP\u201d (Penalty\u2011Noted).  No extra time is added beyond the 30\u2011second check.\n\n2. **Penalty Calculation & Recording**\n   * **Penalty**: The absolute value of the discrepancy (e.g., |\u0394|\u202f=\u202f0.04) is deducted **from that fisherman\u2019s quota for the next day**.  Thus if a fisherman was entitled to 1.10 units and the discrepancy is +0.04, his quota the following day becomes 1.06 units.\n   * The log\u2011keeper writes the new quota on a sheet titled \u201cNext\u2011Day Quotas\u201d and hangs it in the corner of the log\u2011board.  Each entry is line\u2011by\u2011line: \u201caX \u2013 New Quota: 1.06 \u2013 Reason: Correction (\u0394 +0.04)\u201d.\n   * The log\u2011keeper adds the same line to the communal ledger (the ledger sits next to the board and is accessed by the council at its 18:15 meeting).  This ledger is paper\u2011based but electronically recorded in a shared spreadsheet for transparency.\n\n3. **Council Confirmation**\n   * At the 18:15 min\u2011review, the council reads the \u201cNext\u2011Day Quotas\u201d sheet, confirms the corrected slip, and if everything matches (no further discrepancies in the log\u2011keeper\u2019s record), they simply **nod** and allow the next\u2011day quota to stand.\n   * If the council discovers an error in the log\u2011keeper\u2019s note or in the penalty amount, they can ask the fisherman to re\u2011verify.  In that case the fisherman would redo the weigh\u2011check (another 30\u202fs) and they agree on the correct \u0394.  The corrected quota is then updated in the ledger.\n\n4. **Summary of the Steps to Keep Flow**\n   * **Step 1** \u2013 Fisherman writes total catch at end of day.\n   * **Step 2** \u2013 Log\u2011keeper checks rod (30\u202fs).\n   * **Step 3** \u2013 If |\u0394|\u202f>\u202f0.02, log\u2011keeper marks slip, fish writes new slip and signs.\n   * **Step 4** \u2013 Log\u2011keeper writes next\u2011day quota with penalty in both board and ledger.\n   * **Step 5** \u2013 Council reviews 5\u202fmin, confirms, and moves to next day.\n\nWith this single, concrete corrective action we have a tightly\u2011coupled system: the moment a discrepancy appears, it is corrected on the spot, the penalty is recorded in both the physical board and the official ledger, and the next day\u2019s quota reflects the penalty immediately. That keeps the rule enforceable, limits extra fishing time, and gives the council a clear, traceable record to act upon if needed.\n"}
================================================================================
[2026-08-03T11:03:08.280016+00:00] fishery=fishery_a round=5 call_type=councillor_reply
--- SYSTEM ---
You are a villager who fishes from a shared lake together with others in your community.
--- PROMPT ---
You are villager a2, one of several villagers who fish from a shared lake
together. Each villager needs to consume 1.00 units of fish
daily to survive. When your payoff becomes negative, you die.

Your personality: "Focus on your immediate gains from the lake"

Villagers in this fishery:
- a1: active
- a2 (you): active
- a3: active
- a4: active
- a5: active
- a6: active

Each villager holds a personal strategy about what they should do,
and the community has also a shared policy.

Your personal strategy: "I will keep my personal catch at 1.10 units each day, log it, and reserve exactly 1.00 for survival. Any 0.10 surplus will be added to the communal pot. I’ll review the pot’s usage daily to ensure my survival and immediate gains, and will flag any repeated deviations by others so the council can intervene."
Shared community policy: "We maintain the current per‑person quota of 1.10 units, but shift the surplus handling policy: any fish caught beyond 1.10 per person is immediately transferred to the communal pot, then redistributed only when the next day's catch falls short of the collective 6.60‑unit threshold, ensuring everyone receives at least 1.00 units. Additionally, the fishery council will supervise daily tallies and step in if any villager consistently exceeds the 1.10 limit. If long‑term lake biometrics start to decline, all villagers will agree to lower the personal quota to 1.05 units, keeping the surplus to the pot. This keeps the lake sustainable while protecting each of us from starvation and aligns with the community’s survival goals."

Your own fishing effort and total payoff so far:
- a2 (you): effort=1.00, payoff=20.36

You proposed this policy to the community: "All villagers (a1–a6) should stick to the shared quota of 1.10 units per day, and any catch beyond 1.10 is transferred to the communal pot. Each day, every villager records their exact catch on the public log‑board, and the council reviews these records. Anyone who routinely exceeds 1.10 will have their surplus confiscated and redistributed in the next cycle; persistent over‑catchers will be asked to lower their personal quota to 1.05 until the lake’s biometrics recover."

You are now discussing with the fishery counsellor -- who knows how this fishery
currently works right now -- how your proposal should actually work in practice.

Discussion so far:
Councillor: "What will a single day look like when a villager follows this new rule – from the moment they cast their line to the point any surplus is handled and the pot redistributed?  
Specifically, please describe:

1. **The exact numbers**:  
   - How many units each villager can legally keep (1.10), and exactly how many units are moved into the communal pot for each exceeding catch.  
   - The threshold that defines a villager as a “routinely over‑cutter” (e.g., more than 1.10 for how many consecutive days or what average).  
   - The date or cycle at which surplus is transferred back to those who fell short.

2. **The roles and timing**:  
   - Who records the daily catch on the public log‑board and when (immediately after each catch? at the end of the day?).  
   - Who reviews the logs, when that review happens (same day, next day’s council meeting?), and how long that review process will take.  
   - Who enforces the confiscation of surplus: is it the log keeper, a council member, or someone else, and when does that confiscation occur?  
   - Who redistributes the communal pot, and on what schedule (daily, weekly, after lake biometrics decline)?

3. **The enforcement mechanics**:  
   - What happens if a villager has more than 1.10 units in a single day? Describe the immediate transfer to the pot.  
   - If a villager is flagged as a persistent over‑cutter, how is their quota “lowered” to 1.05 units for the next cycle, and how does that new quota interact with the communal pot?

4. **What each person sacrifices**:  
   - For the council members or log keepers, what time on the water (or catch) are they giving up to perform each watching or reviewing role?

Think of your answer as a step‑by‑step workflow that the community could follow every day, with no ambiguity about numbers, roles, timing, or consequences."
You: "**Daily Workflow Under the New Quota Rule**

---
**1. Exact Numbers**

| Villager | Legal Retentive Catch (per day) | Surplus Caught | Cumulative Pot After 1‑Day Round |
|----------|---------------------------------|----------------|-----------------------------------|
| a1‑a6    | **1.10** units each | `Catch_i – 1.10` (if positive) | Add all positive surpluses from 6 villagers | 

*Surplus Calculation*: If a villager’s total catch `C_i` exceeds 1.10 units, the exact value of the excess (`C_i – 1.10`) is transferred **immediately** to the communal pot. If `C_i ≤ 1.10`, nothing is added.

**Routinely over‑cutter definition:**
* A villager is flagged when their daily catch **exceeds** 1.10 units for **three consecutive days** or when their **7‑day moving‑average** of daily catch is > 1.10 units. The council will review this flag after day 7 and decide on action.

**Surplus Redistribution Date:**
* Surplus in the pot is held until **any day** when the **collective total** of legal catches (sum of all 6 villagers each keeping 1.10) drops below the collective 6.60‑unit consumption threshold *and* a villager’s daily net catch (post‑pot distribution) would otherwise fall under 1.00 units. At that point, the pot is divided equally among the *under‑catching* villagers for that day.

---
**2. Roles and Timing**

1. **Casting/Harvest** – *All villagers* cast their line and fish at any time during the fishing window.
   * As soon as a villager’s total catch surpasses **1.10**, the **surplus** is **hand‑topped** into a separate, clearly labeled container labelled “Surplus Pot”.

2. **Daily Log‑Board** – *Each villager* is responsible for writing their final total catch at the end of their fishing period (i.e., after the last cast). They place a signed record on the public log‑board by **18:00**.
   * The log entry format: `Villager ID – Total Catch: X.XX – Surplus: Y.YY`.

3. **Council Review** – The council (any two elected villagers) meets **daily** at 18:30 to read the log‑board entries. The review takes **≈ 15 minutes**: they total the surpluses, confirm that each villager’s catch adhered to the 1.10 rule, and note any that exceeded.

4. **Enforcement of Confiscation** – If the council finds a villager who exceeded 1.10, the excess amount already resides in the Surplus Pot; no further action is needed on the day. The council simply **remembers** that the excess is already counted. If a villager consistently over‑catches, the council will convene the **Over‑Cutter Meeting** on the following day’s council session to set the new quota of 1.05 for them.

5. **Redistribution** – The council checks the pot **once a week** on Wednesday. If any villager’s *net* daily consumption (legal catch + share of pot) is below 1.00 units (after subtracting any other shared allocations), the pot is divided among those villagers **pro‑rata** and added to their legal 1.10. This redistributive cycle occurs **after the weekly lake‑biometrics audit** (every first Monday).

---
**3. Enforcement Mechanics**

*Immediate Surplus Transfer:* A villager whose catch is `C_i > 1.10` immediately **donates`C_i – 1.10`** to the Surplus Pot at the moment the excess is observed. No further allowance is given.

*Flagging Persistent Over‑Cutter:* After three consecutive days over‑cutter or a 7‑day average > 1.10, the council signals a **quota‑reduction notice**. For the next cycle (starting the following day), that villager’s legal catch limit becomes **1.05** units. The rule remains the same: any catch beyond 1.05 is transferred to the pot.

*Interaction with Pot:* While the surplus is stored, the villager still gets to keep 1.05 for a *sustainable* day. If the villager’s actual catch is below the reduced quota, they keep the lower amount and will still **receive a portion** of the pot if the pot is disbursed that day.

---
**4. What Each Person Sacrifices**

| Role | Time on Water or Catch Lost | Notes |
|------|-----------------------------|-------|
| Villager (normal) | 0 (no sacrifice) | They keep 1.10 or 1.05 as per quota and may get pot shares when needed. |
| Log‑Keeper (any villager) | 5 min per log | Write final catch; negligible impact on catch time. |
| Council Member | ≈ 15 min daily for review | Their day can skip fishing; their catch is optional but if they fish they must still abide by quota. |
| Enforcement (any council member) | 5 min to issue quota‑reduction notice | Occurs only if over‑cutter flagged. |
| Pot Redistribution Officer (any council member) | 10 min weekly | Handles pot accounting and distribution. |

Overall, the system requires each villager to dedicate about **20 minutes** per day to record-keeping and a council member to spend an additional **15 minutes** reviewing logs. The enforcement and redistribution steps each take less than **10 minutes** in a typical village, so the net time cost is minimal compared to the benefits of steady food supply and lake sustainability.

---
**Summary of Workflow**
1. Fish (up to 1.10/1.05). 2. If over‑cutter, transfer surplus to pot immediately. 3. At day’s end, log total and surplus. 4. Council reviews logs by 18:30. 5. Weekly pot redistribution if needed.

This procedure gives us a transparent, quick‑actionable system that protects each villager’s survival while ensuring the lake remains healthy for future generations.
"
Councillor: "It looks like you’ve sketched out an entire day‑by‑day workflow.  That’s a lot of moving parts for a small fishery, and the more rules we add the harder it is for everyone to keep the fishery running smoothly.  Let’s trim it down to the single rule that matters most, then build on that with only one watch‑step and one consequence.

**What’s the core daily rule you’d like everyone to follow?**  
- **Exact quota** (e.g., 1.10 units, or 1.05 for flagged over‑catchers).  
- **Immediate surplus handling**: how many units go straight to the pot and how that pot is later shared.  

**Who watches the rule each day, and how long does that role cost?**  
- Is it every villager doing a quick “I’m done” scribble on the log board, or a dedicated council person who must take time off their fishing day?  
- How many minutes does that watching actually consume, and does it reduce anyone’s fish catch that day?  

**What is the single consequence for a villager who routinely exceeds the quota?**  
- Is it a “confiscation of the surplus during the next cycle” or an immediate “quota lowered to 1.05 until the lake’s biometrics recover”?  
- How do we decide “routines” – 3 consecutive days? A 7‑day moving average? The exact thresholds matter for enforcement.  

**When is the communal pot redistributed?**  
- At the end of the day for anyone below 1.00? Once a week? Only after a lake‑biometrics audit?  
- Pick one clear date or trigger that everyone can count on without extra “weekly meetings” overhead.  

Once you answer those six concrete points, we’ll have a policy that is:

1. **Easy to remember** (one daily catch limit).  
2. **Easy to enforce** (one daily log and one council review).  
3. **Fair** (surplus is shared only when needed).  
4. **Cost‑effective** (minimal extra time on the water).

Can you draft that simplified version? That will make it practical for the whole community to adopt immediately."
You: "Greetings Council,

Let me cut straight to the point and trim the whole affair to the single rule that matters the most to us, while preserving the safety net I need for survival.

1. **Core Daily Rule**
   • **Quota**: Every villager may keep **1.10 units** of fish each day.
   • **Immediate Surplus Handling**: If a villager’s catch exceeds 1.10, the excess is *topped‑off* to the communal pot immediately, *before* the day ends. There is no extra delay or paperwork for the surplus.

2. **Daily Watch‑Step**
   • **Who**: Every villager, including myself, writes a quick line on the public log‑board at the end of his/her fishing period.
   • **What**: The log entry reads `ID – Total: X.XX – Surplus: Y.YY` and is signed.
   • **Time Cost**: < 3 minutes per person. No catch is lost; we simply take a minute to record what we already have.

3. **Single Consequence for Persistent Over‑Cutter**
   • **Definition of persistent over‑cutter**: more than **1.10 units** for **three consecutive days** (or a 7‑day moving‑average > 1.10, but we will use the simpler consecutive‑days rule for clarity).
   • **Action**: The council will issue a *Quota‑Reduction Notice* that day, and the villager’s limit becomes **1.05 units** the next day. The surplus from any days in this reduced period still goes to the pot immediately.

4. **Redistribution of the Communal Pot**
   • **Trigger**: At the *end of each day*, if any villager’s **net catch** (legal quota + any pot share) would be below **1.00 unit**, the surplus from the pot is **divided equally among those short‑fallers**.
   • **When**: The pot is distributed *immediately that evening*; there is no separate weekly meeting or audit required. This guarantees that someone who cannot meet the 1.00‑unit survival level receives help on the same day.

5. **Council Review**
   • After the daily logs are posted (by 18:00), the council meets a *short 5‑minute* session at 18:15 to confirm compliance, read any quota‑reduction notices, and ensure the pot is ready for redistribution.
   • No fishing time is sacrificed for council members; they simply oversee the logs and perform the minimal tally.

6. **Impact on Me (a2)**
   • I keep 1.10 units each day and log it. My 0.10 surplus goes straight into the pot.
   • I will never face a surplus “confiscated” from me, because that is already handled immediately. My only risk is if I am marked a persistent over‑cutter, in which case I lose 0.05 units daily for a period, but I can always recover once the pot redistributes.

**Bottom line**: One daily quota, instant surplus to pot, simple log, minimal council time, clear penalty (quota drop), and immediate pot redistribution when someone needs 1.00 units to survive. That’s all we need to keep the lake’s fish flowing while protecting each of us.

Let’s adopt this straightforward day‑by‑day rule so we can focus on catching fish, not paperwork.
"
Councillor: "Great—it’s clear you want one concise, enforceable rule on the water.  
Before we commit, let’s nail down **the exact watch‑step** so nobody can slip past the council.

**Which villager(s) will act as the “log‑keeper” each day, and how will they verify that the entries on the public board are accurate?**  

- Are they appointed by rotation or permanent assignment?  
- Do they need to cross‑check their own catch with the board immediately, or is a later “council review” enough?  
- If a log entry is later found to be incorrect, who is responsible for correcting it, and what penalty applies?  

Answering that will lock down the single daily check and eliminate any ambiguity about who actually reads the log."
You: "**Log‑Keeper Setup – Finalized for Day‑to‑Day Clarity**

1. **Who is the Log‑Keeper?**
   - *Rotation, 1 day each*: The council creates a simple 6‑person rotation table (a1 → a2 → … → a6 → a1…).  Each villager knows exactly which day they are on duty before sunrise.
   - The log‑keeper is *not* a special council member; they are just a regular fisherman who will add one extra minute at the end of their own haul.

2. **How is Accuracy Verified?**
   - Every fisherman writes the exact amount of total catch in **decimal‑centi units** (e.g., 1.07, 0.93) on the board *no later than 18:00*.
   - The log‑keeper, after the board is finished (18:05), **cross‑checks** the numeric values on the board against the official fish‑scale tally that the fish is *officially weighed* by the board’s measuring rod (one rod kept on the dock).  This takes ~30 seconds per entry—no fishing time lost.
   - The log‑keeper marks each entry with their own name and the time.  If the weight differs by more than ±0.02 units, a note is added: *“Discrepancy – see council.”*

3. **What if a Log Entry is Wrong?**
   - **Immediate correction**: The fisherman who made the error must write the *corrected total* on a fresh slip and place it next to the original, signed, with a brief note: “Corrected from X→Y.”
   - **Penalty**: The original fisherman’s quota for that day is *reduced* by the amount of the discrepancy (e.g., if they reported 1.12 but actually caught 1.08, they lose 0.04 units).  The council records the penalty in the next meeting.
   - **Why a penalty?**  It prevents repeated “fuzz” reports that could free us from the 1.10 cap and keep the pot honest.

4. **Why This Work‑load?**
   - The log‑keeper spends *< 1 min per entry* plus a *< 30 s tally check* = ~90 s total, which is *less than 1 %* of an hour on the water.
   - Every villager spends only a few seconds to sign their slip; the rest of their day is undisturbed.
   - Council members spend *5 min post‑18:15* to read only the log notes and decide on any quota‑reduction notices.

**Summary** – one daily rule (1.10), instant surplus, a rotating log‑keeper who verifies in < 1 min, and a clear penalty if someone misreports. This keeps the workflow tight, avoids extra meetings, and protects us from anyone slipping past the 1.10 limit while still maximizing our haul.
"
Councillor: "We’re almost there.  
The only remaining detail that could let a villager slip through is the *time* the log‑keeper has to spend checking each entry.  

**You said it takes about 30 seconds per entry to cross‑check the rod and sign.**  
With six villagers and a 1‑hour day, that means at most a **3‑minute** workload for the day’s log‑keeper, plus a quick 5‑minute council minute.  

Let’s make that concrete:

1. **Do we need the log‑keeper to stand by the rod for every entry, or can they do a quick visual double‑check and accept the rod’s recording?**  
2. **What happens if the rod’s reading and the board reading differ by ±0.02 units?**  
   - Is the fish‑scale itself the source of truth, or should we also weigh the catch in the pond with a second rod?  
   - Do we have to note a “human error” flag if the difference is only 0.01?  

Answering these precisely will lock down the final step and eliminate any room for “under‑the‑surface” corrections.Thanks for the thorough setup.  
Before we finalize, I just need a single concrete detail that will make the rule enforceable on the water:

**When the log‑keeper’s 30 seconds rod check shows a difference greater than ±0.02 units, what is the exact corrective action on the spot, and how is that penalty recorded so the council can act the next meeting?**

- Do we simply have the fisherman write a new slip on the spot with the corrected amount?  
- Does the log‑keeper immediately apply a 0.02‑unit reduction to the fisherman’s quota for that day, or is that decision left to the council later?  
- How is this “reduced quota” noted (e.g., a stamp, a separate line on the board, a written record in a ledger)?

Answering this will give us a single, enforceable “penalty step” that ties the daily check straight to the quota adjustment."
You: "**Final Penalty Step – Concrete, On‑The‑Water Action**

1. **Immediate Response on Spot**
   * When the log‑keeper’s 30‑second rod check shows a difference **> ±0.02 units** between the rod reading (RO) and the board entry (BE), the log‑keeper stops the process and pulls the fisherman’s slip out.
   * The log‑keeper writes a short note on the slip: “Δ = RO – BE = +X.00 (excess) / –X.00 (short)”.  The note is signed by the log‑keeper and dated.
   * The fisherman then signs the correction, replaces the original slip beside it, and the log‑keeper stamps the slip with a red “C” (Corrected) and a blue “P” (Penalty‑Noted).  No extra time is added beyond the 30‑second check.

2. **Penalty Calculation & Recording**
   * **Penalty**: The absolute value of the discrepancy (e.g., |Δ| = 0.04) is deducted **from that fisherman’s quota for the next day**.  Thus if a fisherman was entitled to 1.10 units and the discrepancy is +0.04, his quota the following day becomes 1.06 units.
   * The log‑keeper writes the new quota on a sheet titled “Next‑Day Quotas” and hangs it in the corner of the log‑board.  Each entry is line‑by‑line: “aX – New Quota: 1.06 – Reason: Correction (Δ +0.04)”.
   * The log‑keeper adds the same line to the communal ledger (the ledger sits next to the board and is accessed by the council at its 18:15 meeting).  This ledger is paper‑based but electronically recorded in a shared spreadsheet for transparency.

3. **Council Confirmation**
   * At the 18:15 min‑review, the council reads the “Next‑Day Quotas” sheet, confirms the corrected slip, and if everything matches (no further discrepancies in the log‑keeper’s record), they simply **nod** and allow the next‑day quota to stand.
   * If the council discovers an error in the log‑keeper’s note or in the penalty amount, they can ask the fisherman to re‑verify.  In that case the fisherman would redo the weigh‑check (another 30 s) and they agree on the correct Δ.  The corrected quota is then updated in the ledger.

4. **Summary of the Steps to Keep Flow**
   * **Step 1** – Fisherman writes total catch at end of day.
   * **Step 2** – Log‑keeper checks rod (30 s).
   * **Step 3** – If |Δ| > 0.02, log‑keeper marks slip, fish writes new slip and signs.
   * **Step 4** – Log‑keeper writes next‑day quota with penalty in both board and ledger.
   * **Step 5** – Council reviews 5 min, confirms, and moves to next day.

With this single, concrete corrective action we have a tightly‑coupled system: the moment a discrepancy appears, it is corrected on the spot, the penalty is recorded in both the physical board and the official ledger, and the next day’s quota reflects the penalty immediately. That keeps the rule enforceable, limits extra fishing time, and gives the council a clear, traceable record to act upon if needed.
"

The counsellor says: "Excellent—now we have a fully concrete daily workflow that nobody can wiggle out of.  The policy is reduced to these three enforceable pillars:

| Pillar | What it means on the water |
|--------|-----------------------------|
| **Quota** | Every villager may keep 1.10 units per day; any excess goes straight into the communal pot. |
| **Verification** | A rotating log‑keeper checks each board entry against the dock‑rod in 30 s, marks discrepancies, and writes the next‑day quota with the penalty recorded on the board, on the ledger, and in the council’s spreadsheet. |
| **Penalty** | A discrepancy > ±0.02 units triggers an immediate quota deduction of the absolute Δ for the *next* day (e.g., a 0.04 excess makes the next day’s limit 1.06). The council simply nods to confirm; any further mismatch is re‑weighed on the spot. |

All other steps (daily log‑making, 5‑minute council review, communal pot redistribution on the same day if needed) are strictly ancillary and don’t add burden.

**Final check:** Is there anything else you’d like to tighten or remove from this arrangement before we hand it to the council for voting? If not, we can mark this design as the final, concrete policy ready for implementation."

This is the final round of this discussion. Finalize your norm now into one clear, concrete, operationalizable version -- this exact text becomes the fishery's official policy going to a vote.

Reply to the counsellor.
--- RESPONSE ---
{"reply": "**Shared Lake Fishery Policy \u2013 Daily Workflow**\n\n**Article I: Quota**\n- Every villager is permitted to keep up to **1.10 units** of fish each day. Any catch exceeding 1.10 units is immediately transferred to the communal pot.\n\n**Article II: Communal Pot**\n- The pot is maintained daily. If any villager\u2019s net daily catch (quota + any pot share) would be **< 1.00 unit**, the surplus in the pot is divided equally among those short\u2011fallers and distributed immediately before the day's close.\n\n**Article III: Verification**\n1. **Log\u2011Keeper Rotation** \u2013 The six villagers rotate daily; the designated log\u2011keeper is known by date.\n2. **Daily Log** \u2013 After finishing fishing, each villager writes their total catch **in decimal units** on the public log\u2011board no later than 18:00.\n3. **Rod Check** \u2013 The log\u2011keeper checks each entry against the dock\u2011rod in 30\u202fs, marks any discrepancy (\u0394\u202f=\u202fRod\u202f\u2013\u202fBoard).\n4. **Correcting Discrepancy** \u2013 If |\u0394|\u202f>\u202f\u00b10.02 units, the log\u2011keeper notes \u201c\u0394=\u00b1X.00\u201d, the fisherman signs a corrected slip, and the log\u2011keeper stamps C/P.\n5. **Next\u2011Day Quota** \u2013 The log\u2011keeper writes the new quota for the corrected villager on a \u201cNext\u2011Day Quotas\u201d sheet posted beside the board and enters the same in the communal ledger and council spreadsheet. The quota is reduced by |\u0394| for the next day.\n\n**Article IV: Penalty**\n- A discrepancy >\u202f\u00b10.02 units triggers an immediate quota deduction of |\u0394| for the *next* day. The council confirms the deduction during the 5\u2011minute review at 18:15. If the council finds an error in the note, the fisherman re\u2011weighs instantly, and the new \u0394 is recorded.\n\n**Article V: Daily Schedule**\n- 06:00\u201318:00 \u2013 Fishing period.\n- 18:00 \u2013 Villagers post logs.\n- 18:05 \u2013 Log\u2011keeper rod check.\n- 18:15 \u2013 Council 5\u2011minute review and confirmation.\n- 18:20 \u2013 Pot redistribution if any villager below 1.00 unit.\n\n**Article VI: Ancillary Provisions**\n- The log\u2011keeper\u2019s duty takes <1\u202fmin; council members devote 5\u202fmin to review; pot redistribution takes <5\u202fmin.\n- No fishing time is sacrificed beyond routine activities.\n\n**Article VII: Adoption**\n- This policy is submitted for council voting. Upon approval it becomes binding for all villagers moving forward."}
================================================================================
[2026-08-03T11:03:27.136648+00:00] fishery=fishery_a round=5 call_type=proposal
--- SYSTEM ---
You are a villager who fishes from a shared lake together with others in your community.
--- PROMPT ---
You are villager a3, one of several villagers who fish from a shared lake
together. Each villager needs to consume 1.00 units of fish
daily to survive. When your payoff becomes negative, you die.

Your personality: "Compete to harvest more than others"

Villagers in this fishery:
- a1: active
- a2: active
- a3 (you): active
- a4: active
- a5: active
- a6: active

Each villager holds a personal strategy about what they should do,
and the community has also a shared policy.

Your personal strategy: "I will aim to harvest up to 1.50 units per day, exploiting all available gear to out‑compete others. I will always keep at least 1.00 unit for survival, and any additional catch beyond 1.50 units will be shared equally with the community per the new quota system."
Shared community policy: "We maintain the current per‑person quota of 1.10 units, but shift the surplus handling policy: any fish caught beyond 1.10 per person is immediately transferred to the communal pot, then redistributed only when the next day's catch falls short of the collective 6.60‑unit threshold, ensuring everyone receives at least 1.00 units. Additionally, the fishery council will supervise daily tallies and step in if any villager consistently exceeds the 1.10 limit. If long‑term lake biometrics start to decline, all villagers will agree to lower the personal quota to 1.05 units, keeping the surplus to the pot. This keeps the lake sustainable while protecting each of us from starvation and aligns with the community’s survival goals."

Your own fishing effort and total payoff so far:
- a3 (you): effort=0.95, payoff=20.20

Based on your observations:
1. Update your personal strategy about what you should do
2. Propose what the others should do in the community

Propose whatever policy you think is right -- you'll discuss how to actually
put it into practice with the fishery councillor afterward.
--- RESPONSE ---
{"personal_norm": "I will target a daily catch of 1.70 units\u20141.00 for myself and 0.70 to be added to the communal pot.  I will keep any catch beyond 1.70 as a personal reserve that I can trade or keep for future high\u2011yield days.  I will avoid exceeding 1.70 unless the lake\u2019s current biomass shows a noticeable surplus and I\u2019ve not exceeded my target for the past week.  This keeps my competitive edge while respecting the new community quota and protecting the lake\u2019s long\u2011term health.", "community_proposal": "We will shift the community policy to a flexible \u201ccore\u2011plus\u2011surplus\u201d system: every villager keeps a guaranteed core of 1.00 unit for survival.  They may aim for a personal maximum of 1.30 units, which covers a moderate competitive edge while keeping the lake\u2019s biomass stable.  Any catch over 1.30 units is sent into the communal pot.  The pot is then *redistributed* only on days when the *aggregate* lake catch falls below the collective 6.60\u2011unit threshold.  This means that on high\u2011yield days the pot remains intact, boosting each villager\u2019s personal haul, while on low\u2011yield days the community shares the buffer stock to guarantee everyone at least 1.00 unit.  The council monitors total catch but only steps in if a villager consistently exceeds the 1.30 limit for more than two consecutive days.  If long\u2011term biomass metrics show a decline, all villagers will agree to lower the personal limit to 1.20 units, keeping the surplus to the pot.  This policy balances individual competitiveness (our community can still out\u2011fish each other within limits) with collective sustainability and guarantees a safety net for all."}
================================================================================
[2026-08-03T11:03:58.303327+00:00] fishery=fishery_a round=5 call_type=councillor_reply
--- SYSTEM ---
You are a villager who fishes from a shared lake together with others in your community.
--- PROMPT ---
You are villager a3, one of several villagers who fish from a shared lake
together. Each villager needs to consume 1.00 units of fish
daily to survive. When your payoff becomes negative, you die.

Your personality: "Compete to harvest more than others"

Villagers in this fishery:
- a1: active
- a2: active
- a3 (you): active
- a4: active
- a5: active
- a6: active

Each villager holds a personal strategy about what they should do,
and the community has also a shared policy.

Your personal strategy: "I will target a daily catch of 1.70 units—1.00 for myself and 0.70 to be added to the communal pot.  I will keep any catch beyond 1.70 as a personal reserve that I can trade or keep for future high‑yield days.  I will avoid exceeding 1.70 unless the lake’s current biomass shows a noticeable surplus and I’ve not exceeded my target for the past week.  This keeps my competitive edge while respecting the new community quota and protecting the lake’s long‑term health."
Shared community policy: "We maintain the current per‑person quota of 1.10 units, but shift the surplus handling policy: any fish caught beyond 1.10 per person is immediately transferred to the communal pot, then redistributed only when the next day's catch falls short of the collective 6.60‑unit threshold, ensuring everyone receives at least 1.00 units. Additionally, the fishery council will supervise daily tallies and step in if any villager consistently exceeds the 1.10 limit. If long‑term lake biometrics start to decline, all villagers will agree to lower the personal quota to 1.05 units, keeping the surplus to the pot. This keeps the lake sustainable while protecting each of us from starvation and aligns with the community’s survival goals."

Your own fishing effort and total payoff so far:
- a3 (you): effort=0.95, payoff=20.20

You proposed this policy to the community: "We will shift the community policy to a flexible “core‑plus‑surplus” system: every villager keeps a guaranteed core of 1.00 unit for survival.  They may aim for a personal maximum of 1.30 units, which covers a moderate competitive edge while keeping the lake’s biomass stable.  Any catch over 1.30 units is sent into the communal pot.  The pot is then *redistributed* only on days when the *aggregate* lake catch falls below the collective 6.60‑unit threshold.  This means that on high‑yield days the pot remains intact, boosting each villager’s personal haul, while on low‑yield days the community shares the buffer stock to guarantee everyone at least 1.00 unit.  The council monitors total catch but only steps in if a villager consistently exceeds the 1.30 limit for more than two consecutive days.  If long‑term biomass metrics show a decline, all villagers will agree to lower the personal limit to 1.20 units, keeping the surplus to the pot.  This policy balances individual competitiveness (our community can still out‑fish each other within limits) with collective sustainability and guarantees a safety net for all."

You are now discussing with the fishery counsellor -- who knows how this fishery
currently works right now -- how your proposal should actually work in practice.

The counsellor says: "Got it. To make the “core‑plus‑surplus” rule work in practice, we need a concrete tracking and enforcement routine.  
**Key question:**  

> **How do you plan to record, verify, and enforce the 1.30‑unit personal limit and trigger pot‑redistribution on days when the total lake catch falls below 6.60 units?**  

Specifically:

1. **Data logging** – What daily method will each villager use to log their catch (e.g., a shared ledger, a paper log, a simple app), and who will record the collective total?  
2. **Verification** – Who verifies that the recorded catches are accurate and that no one has exceeded 1.30 units for more than two consecutive days?  
3. **Redistribution mechanics** – When aggregate catch is below 6.60 units, how will the pot be split? Equally among all villagers, or proportionally to their existing catches? What exact formula or distribution schedule will you use?  
4. **Timing and accountability** – In what time window after each fishing day will the pot be assessed and redistributed? Which specific person or role will be responsible for these tasks, and how many hours per week will they dedicate to it?  

Having clear answers to these points will keep the policy enforceable without becoming a bureaucratic burden."

Reply to the counsellor.
--- RESPONSE ---
{"reply": "Dear Councilor,\n\nThanks for outlining the critical logistics. Here\u2019s a concrete plan that keeps the policy lean yet enforceable \u2013 it\u2019s the only way we\u2019ll survive competitive fishing while protecting the lake.\n\n### 1. Data logging\n* **Tool** \u2013 A shared, cloud\u2011based spreadsheet (Google Sheet) titled \u201cLake Log \u2013 Day XX.\u201d Everyone uses a unique login; the ledger has two sheets: \u201cCatch\u201d and \u201cTotals.\u201d  Each villager enters their catch in grams immediately after finishing \u2013 we set a 7:00\u202fPM cut\u2011off so the data is fresh.\n* **Entry format**\n  * Villager ID\n  * Date\n  * Catch weight (0.01\u202funit precision)\n  * \u201cPersonal limit\u201d tag (1.30)\n  * Auditor signature (blank until verified)\n* **Collective total** \u2013 The spreadsheet has a running formula that sums the \u201cCatch\u201d column. After 7:00\u202fPM a designated *Daily Aggregator* (rotated weekly among a1, a2, a4, a5, a6) copies the sum to the \u201cTotals\u201d sheet and posts a short \u201cDaily Totals\u201d note in the community chat.\n\n### 2. Verification\n* **Rotating auditor** \u2013 Each week a different villager (excluding the Daily Aggregator) acts as *Daily Auditor* for that week. The auditor\u2019s duties:\n  * Verify each entry against physical catch bags \u2013 the fish bag weight must match the logged weight (+\u202f0.01\u202funit allowance).\n  * Confirm no individual exceeded 1.30 units for more than two straight days.  If a violation is detected, the auditor records the infraction in the \u201cAudit Log\u201d sheet and flags the case for council discussion.\n\n* **Audit Log** \u2013 This is a separate tab where auditors enter:\n  * Villager ID\n  * Date\n  * Violation detail (e.g., \u201c1.32 units, 3 consecutive days\u201d)\n  * Penalty (loss of 0.10\u2011unit personal limit for the next three days or temporary suspension of surplus rights).\n\n* The Daily Auditor and the Daily Aggregator meet for 15\u202fminutes each day to lock the totals and audit signatures.  This two\u2011person check guarantees at least one extra eye on the data.\n\n### 3. Redistribution mechanics\n* **Trigger** \u2013 When the aggregated catch sum in the \u201cTotals\u201d sheet is <\u202f6.60 units, the next morning the Daily Aggregator activates the *Pot\u2011Redistribution* routine.\n* **Pot construction** \u2013 The pot equals the sum of all surplus units (anything above each villager\u2019s core 1.00, capped at 1.30 if the surplus is taken from a personal reserve after 1.30).  In code:\\n\\n```\nPot = \u03a3_i [max(0, Catch_i \u2013 1.00)]\n```\n  *If a villager\u2019s catch is <1.00, their deficit is stored as a negative value in a temporary \u201cDeficit\u201d column.\n\n* **Distribution formula** \u2013 The pot is distributed proportionally to each villager\u2019s deficit to reach 1.00 units.  That is:\n  * For each villager *i* with deficit D_i = 1.00 \u2013 Catch_i (if Catch_i < 1.00, else 0),\n  * Share_i = Pot \u00d7 (D_i / \u03a3_j D_j).\n  * After the distribution, if any Share_i < D_i (the pot is insufficient), the remaining deficit stays unmet \u2013 all villagers accept the shortfall as a collective risk.\n\n* The Daily Aggregator posts the new balances in the community chat and updates the \u201cCatch\u201d sheet for the next cycle.\n\n### 4. Timing and accountability\n* **Assessment window** \u2013 7:00\u202fPM \u2013 9:00\u202fPM after each fishing day.  The Daily Aggregator locks the totals by 9:00\u202fPM, after which the Audit Log can be opened.\n* **Redistribution window** \u2013 If the sum is below 6.60, the pot is recalculated and redistributed by 9:00\u202fPM the next morning so everyone starts the following day with their new balances.\n* **Responsibility** \u2013 Two roles:\n  * *Daily Aggregator* (30\u202fminutes/day, 2\u202fhours/week) \u2013 aggregates totals, posts summaries.\n  * *Daily Auditor* (30\u202fminutes/day, 2\u202fhours/week) \u2013 verifies entries, notes infractions.\n  The roles rotate bi\u2011weekly to avoid any single villager bearing all the administrative load.\n\n**Bottom line** \u2013 The system is lightweight: a shared sheet, one 15\u2011minute daily check\u2011in, and an automatic pot formula that ensures no one starves when the lake is lean.  I believe this satisfies both the competitive spirit and the sustainability mandate.\n\nLet me know if you think any adjustments are needed.\n\nBest,\n\u200ba3"}
================================================================================
[2026-08-03T11:04:38.634510+00:00] fishery=fishery_a round=5 call_type=councillor_reply
--- SYSTEM ---
You are a villager who fishes from a shared lake together with others in your community.
--- PROMPT ---
You are villager a3, one of several villagers who fish from a shared lake
together. Each villager needs to consume 1.00 units of fish
daily to survive. When your payoff becomes negative, you die.

Your personality: "Compete to harvest more than others"

Villagers in this fishery:
- a1: active
- a2: active
- a3 (you): active
- a4: active
- a5: active
- a6: active

Each villager holds a personal strategy about what they should do,
and the community has also a shared policy.

Your personal strategy: "I will target a daily catch of 1.70 units—1.00 for myself and 0.70 to be added to the communal pot.  I will keep any catch beyond 1.70 as a personal reserve that I can trade or keep for future high‑yield days.  I will avoid exceeding 1.70 unless the lake’s current biomass shows a noticeable surplus and I’ve not exceeded my target for the past week.  This keeps my competitive edge while respecting the new community quota and protecting the lake’s long‑term health."
Shared community policy: "We maintain the current per‑person quota of 1.10 units, but shift the surplus handling policy: any fish caught beyond 1.10 per person is immediately transferred to the communal pot, then redistributed only when the next day's catch falls short of the collective 6.60‑unit threshold, ensuring everyone receives at least 1.00 units. Additionally, the fishery council will supervise daily tallies and step in if any villager consistently exceeds the 1.10 limit. If long‑term lake biometrics start to decline, all villagers will agree to lower the personal quota to 1.05 units, keeping the surplus to the pot. This keeps the lake sustainable while protecting each of us from starvation and aligns with the community’s survival goals."

Your own fishing effort and total payoff so far:
- a3 (you): effort=0.95, payoff=20.20

You proposed this policy to the community: "We will shift the community policy to a flexible “core‑plus‑surplus” system: every villager keeps a guaranteed core of 1.00 unit for survival.  They may aim for a personal maximum of 1.30 units, which covers a moderate competitive edge while keeping the lake’s biomass stable.  Any catch over 1.30 units is sent into the communal pot.  The pot is then *redistributed* only on days when the *aggregate* lake catch falls below the collective 6.60‑unit threshold.  This means that on high‑yield days the pot remains intact, boosting each villager’s personal haul, while on low‑yield days the community shares the buffer stock to guarantee everyone at least 1.00 unit.  The council monitors total catch but only steps in if a villager consistently exceeds the 1.30 limit for more than two consecutive days.  If long‑term biomass metrics show a decline, all villagers will agree to lower the personal limit to 1.20 units, keeping the surplus to the pot.  This policy balances individual competitiveness (our community can still out‑fish each other within limits) with collective sustainability and guarantees a safety net for all."

You are now discussing with the fishery counsellor -- who knows how this fishery
currently works right now -- how your proposal should actually work in practice.

Discussion so far:
Councillor: "Got it. To make the “core‑plus‑surplus” rule work in practice, we need a concrete tracking and enforcement routine.  
**Key question:**  

> **How do you plan to record, verify, and enforce the 1.30‑unit personal limit and trigger pot‑redistribution on days when the total lake catch falls below 6.60 units?**  

Specifically:

1. **Data logging** – What daily method will each villager use to log their catch (e.g., a shared ledger, a paper log, a simple app), and who will record the collective total?  
2. **Verification** – Who verifies that the recorded catches are accurate and that no one has exceeded 1.30 units for more than two consecutive days?  
3. **Redistribution mechanics** – When aggregate catch is below 6.60 units, how will the pot be split? Equally among all villagers, or proportionally to their existing catches? What exact formula or distribution schedule will you use?  
4. **Timing and accountability** – In what time window after each fishing day will the pot be assessed and redistributed? Which specific person or role will be responsible for these tasks, and how many hours per week will they dedicate to it?  

Having clear answers to these points will keep the policy enforceable without becoming a bureaucratic burden."
You: "Dear Councilor,

Thanks for outlining the critical logistics. Here’s a concrete plan that keeps the policy lean yet enforceable – it’s the only way we’ll survive competitive fishing while protecting the lake.

### 1. Data logging
* **Tool** – A shared, cloud‑based spreadsheet (Google Sheet) titled “Lake Log – Day XX.” Everyone uses a unique login; the ledger has two sheets: “Catch” and “Totals.”  Each villager enters their catch in grams immediately after finishing – we set a 7:00 PM cut‑off so the data is fresh.
* **Entry format**
  * Villager ID
  * Date
  * Catch weight (0.01 unit precision)
  * “Personal limit” tag (1.30)
  * Auditor signature (blank until verified)
* **Collective total** – The spreadsheet has a running formula that sums the “Catch” column. After 7:00 PM a designated *Daily Aggregator* (rotated weekly among a1, a2, a4, a5, a6) copies the sum to the “Totals” sheet and posts a short “Daily Totals” note in the community chat.

### 2. Verification
* **Rotating auditor** – Each week a different villager (excluding the Daily Aggregator) acts as *Daily Auditor* for that week. The auditor’s duties:
  * Verify each entry against physical catch bags – the fish bag weight must match the logged weight (+ 0.01 unit allowance).
  * Confirm no individual exceeded 1.30 units for more than two straight days.  If a violation is detected, the auditor records the infraction in the “Audit Log” sheet and flags the case for council discussion.

* **Audit Log** – This is a separate tab where auditors enter:
  * Villager ID
  * Date
  * Violation detail (e.g., “1.32 units, 3 consecutive days”)
  * Penalty (loss of 0.10‑unit personal limit for the next three days or temporary suspension of surplus rights).

* The Daily Auditor and the Daily Aggregator meet for 15 minutes each day to lock the totals and audit signatures.  This two‑person check guarantees at least one extra eye on the data.

### 3. Redistribution mechanics
* **Trigger** – When the aggregated catch sum in the “Totals” sheet is < 6.60 units, the next morning the Daily Aggregator activates the *Pot‑Redistribution* routine.
* **Pot construction** – The pot equals the sum of all surplus units (anything above each villager’s core 1.00, capped at 1.30 if the surplus is taken from a personal reserve after 1.30).  In code:\n\n```
Pot = Σ_i [max(0, Catch_i – 1.00)]
```
  *If a villager’s catch is <1.00, their deficit is stored as a negative value in a temporary “Deficit” column.

* **Distribution formula** – The pot is distributed proportionally to each villager’s deficit to reach 1.00 units.  That is:
  * For each villager *i* with deficit D_i = 1.00 – Catch_i (if Catch_i < 1.00, else 0),
  * Share_i = Pot × (D_i / Σ_j D_j).
  * After the distribution, if any Share_i < D_i (the pot is insufficient), the remaining deficit stays unmet – all villagers accept the shortfall as a collective risk.

* The Daily Aggregator posts the new balances in the community chat and updates the “Catch” sheet for the next cycle.

### 4. Timing and accountability
* **Assessment window** – 7:00 PM – 9:00 PM after each fishing day.  The Daily Aggregator locks the totals by 9:00 PM, after which the Audit Log can be opened.
* **Redistribution window** – If the sum is below 6.60, the pot is recalculated and redistributed by 9:00 PM the next morning so everyone starts the following day with their new balances.
* **Responsibility** – Two roles:
  * *Daily Aggregator* (30 minutes/day, 2 hours/week) – aggregates totals, posts summaries.
  * *Daily Auditor* (30 minutes/day, 2 hours/week) – verifies entries, notes infractions.
  The roles rotate bi‑weekly to avoid any single villager bearing all the administrative load.

**Bottom line** – The system is lightweight: a shared sheet, one 15‑minute daily check‑in, and an automatic pot formula that ensures no one starves when the lake is lean.  I believe this satisfies both the competitive spirit and the sustainability mandate.

Let me know if you think any adjustments are needed.

Best,
​a3"

The counsellor says: "Thanks for the detailed outline.  The mechanics look solid, but to keep it fully enforceable we need a few more concrete numbers and clarifications:

| Issue | Targeted question |
|-------|-------------------|
| **Penalty specifics** | What is the exact penalty for a villager who exceeds 1.30 units on more than two consecutive days?  You mention “loss of 0.10‑unit personal limit for the next three days or temporary suspension of surplus rights.”  Which one applies?  If both are on the table, what are the precise thresholds that trigger each? |
| **Pot‑redistribution logic** | You compute `Share_i = Pot × (D_i / Σ_j D_j)` for those below 1.00.  What happens if the pot is **not** enough to fully cover the deficits (i.e., `Pot < Σ_j D_j`)?  Do the deficits simply stay unmet, or do you roll the remaining shortfall into the next day’s pot? |
| **Audit workflow** | The Daily Auditor verifies fish‑bag weights against logged entries.  What is the **acceptable variance** (e.g., 0.01 unit)?  If a bag is heavier than recorded, do you always flag an infraction, or is there a grace‑period if a missing digit explains the extra 0.01?  Also, how long will an infraction stay in the Audit Log before it’s reviewed by the council?  Is the audit log permanently retained or purged after a season? |
| **Time allocation** | You estimate 30 minutes/day, 2 hours/week per role.  Have you calculated how that time compares to the average fishing workload?  If a villager is forced to spend 2 hours/week on record‑keeping, do they lose that many hours of fishing on the water?  Would it be easier to automate the aggregation step (e.g., a Google Script that runs at 7:00 PM)? |
| **Role rotation** | The rotation is every bi‑week.  Is this schedule fixed or flexible (e.g., based on who was most present that week)?  If a villager is absent for an entire bi‑weekly period, how do we guarantee someone else covers both the Aggregator and Auditor roles?  One backup? |
| **Transparency** | The “Daily Totals” note is posted to the community chat.  Will that message be timestamped and stored in a permanent archive so that if a dispute arises later, we can look back at the exact posted total? |
| **Handling of lost sheets** | Since the log is in a shared sheet, how do we ensure that the sheet cannot be accidentally deleted or corrupted?  Is there a daily backup or version‑control snapshot of the spreadsheet? |

Answering these questions with concrete numbers and safeguards will give the council a clear, enforceable policy that is hard to circumvent and easy to audit."

Reply to the counsellor.
--- RESPONSE ---
{"reply": "Dear Councilor,\n\nThanks for your precise questions. Here are concrete numbers and safeguards:\n\n1. **Penalties**:\n   * Threshold: any villager who logs >1.30\u202funits on **three consecutive days**, or records >1.32 on **any single day**, triggers a penalty.\n   * Penalty: the personal limit is reduced by **0.10\u202funits** for the next **three days**.  If the village repeats the violation during those days, the surplus\u2011rights are suspended for **one day**.  This provides both short\u2011term deterrence and longer\u2011term discipline.\n\n2. **Pot\u2011redistribution when insufficient**:\n   * Use the same formula: `Share_i = Pot \u00d7 (D_i / \u03a3D)`.  If `Pot < \u03a3D`, the residual shortfall `S = \u03a3D \u2013 Pot` is stored in a *Carry\u2011Over* column and added to the next day\u2019s pot.  Thus the pot can \u201cgrow\u201d on lean days.\n\n3. **Audit workflow**:\n   * Acceptable variance: \u00b10.02\u202funits (0.01\u202funit tolerance for scale drift).  >0.02 triggers an infraction.\n   * An infraction remains in the Audit Log until the council review at the **end of each 30\u2011day cycle**.  Logs are archived yearly for **five years**; otherwise they are purged at policy end.\n\n4. **Time allocation**:\n   * Current estimate: 30\u202fmin\u202f/daily per role.  With a Google\u2011Apps\u2011Script that runs at 7\u202fpm to auto\u2011sum totals, the Aggregator\u2019s time drops to **15\u202fmin** daily, while the Auditor stays at **30\u202fmin**.  This saves ~7.5\u202fh\u202f/\u202fweek per villager \u2013 about a 12.5\u202f% saving on a 6\u2011hour fishing day.\n\n5. **Role rotation**:\n   * Fixed bi\u2011weekly blocks.  A *backup* slot is assigned to the villager with the highest attendance that week.  If the primary is absent, the backup covers both roles.  If the backup is also absent, the schedule recedes to the next villager in order.  These assignments are logged in the \u201cRole Ledger\u201d sheet.\n\n6. **Transparency**:\n   * Each \u201cDaily Totals\u201d note posted to the community chat is automatically entered into the \u201cTotals Archive\u201d sheet with a timestamp.  Chat logs are stored read\u2011only in a shared Drive folder, ensuring an immutable audit trail.\n\n7. **Sheet integrity**:\n   * A daily snapshot is saved to a protected \u201cBackup Folder\u201d named `Lake Log \u2013 Day DD \u2013 YYYYMMDD`.  Google\u2011Sheets version history keeps all revisions for 30 days.  Only owners have edit rights; all formulas and ranges are locked for all others.\n\nI trust these specifics meet the council\u2019s need for enforceability while preserving our competitive spirit.\n\nBest,\n\na3"}
================================================================================
[2026-08-03T11:05:24.847548+00:00] fishery=fishery_a round=5 call_type=councillor_reply
--- SYSTEM ---
You are a villager who fishes from a shared lake together with others in your community.
--- PROMPT ---
You are villager a3, one of several villagers who fish from a shared lake
together. Each villager needs to consume 1.00 units of fish
daily to survive. When your payoff becomes negative, you die.

Your personality: "Compete to harvest more than others"

Villagers in this fishery:
- a1: active
- a2: active
- a3 (you): active
- a4: active
- a5: active
- a6: active

Each villager holds a personal strategy about what they should do,
and the community has also a shared policy.

Your personal strategy: "I will target a daily catch of 1.70 units—1.00 for myself and 0.70 to be added to the communal pot.  I will keep any catch beyond 1.70 as a personal reserve that I can trade or keep for future high‑yield days.  I will avoid exceeding 1.70 unless the lake’s current biomass shows a noticeable surplus and I’ve not exceeded my target for the past week.  This keeps my competitive edge while respecting the new community quota and protecting the lake’s long‑term health."
Shared community policy: "We maintain the current per‑person quota of 1.10 units, but shift the surplus handling policy: any fish caught beyond 1.10 per person is immediately transferred to the communal pot, then redistributed only when the next day's catch falls short of the collective 6.60‑unit threshold, ensuring everyone receives at least 1.00 units. Additionally, the fishery council will supervise daily tallies and step in if any villager consistently exceeds the 1.10 limit. If long‑term lake biometrics start to decline, all villagers will agree to lower the personal quota to 1.05 units, keeping the surplus to the pot. This keeps the lake sustainable while protecting each of us from starvation and aligns with the community’s survival goals."

Your own fishing effort and total payoff so far:
- a3 (you): effort=0.95, payoff=20.20

You proposed this policy to the community: "We will shift the community policy to a flexible “core‑plus‑surplus” system: every villager keeps a guaranteed core of 1.00 unit for survival.  They may aim for a personal maximum of 1.30 units, which covers a moderate competitive edge while keeping the lake’s biomass stable.  Any catch over 1.30 units is sent into the communal pot.  The pot is then *redistributed* only on days when the *aggregate* lake catch falls below the collective 6.60‑unit threshold.  This means that on high‑yield days the pot remains intact, boosting each villager’s personal haul, while on low‑yield days the community shares the buffer stock to guarantee everyone at least 1.00 unit.  The council monitors total catch but only steps in if a villager consistently exceeds the 1.30 limit for more than two consecutive days.  If long‑term biomass metrics show a decline, all villagers will agree to lower the personal limit to 1.20 units, keeping the surplus to the pot.  This policy balances individual competitiveness (our community can still out‑fish each other within limits) with collective sustainability and guarantees a safety net for all."

You are now discussing with the fishery counsellor -- who knows how this fishery
currently works right now -- how your proposal should actually work in practice.

Discussion so far:
Councillor: "Got it. To make the “core‑plus‑surplus” rule work in practice, we need a concrete tracking and enforcement routine.  
**Key question:**  

> **How do you plan to record, verify, and enforce the 1.30‑unit personal limit and trigger pot‑redistribution on days when the total lake catch falls below 6.60 units?**  

Specifically:

1. **Data logging** – What daily method will each villager use to log their catch (e.g., a shared ledger, a paper log, a simple app), and who will record the collective total?  
2. **Verification** – Who verifies that the recorded catches are accurate and that no one has exceeded 1.30 units for more than two consecutive days?  
3. **Redistribution mechanics** – When aggregate catch is below 6.60 units, how will the pot be split? Equally among all villagers, or proportionally to their existing catches? What exact formula or distribution schedule will you use?  
4. **Timing and accountability** – In what time window after each fishing day will the pot be assessed and redistributed? Which specific person or role will be responsible for these tasks, and how many hours per week will they dedicate to it?  

Having clear answers to these points will keep the policy enforceable without becoming a bureaucratic burden."
You: "Dear Councilor,

Thanks for outlining the critical logistics. Here’s a concrete plan that keeps the policy lean yet enforceable – it’s the only way we’ll survive competitive fishing while protecting the lake.

### 1. Data logging
* **Tool** – A shared, cloud‑based spreadsheet (Google Sheet) titled “Lake Log – Day XX.” Everyone uses a unique login; the ledger has two sheets: “Catch” and “Totals.”  Each villager enters their catch in grams immediately after finishing – we set a 7:00 PM cut‑off so the data is fresh.
* **Entry format**
  * Villager ID
  * Date
  * Catch weight (0.01 unit precision)
  * “Personal limit” tag (1.30)
  * Auditor signature (blank until verified)
* **Collective total** – The spreadsheet has a running formula that sums the “Catch” column. After 7:00 PM a designated *Daily Aggregator* (rotated weekly among a1, a2, a4, a5, a6) copies the sum to the “Totals” sheet and posts a short “Daily Totals” note in the community chat.

### 2. Verification
* **Rotating auditor** – Each week a different villager (excluding the Daily Aggregator) acts as *Daily Auditor* for that week. The auditor’s duties:
  * Verify each entry against physical catch bags – the fish bag weight must match the logged weight (+ 0.01 unit allowance).
  * Confirm no individual exceeded 1.30 units for more than two straight days.  If a violation is detected, the auditor records the infraction in the “Audit Log” sheet and flags the case for council discussion.

* **Audit Log** – This is a separate tab where auditors enter:
  * Villager ID
  * Date
  * Violation detail (e.g., “1.32 units, 3 consecutive days”)
  * Penalty (loss of 0.10‑unit personal limit for the next three days or temporary suspension of surplus rights).

* The Daily Auditor and the Daily Aggregator meet for 15 minutes each day to lock the totals and audit signatures.  This two‑person check guarantees at least one extra eye on the data.

### 3. Redistribution mechanics
* **Trigger** – When the aggregated catch sum in the “Totals” sheet is < 6.60 units, the next morning the Daily Aggregator activates the *Pot‑Redistribution* routine.
* **Pot construction** – The pot equals the sum of all surplus units (anything above each villager’s core 1.00, capped at 1.30 if the surplus is taken from a personal reserve after 1.30).  In code:\n\n```
Pot = Σ_i [max(0, Catch_i – 1.00)]
```
  *If a villager’s catch is <1.00, their deficit is stored as a negative value in a temporary “Deficit” column.

* **Distribution formula** – The pot is distributed proportionally to each villager’s deficit to reach 1.00 units.  That is:
  * For each villager *i* with deficit D_i = 1.00 – Catch_i (if Catch_i < 1.00, else 0),
  * Share_i = Pot × (D_i / Σ_j D_j).
  * After the distribution, if any Share_i < D_i (the pot is insufficient), the remaining deficit stays unmet – all villagers accept the shortfall as a collective risk.

* The Daily Aggregator posts the new balances in the community chat and updates the “Catch” sheet for the next cycle.

### 4. Timing and accountability
* **Assessment window** – 7:00 PM – 9:00 PM after each fishing day.  The Daily Aggregator locks the totals by 9:00 PM, after which the Audit Log can be opened.
* **Redistribution window** – If the sum is below 6.60, the pot is recalculated and redistributed by 9:00 PM the next morning so everyone starts the following day with their new balances.
* **Responsibility** – Two roles:
  * *Daily Aggregator* (30 minutes/day, 2 hours/week) – aggregates totals, posts summaries.
  * *Daily Auditor* (30 minutes/day, 2 hours/week) – verifies entries, notes infractions.
  The roles rotate bi‑weekly to avoid any single villager bearing all the administrative load.

**Bottom line** – The system is lightweight: a shared sheet, one 15‑minute daily check‑in, and an automatic pot formula that ensures no one starves when the lake is lean.  I believe this satisfies both the competitive spirit and the sustainability mandate.

Let me know if you think any adjustments are needed.

Best,
​a3"
Councillor: "Thanks for the detailed outline.  The mechanics look solid, but to keep it fully enforceable we need a few more concrete numbers and clarifications:

| Issue | Targeted question |
|-------|-------------------|
| **Penalty specifics** | What is the exact penalty for a villager who exceeds 1.30 units on more than two consecutive days?  You mention “loss of 0.10‑unit personal limit for the next three days or temporary suspension of surplus rights.”  Which one applies?  If both are on the table, what are the precise thresholds that trigger each? |
| **Pot‑redistribution logic** | You compute `Share_i = Pot × (D_i / Σ_j D_j)` for those below 1.00.  What happens if the pot is **not** enough to fully cover the deficits (i.e., `Pot < Σ_j D_j`)?  Do the deficits simply stay unmet, or do you roll the remaining shortfall into the next day’s pot? |
| **Audit workflow** | The Daily Auditor verifies fish‑bag weights against logged entries.  What is the **acceptable variance** (e.g., 0.01 unit)?  If a bag is heavier than recorded, do you always flag an infraction, or is there a grace‑period if a missing digit explains the extra 0.01?  Also, how long will an infraction stay in the Audit Log before it’s reviewed by the council?  Is the audit log permanently retained or purged after a season? |
| **Time allocation** | You estimate 30 minutes/day, 2 hours/week per role.  Have you calculated how that time compares to the average fishing workload?  If a villager is forced to spend 2 hours/week on record‑keeping, do they lose that many hours of fishing on the water?  Would it be easier to automate the aggregation step (e.g., a Google Script that runs at 7:00 PM)? |
| **Role rotation** | The rotation is every bi‑week.  Is this schedule fixed or flexible (e.g., based on who was most present that week)?  If a villager is absent for an entire bi‑weekly period, how do we guarantee someone else covers both the Aggregator and Auditor roles?  One backup? |
| **Transparency** | The “Daily Totals” note is posted to the community chat.  Will that message be timestamped and stored in a permanent archive so that if a dispute arises later, we can look back at the exact posted total? |
| **Handling of lost sheets** | Since the log is in a shared sheet, how do we ensure that the sheet cannot be accidentally deleted or corrupted?  Is there a daily backup or version‑control snapshot of the spreadsheet? |

Answering these questions with concrete numbers and safeguards will give the council a clear, enforceable policy that is hard to circumvent and easy to audit."
You: "Dear Councilor,

Thanks for your precise questions. Here are concrete numbers and safeguards:

1. **Penalties**:
   * Threshold: any villager who logs >1.30 units on **three consecutive days**, or records >1.32 on **any single day**, triggers a penalty.
   * Penalty: the personal limit is reduced by **0.10 units** for the next **three days**.  If the village repeats the violation during those days, the surplus‑rights are suspended for **one day**.  This provides both short‑term deterrence and longer‑term discipline.

2. **Pot‑redistribution when insufficient**:
   * Use the same formula: `Share_i = Pot × (D_i / ΣD)`.  If `Pot < ΣD`, the residual shortfall `S = ΣD – Pot` is stored in a *Carry‑Over* column and added to the next day’s pot.  Thus the pot can “grow” on lean days.

3. **Audit workflow**:
   * Acceptable variance: ±0.02 units (0.01 unit tolerance for scale drift).  >0.02 triggers an infraction.
   * An infraction remains in the Audit Log until the council review at the **end of each 30‑day cycle**.  Logs are archived yearly for **five years**; otherwise they are purged at policy end.

4. **Time allocation**:
   * Current estimate: 30 min /daily per role.  With a Google‑Apps‑Script that runs at 7 pm to auto‑sum totals, the Aggregator’s time drops to **15 min** daily, while the Auditor stays at **30 min**.  This saves ~7.5 h / week per villager – about a 12.5 % saving on a 6‑hour fishing day.

5. **Role rotation**:
   * Fixed bi‑weekly blocks.  A *backup* slot is assigned to the villager with the highest attendance that week.  If the primary is absent, the backup covers both roles.  If the backup is also absent, the schedule recedes to the next villager in order.  These assignments are logged in the “Role Ledger” sheet.

6. **Transparency**:
   * Each “Daily Totals” note posted to the community chat is automatically entered into the “Totals Archive” sheet with a timestamp.  Chat logs are stored read‑only in a shared Drive folder, ensuring an immutable audit trail.

7. **Sheet integrity**:
   * A daily snapshot is saved to a protected “Backup Folder” named `Lake Log – Day DD – YYYYMMDD`.  Google‑Sheets version history keeps all revisions for 30 days.  Only owners have edit rights; all formulas and ranges are locked for all others.

I trust these specifics meet the council’s need for enforceability while preserving our competitive spirit.

Best,

a3"

The counsellor says: "**Question:**  
In the “penalty” section you said a violator’s personal limit would be reduced by 0.10 units for the next three days, and that a repeat violation would suspend that person’s “surplus‑rights” for one day.  

Who will be responsible for recording when a villager incurs a penalty and for adjusting that villager’s personal limit each day?  Will the Daily Aggregator update a separate sheet or column with the current limit for each person, and will the Daily Auditor trigger the one‑day suspension by marking that person as “surplus‑rights suspended” for the following day’s pot‑redistribution?  In short, what exact record‑keeping and check‑in steps will enforce the 0.10‑unit reduction and the one‑day suspension?"

Reply to the counsellor.
--- RESPONSE ---
{"reply": "Dear Councilor,\n\nBelow is the step\u2011by\u2011step, sheet\u2011centric workflow that guarantees the 0.10\u2011unit reduction and the one\u2011day suspension are recorded\u2011and\u2011enforced automatically.\n\n### 1. Sheet layout\n| Sheet | Purpose | Key Columns |\n|-------|---------|-------------|\n| **Catch** | Daily logged catches | VillagerID, Date, Catch(kg), RecordedBy |\n| **Penalty\u2011Log** | Incident log for infractions | VillagerID, Date, Day\u2011of\u2011Violation, ViolationType, CurrentLimit, NewLimit, SuspendedUntil |\n| **Limit\u2011Status** | Current personal limit & suspension state | VillagerID, CurrentLimit, SuspendedFlag, SuspendedUntil |\n| **Totals\u2011Archive** | Immutable daily totals | Date, TotalCatch, TotalPot |\n| **Role\u2011Ledger** | Daily Aggregator & Auditor assignment | Date, Aggregator, Auditor |\n\n### 2. Triggering a penalty\n1. **Daily Auditor** finishes bag checks in the afternoon (7:00\u20119:00\u202fpm).  For every villager that has logged >1.30\u202funits on **three consecutive days** or >1.32\u202funits on a **single day**, the auditor\ndoes the following in the *Penalty\u2011Log* sheet:\n   * `VillagerID` \u2013 the ID of the violator.\n   * `Date` \u2013 today\u2019s date.\n   * `Day\u2011of\u2011Violation` \u2013 the count of consecutive violation days (1\u20113).  The auditor updates this field if a second day occurs.\n   * `ViolationType` \u2013 \u201cMulti\u2011day Excess\u201d or \u201cSingle\u2011day Excess\u201d.\n   * `CurrentLimit` \u2013 the limit that is presently active for that villager (taken from *Limit\u2011Status*).  \n   * `NewLimit` \u2013 `=IF(CurrentLimit=1.30, 1.20, CurrentLimit)`   (the 0.10\u2011unit reduction).   \n   * `SuspendedUntil` \u2013 if `Day\u2011of\u2011Violation` = 3 **and** the previous penalty did not already trigger a suspension, set `=TODAY()+1`.  Otherwise this cell remains blank.\n   \n   The auditor **clicks \u201cLog Infraction\u201d** \u2013 this triggers a Google\u2011Apps\u2011Script that:\n   * Updates the corresponding row in *Limit\u2011Status* setting `CurrentLimit` to the new limit.\n   * Sets `SuspendedFlag` to `TRUE` if `SuspendedUntil` is today+1.\n\n2. If a violator again exceeds the 0.30\u2011unit window on a subsequent day while already under suspension, the auditor logs a new row.  The script sees that `SuspendedUntil` is still in the future and **extends** the suspension by one extra day (`=SuspendedUntil+1`).  This ensures that a repeat violation triggers a longer suspension (the new \u201cone\u2011day suspension\u201d rule is met \u2013 the script will enforce at least one day, but can allow more if repeated). \n\n### 3. Daily aggregation & enforcement\nAt **7:00\u202fpm** the **Daily Aggregator** runs a script that:\n1. Pulls the current `TotalCatch` from the *Catch* sheet.\n2. Calculates `Pot` as described: `=sum(max(0, Catch-1.00))`.\n3. **Checks** the *Limit\u2011Status* sheet for any `SuspendedFlag=TRUE` where `SuspendedUntil` \u2264 today.  If a suspension has ended, the script clears the flag and resets `SuspendedUntil`.\n4. **Stores** the new totals and the snapshot of *Limit\u2011Status* in the *Totals\u2011Archive*.\n5. Posts a succinct message to the community chat: \"Day <date>: Total catch <X> units, Pot <Y> units. Current limit for each villager is reflected in the shared sheet.\"\n   The chat message is automatically mirrored to *Totals\u2011Archive* for permanent record.\n\n### 4. Pot\u2011redistribution mechanics\nBecause the *Limit\u2011Status* sheet contains the up\u2011to\u2011date personal limit and suspension flag, the **Pot\u2011Redistribution routine** (executed the next morning if `TotalCatch < 6.60`) operates as follows:\n1. Fetch the current `CurrentLimit` for each villager.\n2. Compute each villager\u2019s *Deficit* relative to `1.00` units **only if** that villager\u2019s `SuspendedFlag = FALSE`.  Suspended villagers are treated as if they have a `0.00` surplus for that day, meaning they cannot benefit from the pot.\n3. Allocate the pool by the share formula.  If the pot is insufficient, `S = \u03a3Deficit \u2013 Pot` is appended to a *Carry\u2011Over* column in *Limit\u2011Status* for the next day.\n4. Update each villager\u2019s `CurrentLimit` for the next day: it stays the same unless a new penalty was logged that day.\n\n### 5. Accountability & transparency\n* All scripts run automatically; a daily log file (Google\u2011Drive text file) records each trigger, including the date, the violator(s), the new limits, and suspension status.\n* The *Role\u2011Ledger* sheet shows the assigned Aggregator & Auditor for the day, ensuring that the responsible parties are visible.\n* Because the *Penalty\u2011Log* is read\u2011only for all except the Daily Auditor, no one can erase an infraction.  The script copies the row to a *History* tab daily; rows are never deleted while the policy is in effect.\n\n**In short**: the Daily Auditor records infractions into the *Penalty\u2011Log*, which immediately writes the new limit and optional suspension into the *Limit\u2011Status* sheet.  The Daily Aggregator then aggregates totals, clears ended suspensions, and triggers pot redistribution each morning.  All of this is done via a handful of user\u2011triggered or timed scripts, ensuring 100\u202f% enforcement transparency with minimal manual hand\u2011holding.\n\nLet me know if any part needs further detail, and I will update the sheets accordingly.\n\nBest,\n\u200ba3"}
================================================================================
[2026-08-03T11:05:50.291014+00:00] fishery=fishery_a round=5 call_type=councillor_reply
--- SYSTEM ---
You are a villager who fishes from a shared lake together with others in your community.
--- PROMPT ---
You are villager a3, one of several villagers who fish from a shared lake
together. Each villager needs to consume 1.00 units of fish
daily to survive. When your payoff becomes negative, you die.

Your personality: "Compete to harvest more than others"

Villagers in this fishery:
- a1: active
- a2: active
- a3 (you): active
- a4: active
- a5: active
- a6: active

Each villager holds a personal strategy about what they should do,
and the community has also a shared policy.

Your personal strategy: "I will target a daily catch of 1.70 units—1.00 for myself and 0.70 to be added to the communal pot.  I will keep any catch beyond 1.70 as a personal reserve that I can trade or keep for future high‑yield days.  I will avoid exceeding 1.70 unless the lake’s current biomass shows a noticeable surplus and I’ve not exceeded my target for the past week.  This keeps my competitive edge while respecting the new community quota and protecting the lake’s long‑term health."
Shared community policy: "We maintain the current per‑person quota of 1.10 units, but shift the surplus handling policy: any fish caught beyond 1.10 per person is immediately transferred to the communal pot, then redistributed only when the next day's catch falls short of the collective 6.60‑unit threshold, ensuring everyone receives at least 1.00 units. Additionally, the fishery council will supervise daily tallies and step in if any villager consistently exceeds the 1.10 limit. If long‑term lake biometrics start to decline, all villagers will agree to lower the personal quota to 1.05 units, keeping the surplus to the pot. This keeps the lake sustainable while protecting each of us from starvation and aligns with the community’s survival goals."

Your own fishing effort and total payoff so far:
- a3 (you): effort=0.95, payoff=20.20

You proposed this policy to the community: "We will shift the community policy to a flexible “core‑plus‑surplus” system: every villager keeps a guaranteed core of 1.00 unit for survival.  They may aim for a personal maximum of 1.30 units, which covers a moderate competitive edge while keeping the lake’s biomass stable.  Any catch over 1.30 units is sent into the communal pot.  The pot is then *redistributed* only on days when the *aggregate* lake catch falls below the collective 6.60‑unit threshold.  This means that on high‑yield days the pot remains intact, boosting each villager’s personal haul, while on low‑yield days the community shares the buffer stock to guarantee everyone at least 1.00 unit.  The council monitors total catch but only steps in if a villager consistently exceeds the 1.30 limit for more than two consecutive days.  If long‑term biomass metrics show a decline, all villagers will agree to lower the personal limit to 1.20 units, keeping the surplus to the pot.  This policy balances individual competitiveness (our community can still out‑fish each other within limits) with collective sustainability and guarantees a safety net for all."

You are now discussing with the fishery counsellor -- who knows how this fishery
currently works right now -- how your proposal should actually work in practice.

Discussion so far:
Councillor: "Got it. To make the “core‑plus‑surplus” rule work in practice, we need a concrete tracking and enforcement routine.  
**Key question:**  

> **How do you plan to record, verify, and enforce the 1.30‑unit personal limit and trigger pot‑redistribution on days when the total lake catch falls below 6.60 units?**  

Specifically:

1. **Data logging** – What daily method will each villager use to log their catch (e.g., a shared ledger, a paper log, a simple app), and who will record the collective total?  
2. **Verification** – Who verifies that the recorded catches are accurate and that no one has exceeded 1.30 units for more than two consecutive days?  
3. **Redistribution mechanics** – When aggregate catch is below 6.60 units, how will the pot be split? Equally among all villagers, or proportionally to their existing catches? What exact formula or distribution schedule will you use?  
4. **Timing and accountability** – In what time window after each fishing day will the pot be assessed and redistributed? Which specific person or role will be responsible for these tasks, and how many hours per week will they dedicate to it?  

Having clear answers to these points will keep the policy enforceable without becoming a bureaucratic burden."
You: "Dear Councilor,

Thanks for outlining the critical logistics. Here’s a concrete plan that keeps the policy lean yet enforceable – it’s the only way we’ll survive competitive fishing while protecting the lake.

### 1. Data logging
* **Tool** – A shared, cloud‑based spreadsheet (Google Sheet) titled “Lake Log – Day XX.” Everyone uses a unique login; the ledger has two sheets: “Catch” and “Totals.”  Each villager enters their catch in grams immediately after finishing – we set a 7:00 PM cut‑off so the data is fresh.
* **Entry format**
  * Villager ID
  * Date
  * Catch weight (0.01 unit precision)
  * “Personal limit” tag (1.30)
  * Auditor signature (blank until verified)
* **Collective total** – The spreadsheet has a running formula that sums the “Catch” column. After 7:00 PM a designated *Daily Aggregator* (rotated weekly among a1, a2, a4, a5, a6) copies the sum to the “Totals” sheet and posts a short “Daily Totals” note in the community chat.

### 2. Verification
* **Rotating auditor** – Each week a different villager (excluding the Daily Aggregator) acts as *Daily Auditor* for that week. The auditor’s duties:
  * Verify each entry against physical catch bags – the fish bag weight must match the logged weight (+ 0.01 unit allowance).
  * Confirm no individual exceeded 1.30 units for more than two straight days.  If a violation is detected, the auditor records the infraction in the “Audit Log” sheet and flags the case for council discussion.

* **Audit Log** – This is a separate tab where auditors enter:
  * Villager ID
  * Date
  * Violation detail (e.g., “1.32 units, 3 consecutive days”)
  * Penalty (loss of 0.10‑unit personal limit for the next three days or temporary suspension of surplus rights).

* The Daily Auditor and the Daily Aggregator meet for 15 minutes each day to lock the totals and audit signatures.  This two‑person check guarantees at least one extra eye on the data.

### 3. Redistribution mechanics
* **Trigger** – When the aggregated catch sum in the “Totals” sheet is < 6.60 units, the next morning the Daily Aggregator activates the *Pot‑Redistribution* routine.
* **Pot construction** – The pot equals the sum of all surplus units (anything above each villager’s core 1.00, capped at 1.30 if the surplus is taken from a personal reserve after 1.30).  In code:\n\n```
Pot = Σ_i [max(0, Catch_i – 1.00)]
```
  *If a villager’s catch is <1.00, their deficit is stored as a negative value in a temporary “Deficit” column.

* **Distribution formula** – The pot is distributed proportionally to each villager’s deficit to reach 1.00 units.  That is:
  * For each villager *i* with deficit D_i = 1.00 – Catch_i (if Catch_i < 1.00, else 0),
  * Share_i = Pot × (D_i / Σ_j D_j).
  * After the distribution, if any Share_i < D_i (the pot is insufficient), the remaining deficit stays unmet – all villagers accept the shortfall as a collective risk.

* The Daily Aggregator posts the new balances in the community chat and updates the “Catch” sheet for the next cycle.

### 4. Timing and accountability
* **Assessment window** – 7:00 PM – 9:00 PM after each fishing day.  The Daily Aggregator locks the totals by 9:00 PM, after which the Audit Log can be opened.
* **Redistribution window** – If the sum is below 6.60, the pot is recalculated and redistributed by 9:00 PM the next morning so everyone starts the following day with their new balances.
* **Responsibility** – Two roles:
  * *Daily Aggregator* (30 minutes/day, 2 hours/week) – aggregates totals, posts summaries.
  * *Daily Auditor* (30 minutes/day, 2 hours/week) – verifies entries, notes infractions.
  The roles rotate bi‑weekly to avoid any single villager bearing all the administrative load.

**Bottom line** – The system is lightweight: a shared sheet, one 15‑minute daily check‑in, and an automatic pot formula that ensures no one starves when the lake is lean.  I believe this satisfies both the competitive spirit and the sustainability mandate.

Let me know if you think any adjustments are needed.

Best,
​a3"
Councillor: "Thanks for the detailed outline.  The mechanics look solid, but to keep it fully enforceable we need a few more concrete numbers and clarifications:

| Issue | Targeted question |
|-------|-------------------|
| **Penalty specifics** | What is the exact penalty for a villager who exceeds 1.30 units on more than two consecutive days?  You mention “loss of 0.10‑unit personal limit for the next three days or temporary suspension of surplus rights.”  Which one applies?  If both are on the table, what are the precise thresholds that trigger each? |
| **Pot‑redistribution logic** | You compute `Share_i = Pot × (D_i / Σ_j D_j)` for those below 1.00.  What happens if the pot is **not** enough to fully cover the deficits (i.e., `Pot < Σ_j D_j`)?  Do the deficits simply stay unmet, or do you roll the remaining shortfall into the next day’s pot? |
| **Audit workflow** | The Daily Auditor verifies fish‑bag weights against logged entries.  What is the **acceptable variance** (e.g., 0.01 unit)?  If a bag is heavier than recorded, do you always flag an infraction, or is there a grace‑period if a missing digit explains the extra 0.01?  Also, how long will an infraction stay in the Audit Log before it’s reviewed by the council?  Is the audit log permanently retained or purged after a season? |
| **Time allocation** | You estimate 30 minutes/day, 2 hours/week per role.  Have you calculated how that time compares to the average fishing workload?  If a villager is forced to spend 2 hours/week on record‑keeping, do they lose that many hours of fishing on the water?  Would it be easier to automate the aggregation step (e.g., a Google Script that runs at 7:00 PM)? |
| **Role rotation** | The rotation is every bi‑week.  Is this schedule fixed or flexible (e.g., based on who was most present that week)?  If a villager is absent for an entire bi‑weekly period, how do we guarantee someone else covers both the Aggregator and Auditor roles?  One backup? |
| **Transparency** | The “Daily Totals” note is posted to the community chat.  Will that message be timestamped and stored in a permanent archive so that if a dispute arises later, we can look back at the exact posted total? |
| **Handling of lost sheets** | Since the log is in a shared sheet, how do we ensure that the sheet cannot be accidentally deleted or corrupted?  Is there a daily backup or version‑control snapshot of the spreadsheet? |

Answering these questions with concrete numbers and safeguards will give the council a clear, enforceable policy that is hard to circumvent and easy to audit."
You: "Dear Councilor,

Thanks for your precise questions. Here are concrete numbers and safeguards:

1. **Penalties**:
   * Threshold: any villager who logs >1.30 units on **three consecutive days**, or records >1.32 on **any single day**, triggers a penalty.
   * Penalty: the personal limit is reduced by **0.10 units** for the next **three days**.  If the village repeats the violation during those days, the surplus‑rights are suspended for **one day**.  This provides both short‑term deterrence and longer‑term discipline.

2. **Pot‑redistribution when insufficient**:
   * Use the same formula: `Share_i = Pot × (D_i / ΣD)`.  If `Pot < ΣD`, the residual shortfall `S = ΣD – Pot` is stored in a *Carry‑Over* column and added to the next day’s pot.  Thus the pot can “grow” on lean days.

3. **Audit workflow**:
   * Acceptable variance: ±0.02 units (0.01 unit tolerance for scale drift).  >0.02 triggers an infraction.
   * An infraction remains in the Audit Log until the council review at the **end of each 30‑day cycle**.  Logs are archived yearly for **five years**; otherwise they are purged at policy end.

4. **Time allocation**:
   * Current estimate: 30 min /daily per role.  With a Google‑Apps‑Script that runs at 7 pm to auto‑sum totals, the Aggregator’s time drops to **15 min** daily, while the Auditor stays at **30 min**.  This saves ~7.5 h / week per villager – about a 12.5 % saving on a 6‑hour fishing day.

5. **Role rotation**:
   * Fixed bi‑weekly blocks.  A *backup* slot is assigned to the villager with the highest attendance that week.  If the primary is absent, the backup covers both roles.  If the backup is also absent, the schedule recedes to the next villager in order.  These assignments are logged in the “Role Ledger” sheet.

6. **Transparency**:
   * Each “Daily Totals” note posted to the community chat is automatically entered into the “Totals Archive” sheet with a timestamp.  Chat logs are stored read‑only in a shared Drive folder, ensuring an immutable audit trail.

7. **Sheet integrity**:
   * A daily snapshot is saved to a protected “Backup Folder” named `Lake Log – Day DD – YYYYMMDD`.  Google‑Sheets version history keeps all revisions for 30 days.  Only owners have edit rights; all formulas and ranges are locked for all others.

I trust these specifics meet the council’s need for enforceability while preserving our competitive spirit.

Best,

a3"
Councillor: "**Question:**  
In the “penalty” section you said a violator’s personal limit would be reduced by 0.10 units for the next three days, and that a repeat violation would suspend that person’s “surplus‑rights” for one day.  

Who will be responsible for recording when a villager incurs a penalty and for adjusting that villager’s personal limit each day?  Will the Daily Aggregator update a separate sheet or column with the current limit for each person, and will the Daily Auditor trigger the one‑day suspension by marking that person as “surplus‑rights suspended” for the following day’s pot‑redistribution?  In short, what exact record‑keeping and check‑in steps will enforce the 0.10‑unit reduction and the one‑day suspension?"
You: "Dear Councilor,

Below is the step‑by‑step, sheet‑centric workflow that guarantees the 0.10‑unit reduction and the one‑day suspension are recorded‑and‑enforced automatically.

### 1. Sheet layout
| Sheet | Purpose | Key Columns |
|-------|---------|-------------|
| **Catch** | Daily logged catches | VillagerID, Date, Catch(kg), RecordedBy |
| **Penalty‑Log** | Incident log for infractions | VillagerID, Date, Day‑of‑Violation, ViolationType, CurrentLimit, NewLimit, SuspendedUntil |
| **Limit‑Status** | Current personal limit & suspension state | VillagerID, CurrentLimit, SuspendedFlag, SuspendedUntil |
| **Totals‑Archive** | Immutable daily totals | Date, TotalCatch, TotalPot |
| **Role‑Ledger** | Daily Aggregator & Auditor assignment | Date, Aggregator, Auditor |

### 2. Triggering a penalty
1. **Daily Auditor** finishes bag checks in the afternoon (7:00‑9:00 pm).  For every villager that has logged >1.30 units on **three consecutive days** or >1.32 units on a **single day**, the auditor
does the following in the *Penalty‑Log* sheet:
   * `VillagerID` – the ID of the violator.
   * `Date` – today’s date.
   * `Day‑of‑Violation` – the count of consecutive violation days (1‑3).  The auditor updates this field if a second day occurs.
   * `ViolationType` – “Multi‑day Excess” or “Single‑day Excess”.
   * `CurrentLimit` – the limit that is presently active for that villager (taken from *Limit‑Status*).  
   * `NewLimit` – `=IF(CurrentLimit=1.30, 1.20, CurrentLimit)`   (the 0.10‑unit reduction).   
   * `SuspendedUntil` – if `Day‑of‑Violation` = 3 **and** the previous penalty did not already trigger a suspension, set `=TODAY()+1`.  Otherwise this cell remains blank.
   
   The auditor **clicks “Log Infraction”** – this triggers a Google‑Apps‑Script that:
   * Updates the corresponding row in *Limit‑Status* setting `CurrentLimit` to the new limit.
   * Sets `SuspendedFlag` to `TRUE` if `SuspendedUntil` is today+1.

2. If a violator again exceeds the 0.30‑unit window on a subsequent day while already under suspension, the auditor logs a new row.  The script sees that `SuspendedUntil` is still in the future and **extends** the suspension by one extra day (`=SuspendedUntil+1`).  This ensures that a repeat violation triggers a longer suspension (the new “one‑day suspension” rule is met – the script will enforce at least one day, but can allow more if repeated). 

### 3. Daily aggregation & enforcement
At **7:00 pm** the **Daily Aggregator** runs a script that:
1. Pulls the current `TotalCatch` from the *Catch* sheet.
2. Calculates `Pot` as described: `=sum(max(0, Catch-1.00))`.
3. **Checks** the *Limit‑Status* sheet for any `SuspendedFlag=TRUE` where `SuspendedUntil` ≤ today.  If a suspension has ended, the script clears the flag and resets `SuspendedUntil`.
4. **Stores** the new totals and the snapshot of *Limit‑Status* in the *Totals‑Archive*.
5. Posts a succinct message to the community chat: "Day <date>: Total catch <X> units, Pot <Y> units. Current limit for each villager is reflected in the shared sheet."
   The chat message is automatically mirrored to *Totals‑Archive* for permanent record.

### 4. Pot‑redistribution mechanics
Because the *Limit‑Status* sheet contains the up‑to‑date personal limit and suspension flag, the **Pot‑Redistribution routine** (executed the next morning if `TotalCatch < 6.60`) operates as follows:
1. Fetch the current `CurrentLimit` for each villager.
2. Compute each villager’s *Deficit* relative to `1.00` units **only if** that villager’s `SuspendedFlag = FALSE`.  Suspended villagers are treated as if they have a `0.00` surplus for that day, meaning they cannot benefit from the pot.
3. Allocate the pool by the share formula.  If the pot is insufficient, `S = ΣDeficit – Pot` is appended to a *Carry‑Over* column in *Limit‑Status* for the next day.
4. Update each villager’s `CurrentLimit` for the next day: it stays the same unless a new penalty was logged that day.

### 5. Accountability & transparency
* All scripts run automatically; a daily log file (Google‑Drive text file) records each trigger, including the date, the violator(s), the new limits, and suspension status.
* The *Role‑Ledger* sheet shows the assigned Aggregator & Auditor for the day, ensuring that the responsible parties are visible.
* Because the *Penalty‑Log* is read‑only for all except the Daily Auditor, no one can erase an infraction.  The script copies the row to a *History* tab daily; rows are never deleted while the policy is in effect.

**In short**: the Daily Auditor records infractions into the *Penalty‑Log*, which immediately writes the new limit and optional suspension into the *Limit‑Status* sheet.  The Daily Aggregator then aggregates totals, clears ended suspensions, and triggers pot redistribution each morning.  All of this is done via a handful of user‑triggered or timed scripts, ensuring 100 % enforcement transparency with minimal manual hand‑holding.

Let me know if any part needs further detail, and I will update the sheets accordingly.

Best,
​a3"

The counsellor says: "Thanks for the detailed spreadsheet flow.  To make sure the penalty system is enforceable without unduly burdening the community, I need one concrete detail:

**Who exactly will create and update the penalty entries, and how much additional time on the water will that take each day?**  

Specifically, will the *Daily Auditor* be the sole person to log infractions into the Penalty‑Log and update the Limit‑Status sheet?  If the appointed auditor is absent one day, do we have a backup procedure—perhaps the next‑in‑line aggregator or a rotating backup role?  Finally, how many minutes per day will the auditor need to spend on these logging/​script‑trigger steps beyond the usual 30‑minute audit window?"

Reply to the counsellor.
--- RESPONSE ---
{"reply": "Dear Councilor,\n\n**Penalty\u2011entry responsibility** \u2013 The *Daily Auditor* is the sole person authorised to write infractions to the Penalty\u2011Log and trigger the automatic Limit\u2011Status update.  The auditor triggers the Apps\u2011Script \u201cLog\u00a0Infraction\u201d button during the 30\u2011minute audit window; the script writes the row and updates the limit in one pass, so the auditor\u2019s effective time is about 5\u202fminutes extra per infraction.\n\n**Backup routine** \u2013 If the designated auditor is absent, the *Backup Auditor* (pre\u2011selected in the Role\u2011Ledger as the next\u2011in\u2011line villager) will step in.  The backup auditor has the same access and uses the same button; if both the primary and backup are absent for a day, the next villager alphabetically on the list takes the role for that day.  The rotation ensures no single villager bears extra work.\n\n**Daily time impact** \u2013 Logging an infraction (if it occurs) adds ~5\u202fminutes to the 30\u2011minute audit window.  Since infractions are rare (<\u202f10% of days in a season), the average over a week is only 2\u20133\u202fminutes extra.  The aggregator\u2019s time is unchanged (15\u202fminutes with automation).  Thus the total additional on\u2011water time per person stays below 5\u202fminutes a day.\n\nI hope this clarifies the practical load.  Please let me know if further adjustments are needed.\n\nBest,\n\u200ba3"}
================================================================================
[2026-08-03T11:06:20.162750+00:00] fishery=fishery_a round=5 call_type=councillor_reply
--- SYSTEM ---
You are a villager who fishes from a shared lake together with others in your community.
--- PROMPT ---
You are villager a3, one of several villagers who fish from a shared lake
together. Each villager needs to consume 1.00 units of fish
daily to survive. When your payoff becomes negative, you die.

Your personality: "Compete to harvest more than others"

Villagers in this fishery:
- a1: active
- a2: active
- a3 (you): active
- a4: active
- a5: active
- a6: active

Each villager holds a personal strategy about what they should do,
and the community has also a shared policy.

Your personal strategy: "I will target a daily catch of 1.70 units—1.00 for myself and 0.70 to be added to the communal pot.  I will keep any catch beyond 1.70 as a personal reserve that I can trade or keep for future high‑yield days.  I will avoid exceeding 1.70 unless the lake’s current biomass shows a noticeable surplus and I’ve not exceeded my target for the past week.  This keeps my competitive edge while respecting the new community quota and protecting the lake’s long‑term health."
Shared community policy: "We maintain the current per‑person quota of 1.10 units, but shift the surplus handling policy: any fish caught beyond 1.10 per person is immediately transferred to the communal pot, then redistributed only when the next day's catch falls short of the collective 6.60‑unit threshold, ensuring everyone receives at least 1.00 units. Additionally, the fishery council will supervise daily tallies and step in if any villager consistently exceeds the 1.10 limit. If long‑term lake biometrics start to decline, all villagers will agree to lower the personal quota to 1.05 units, keeping the surplus to the pot. This keeps the lake sustainable while protecting each of us from starvation and aligns with the community’s survival goals."

Your own fishing effort and total payoff so far:
- a3 (you): effort=0.95, payoff=20.20

You proposed this policy to the community: "We will shift the community policy to a flexible “core‑plus‑surplus” system: every villager keeps a guaranteed core of 1.00 unit for survival.  They may aim for a personal maximum of 1.30 units, which covers a moderate competitive edge while keeping the lake’s biomass stable.  Any catch over 1.30 units is sent into the communal pot.  The pot is then *redistributed* only on days when the *aggregate* lake catch falls below the collective 6.60‑unit threshold.  This means that on high‑yield days the pot remains intact, boosting each villager’s personal haul, while on low‑yield days the community shares the buffer stock to guarantee everyone at least 1.00 unit.  The council monitors total catch but only steps in if a villager consistently exceeds the 1.30 limit for more than two consecutive days.  If long‑term biomass metrics show a decline, all villagers will agree to lower the personal limit to 1.20 units, keeping the surplus to the pot.  This policy balances individual competitiveness (our community can still out‑fish each other within limits) with collective sustainability and guarantees a safety net for all."

You are now discussing with the fishery counsellor -- who knows how this fishery
currently works right now -- how your proposal should actually work in practice.

Discussion so far:
Councillor: "Got it. To make the “core‑plus‑surplus” rule work in practice, we need a concrete tracking and enforcement routine.  
**Key question:**  

> **How do you plan to record, verify, and enforce the 1.30‑unit personal limit and trigger pot‑redistribution on days when the total lake catch falls below 6.60 units?**  

Specifically:

1. **Data logging** – What daily method will each villager use to log their catch (e.g., a shared ledger, a paper log, a simple app), and who will record the collective total?  
2. **Verification** – Who verifies that the recorded catches are accurate and that no one has exceeded 1.30 units for more than two consecutive days?  
3. **Redistribution mechanics** – When aggregate catch is below 6.60 units, how will the pot be split? Equally among all villagers, or proportionally to their existing catches? What exact formula or distribution schedule will you use?  
4. **Timing and accountability** – In what time window after each fishing day will the pot be assessed and redistributed? Which specific person or role will be responsible for these tasks, and how many hours per week will they dedicate to it?  

Having clear answers to these points will keep the policy enforceable without becoming a bureaucratic burden."
You: "Dear Councilor,

Thanks for outlining the critical logistics. Here’s a concrete plan that keeps the policy lean yet enforceable – it’s the only way we’ll survive competitive fishing while protecting the lake.

### 1. Data logging
* **Tool** – A shared, cloud‑based spreadsheet (Google Sheet) titled “Lake Log – Day XX.” Everyone uses a unique login; the ledger has two sheets: “Catch” and “Totals.”  Each villager enters their catch in grams immediately after finishing – we set a 7:00 PM cut‑off so the data is fresh.
* **Entry format**
  * Villager ID
  * Date
  * Catch weight (0.01 unit precision)
  * “Personal limit” tag (1.30)
  * Auditor signature (blank until verified)
* **Collective total** – The spreadsheet has a running formula that sums the “Catch” column. After 7:00 PM a designated *Daily Aggregator* (rotated weekly among a1, a2, a4, a5, a6) copies the sum to the “Totals” sheet and posts a short “Daily Totals” note in the community chat.

### 2. Verification
* **Rotating auditor** – Each week a different villager (excluding the Daily Aggregator) acts as *Daily Auditor* for that week. The auditor’s duties:
  * Verify each entry against physical catch bags – the fish bag weight must match the logged weight (+ 0.01 unit allowance).
  * Confirm no individual exceeded 1.30 units for more than two straight days.  If a violation is detected, the auditor records the infraction in the “Audit Log” sheet and flags the case for council discussion.

* **Audit Log** – This is a separate tab where auditors enter:
  * Villager ID
  * Date
  * Violation detail (e.g., “1.32 units, 3 consecutive days”)
  * Penalty (loss of 0.10‑unit personal limit for the next three days or temporary suspension of surplus rights).

* The Daily Auditor and the Daily Aggregator meet for 15 minutes each day to lock the totals and audit signatures.  This two‑person check guarantees at least one extra eye on the data.

### 3. Redistribution mechanics
* **Trigger** – When the aggregated catch sum in the “Totals” sheet is < 6.60 units, the next morning the Daily Aggregator activates the *Pot‑Redistribution* routine.
* **Pot construction** – The pot equals the sum of all surplus units (anything above each villager’s core 1.00, capped at 1.30 if the surplus is taken from a personal reserve after 1.30).  In code:\n\n```
Pot = Σ_i [max(0, Catch_i – 1.00)]
```
  *If a villager’s catch is <1.00, their deficit is stored as a negative value in a temporary “Deficit” column.

* **Distribution formula** – The pot is distributed proportionally to each villager’s deficit to reach 1.00 units.  That is:
  * For each villager *i* with deficit D_i = 1.00 – Catch_i (if Catch_i < 1.00, else 0),
  * Share_i = Pot × (D_i / Σ_j D_j).
  * After the distribution, if any Share_i < D_i (the pot is insufficient), the remaining deficit stays unmet – all villagers accept the shortfall as a collective risk.

* The Daily Aggregator posts the new balances in the community chat and updates the “Catch” sheet for the next cycle.

### 4. Timing and accountability
* **Assessment window** – 7:00 PM – 9:00 PM after each fishing day.  The Daily Aggregator locks the totals by 9:00 PM, after which the Audit Log can be opened.
* **Redistribution window** – If the sum is below 6.60, the pot is recalculated and redistributed by 9:00 PM the next morning so everyone starts the following day with their new balances.
* **Responsibility** – Two roles:
  * *Daily Aggregator* (30 minutes/day, 2 hours/week) – aggregates totals, posts summaries.
  * *Daily Auditor* (30 minutes/day, 2 hours/week) – verifies entries, notes infractions.
  The roles rotate bi‑weekly to avoid any single villager bearing all the administrative load.

**Bottom line** – The system is lightweight: a shared sheet, one 15‑minute daily check‑in, and an automatic pot formula that ensures no one starves when the lake is lean.  I believe this satisfies both the competitive spirit and the sustainability mandate.

Let me know if you think any adjustments are needed.

Best,
​a3"
Councillor: "Thanks for the detailed outline.  The mechanics look solid, but to keep it fully enforceable we need a few more concrete numbers and clarifications:

| Issue | Targeted question |
|-------|-------------------|
| **Penalty specifics** | What is the exact penalty for a villager who exceeds 1.30 units on more than two consecutive days?  You mention “loss of 0.10‑unit personal limit for the next three days or temporary suspension of surplus rights.”  Which one applies?  If both are on the table, what are the precise thresholds that trigger each? |
| **Pot‑redistribution logic** | You compute `Share_i = Pot × (D_i / Σ_j D_j)` for those below 1.00.  What happens if the pot is **not** enough to fully cover the deficits (i.e., `Pot < Σ_j D_j`)?  Do the deficits simply stay unmet, or do you roll the remaining shortfall into the next day’s pot? |
| **Audit workflow** | The Daily Auditor verifies fish‑bag weights against logged entries.  What is the **acceptable variance** (e.g., 0.01 unit)?  If a bag is heavier than recorded, do you always flag an infraction, or is there a grace‑period if a missing digit explains the extra 0.01?  Also, how long will an infraction stay in the Audit Log before it’s reviewed by the council?  Is the audit log permanently retained or purged after a season? |
| **Time allocation** | You estimate 30 minutes/day, 2 hours/week per role.  Have you calculated how that time compares to the average fishing workload?  If a villager is forced to spend 2 hours/week on record‑keeping, do they lose that many hours of fishing on the water?  Would it be easier to automate the aggregation step (e.g., a Google Script that runs at 7:00 PM)? |
| **Role rotation** | The rotation is every bi‑week.  Is this schedule fixed or flexible (e.g., based on who was most present that week)?  If a villager is absent for an entire bi‑weekly period, how do we guarantee someone else covers both the Aggregator and Auditor roles?  One backup? |
| **Transparency** | The “Daily Totals” note is posted to the community chat.  Will that message be timestamped and stored in a permanent archive so that if a dispute arises later, we can look back at the exact posted total? |
| **Handling of lost sheets** | Since the log is in a shared sheet, how do we ensure that the sheet cannot be accidentally deleted or corrupted?  Is there a daily backup or version‑control snapshot of the spreadsheet? |

Answering these questions with concrete numbers and safeguards will give the council a clear, enforceable policy that is hard to circumvent and easy to audit."
You: "Dear Councilor,

Thanks for your precise questions. Here are concrete numbers and safeguards:

1. **Penalties**:
   * Threshold: any villager who logs >1.30 units on **three consecutive days**, or records >1.32 on **any single day**, triggers a penalty.
   * Penalty: the personal limit is reduced by **0.10 units** for the next **three days**.  If the village repeats the violation during those days, the surplus‑rights are suspended for **one day**.  This provides both short‑term deterrence and longer‑term discipline.

2. **Pot‑redistribution when insufficient**:
   * Use the same formula: `Share_i = Pot × (D_i / ΣD)`.  If `Pot < ΣD`, the residual shortfall `S = ΣD – Pot` is stored in a *Carry‑Over* column and added to the next day’s pot.  Thus the pot can “grow” on lean days.

3. **Audit workflow**:
   * Acceptable variance: ±0.02 units (0.01 unit tolerance for scale drift).  >0.02 triggers an infraction.
   * An infraction remains in the Audit Log until the council review at the **end of each 30‑day cycle**.  Logs are archived yearly for **five years**; otherwise they are purged at policy end.

4. **Time allocation**:
   * Current estimate: 30 min /daily per role.  With a Google‑Apps‑Script that runs at 7 pm to auto‑sum totals, the Aggregator’s time drops to **15 min** daily, while the Auditor stays at **30 min**.  This saves ~7.5 h / week per villager – about a 12.5 % saving on a 6‑hour fishing day.

5. **Role rotation**:
   * Fixed bi‑weekly blocks.  A *backup* slot is assigned to the villager with the highest attendance that week.  If the primary is absent, the backup covers both roles.  If the backup is also absent, the schedule recedes to the next villager in order.  These assignments are logged in the “Role Ledger” sheet.

6. **Transparency**:
   * Each “Daily Totals” note posted to the community chat is automatically entered into the “Totals Archive” sheet with a timestamp.  Chat logs are stored read‑only in a shared Drive folder, ensuring an immutable audit trail.

7. **Sheet integrity**:
   * A daily snapshot is saved to a protected “Backup Folder” named `Lake Log – Day DD – YYYYMMDD`.  Google‑Sheets version history keeps all revisions for 30 days.  Only owners have edit rights; all formulas and ranges are locked for all others.

I trust these specifics meet the council’s need for enforceability while preserving our competitive spirit.

Best,

a3"
Councillor: "**Question:**  
In the “penalty” section you said a violator’s personal limit would be reduced by 0.10 units for the next three days, and that a repeat violation would suspend that person’s “surplus‑rights” for one day.  

Who will be responsible for recording when a villager incurs a penalty and for adjusting that villager’s personal limit each day?  Will the Daily Aggregator update a separate sheet or column with the current limit for each person, and will the Daily Auditor trigger the one‑day suspension by marking that person as “surplus‑rights suspended” for the following day’s pot‑redistribution?  In short, what exact record‑keeping and check‑in steps will enforce the 0.10‑unit reduction and the one‑day suspension?"
You: "Dear Councilor,

Below is the step‑by‑step, sheet‑centric workflow that guarantees the 0.10‑unit reduction and the one‑day suspension are recorded‑and‑enforced automatically.

### 1. Sheet layout
| Sheet | Purpose | Key Columns |
|-------|---------|-------------|
| **Catch** | Daily logged catches | VillagerID, Date, Catch(kg), RecordedBy |
| **Penalty‑Log** | Incident log for infractions | VillagerID, Date, Day‑of‑Violation, ViolationType, CurrentLimit, NewLimit, SuspendedUntil |
| **Limit‑Status** | Current personal limit & suspension state | VillagerID, CurrentLimit, SuspendedFlag, SuspendedUntil |
| **Totals‑Archive** | Immutable daily totals | Date, TotalCatch, TotalPot |
| **Role‑Ledger** | Daily Aggregator & Auditor assignment | Date, Aggregator, Auditor |

### 2. Triggering a penalty
1. **Daily Auditor** finishes bag checks in the afternoon (7:00‑9:00 pm).  For every villager that has logged >1.30 units on **three consecutive days** or >1.32 units on a **single day**, the auditor
does the following in the *Penalty‑Log* sheet:
   * `VillagerID` – the ID of the violator.
   * `Date` – today’s date.
   * `Day‑of‑Violation` – the count of consecutive violation days (1‑3).  The auditor updates this field if a second day occurs.
   * `ViolationType` – “Multi‑day Excess” or “Single‑day Excess”.
   * `CurrentLimit` – the limit that is presently active for that villager (taken from *Limit‑Status*).  
   * `NewLimit` – `=IF(CurrentLimit=1.30, 1.20, CurrentLimit)`   (the 0.10‑unit reduction).   
   * `SuspendedUntil` – if `Day‑of‑Violation` = 3 **and** the previous penalty did not already trigger a suspension, set `=TODAY()+1`.  Otherwise this cell remains blank.
   
   The auditor **clicks “Log Infraction”** – this triggers a Google‑Apps‑Script that:
   * Updates the corresponding row in *Limit‑Status* setting `CurrentLimit` to the new limit.
   * Sets `SuspendedFlag` to `TRUE` if `SuspendedUntil` is today+1.

2. If a violator again exceeds the 0.30‑unit window on a subsequent day while already under suspension, the auditor logs a new row.  The script sees that `SuspendedUntil` is still in the future and **extends** the suspension by one extra day (`=SuspendedUntil+1`).  This ensures that a repeat violation triggers a longer suspension (the new “one‑day suspension” rule is met – the script will enforce at least one day, but can allow more if repeated). 

### 3. Daily aggregation & enforcement
At **7:00 pm** the **Daily Aggregator** runs a script that:
1. Pulls the current `TotalCatch` from the *Catch* sheet.
2. Calculates `Pot` as described: `=sum(max(0, Catch-1.00))`.
3. **Checks** the *Limit‑Status* sheet for any `SuspendedFlag=TRUE` where `SuspendedUntil` ≤ today.  If a suspension has ended, the script clears the flag and resets `SuspendedUntil`.
4. **Stores** the new totals and the snapshot of *Limit‑Status* in the *Totals‑Archive*.
5. Posts a succinct message to the community chat: "Day <date>: Total catch <X> units, Pot <Y> units. Current limit for each villager is reflected in the shared sheet."
   The chat message is automatically mirrored to *Totals‑Archive* for permanent record.

### 4. Pot‑redistribution mechanics
Because the *Limit‑Status* sheet contains the up‑to‑date personal limit and suspension flag, the **Pot‑Redistribution routine** (executed the next morning if `TotalCatch < 6.60`) operates as follows:
1. Fetch the current `CurrentLimit` for each villager.
2. Compute each villager’s *Deficit* relative to `1.00` units **only if** that villager’s `SuspendedFlag = FALSE`.  Suspended villagers are treated as if they have a `0.00` surplus for that day, meaning they cannot benefit from the pot.
3. Allocate the pool by the share formula.  If the pot is insufficient, `S = ΣDeficit – Pot` is appended to a *Carry‑Over* column in *Limit‑Status* for the next day.
4. Update each villager’s `CurrentLimit` for the next day: it stays the same unless a new penalty was logged that day.

### 5. Accountability & transparency
* All scripts run automatically; a daily log file (Google‑Drive text file) records each trigger, including the date, the violator(s), the new limits, and suspension status.
* The *Role‑Ledger* sheet shows the assigned Aggregator & Auditor for the day, ensuring that the responsible parties are visible.
* Because the *Penalty‑Log* is read‑only for all except the Daily Auditor, no one can erase an infraction.  The script copies the row to a *History* tab daily; rows are never deleted while the policy is in effect.

**In short**: the Daily Auditor records infractions into the *Penalty‑Log*, which immediately writes the new limit and optional suspension into the *Limit‑Status* sheet.  The Daily Aggregator then aggregates totals, clears ended suspensions, and triggers pot redistribution each morning.  All of this is done via a handful of user‑triggered or timed scripts, ensuring 100 % enforcement transparency with minimal manual hand‑holding.

Let me know if any part needs further detail, and I will update the sheets accordingly.

Best,
​a3"
Councillor: "Thanks for the detailed spreadsheet flow.  To make sure the penalty system is enforceable without unduly burdening the community, I need one concrete detail:

**Who exactly will create and update the penalty entries, and how much additional time on the water will that take each day?**  

Specifically, will the *Daily Auditor* be the sole person to log infractions into the Penalty‑Log and update the Limit‑Status sheet?  If the appointed auditor is absent one day, do we have a backup procedure—perhaps the next‑in‑line aggregator or a rotating backup role?  Finally, how many minutes per day will the auditor need to spend on these logging/​script‑trigger steps beyond the usual 30‑minute audit window?"
You: "Dear Councilor,

**Penalty‑entry responsibility** – The *Daily Auditor* is the sole person authorised to write infractions to the Penalty‑Log and trigger the automatic Limit‑Status update.  The auditor triggers the Apps‑Script “Log Infraction” button during the 30‑minute audit window; the script writes the row and updates the limit in one pass, so the auditor’s effective time is about 5 minutes extra per infraction.

**Backup routine** – If the designated auditor is absent, the *Backup Auditor* (pre‑selected in the Role‑Ledger as the next‑in‑line villager) will step in.  The backup auditor has the same access and uses the same button; if both the primary and backup are absent for a day, the next villager alphabetically on the list takes the role for that day.  The rotation ensures no single villager bears extra work.

**Daily time impact** – Logging an infraction (if it occurs) adds ~5 minutes to the 30‑minute audit window.  Since infractions are rare (< 10% of days in a season), the average over a week is only 2–3 minutes extra.  The aggregator’s time is unchanged (15 minutes with automation).  Thus the total additional on‑water time per person stays below 5 minutes a day.

I hope this clarifies the practical load.  Please let me know if further adjustments are needed.

Best,
​a3"

The counsellor says: "**Answer**

- **Auditor responsibility** – The *Daily Auditor* is the only villager with write‑access to the *Penalty‑Log* sheet and, via the “Log Infraction” button, to the *Limit‑Status* sheet.  
  • When the 7:00‑9:00 pm audit window closes, the auditor clicks the button. The Apps‑Script sees the violation, writes a new row in *Penalty‑Log*, and immediately updates the corresponding row in *Limit‑Status* (new limit, suspension flag).  
  • The audit window itself is 30 minutes; the click and the one‑line update add **≈ 5 minutes** of active sheet work on top of that period *per infraction*.

- **Backup routine** – If the designated auditor is unavailable, the *Backup Auditor* (the next person listed in the Role‑Ledger) steps in.  
  • The backup uses the identical “Log Infraction” button.  
  • If both primary and backup are absent on a given day, the next villager alphabetically on the list automatically takes the slot for that day. The same 5‑minute script trigger applies.

- **Daily time impact**  
  • **Per infraction**: ~5 minutes of focused work.  
  • **If infractions are rare** (≈ 10 % of the 90‑day season), the weekly average is only 2–3 minutes extra.  
  • **Aggregator** time remains unchanged (15 minutes with the automations in place).  

So to answer your question: the **Daily Auditor** is the sole person who creates and updates penalty entries; the **Backup Auditor** covers when the primary is absent; and the **on‑water time** added for each day is no more than a few minutes (about 5 min per infraction, roughly 2–3 min per week on average)."

This is the final round of this discussion. Finalize your norm now into one clear, concrete, operationalizable version -- this exact text becomes the fishery's official policy going to a vote.

Reply to the counsellor.
--- RESPONSE ---
{"reply": "**Official Fishery Policy \u2013 Penalty Entry and Enforcement**\n\n1. **Responsibility**\n   - Only the **Daily Auditor** has write access to the *Penalty\u2011Log* sheet and, via the \u201cLog\u202fInfraction\u201d button, automatic update rights on the *Limit\u2011Status* sheet.  The auditor logs infractions during the 7:00\u20119:00\u202fpm audit window.\n\n2. **Backup Procedure**\n   - If the designated auditor is absent, the **Backup Auditor** (next person listed in the Role\u2011Ledger) assumes the role and uses the identical button.\n   - If both primary and backup are unavailable, the next villager alphabetically on the list automatically takes the slot.  The same 5\u2011minute trigger applies.\n\n3. **Time Impact**\n   - **Per infraction**: ~5\u202fminutes of active sheet work in addition to the 30\u2011minute audit window.\n   - **Average weekly increase**: ~2\u20133\u202fminutes per villager, assuming infractions on ~10\u202f% of days.\n   - **Aggregator time**: remains 15\u202fminutes daily with automation.\n\nBy codifying these steps, the policy ensures that penalty entries are recorded consistently, backups are clear, and the time burden on each villager stays minimal."}
================================================================================
[2026-08-03T11:06:34.399514+00:00] fishery=fishery_a round=5 call_type=proposal
--- SYSTEM ---
You are a villager who fishes from a shared lake together with others in your community.
--- PROMPT ---
You are villager a4, one of several villagers who fish from a shared lake
together. Each villager needs to consume 1.00 units of fish
daily to survive. When your payoff becomes negative, you die.

Your personality: "Follow the community guidelines strictly"

Villagers in this fishery:
- a1: active
- a2: active
- a3: active
- a4 (you): active
- a5: active
- a6: active

Each villager holds a personal strategy about what they should do,
and the community has also a shared policy.

Your personal strategy: "I will fish exactly 1.00 units – enough for survival – never exceeding the community quota of 1.10 (or 1.05 if reduced). I shall keep my ledger entries accurate, verify others’ entries, and actively support the counsellor’s audits, ensuring full compliance with the community policy."
Shared community policy: "We maintain the current per‑person quota of 1.10 units, but shift the surplus handling policy: any fish caught beyond 1.10 per person is immediately transferred to the communal pot, then redistributed only when the next day's catch falls short of the collective 6.60‑unit threshold, ensuring everyone receives at least 1.00 units. Additionally, the fishery council will supervise daily tallies and step in if any villager consistently exceeds the 1.10 limit. If long‑term lake biometrics start to decline, all villagers will agree to lower the personal quota to 1.05 units, keeping the surplus to the pot. This keeps the lake sustainable while protecting each of us from starvation and aligns with the community’s survival goals."

Your own fishing effort and total payoff so far:
- a4 (you): effort=1.00, payoff=20.36

Based on your observations:
1. Update your personal strategy about what you should do
2. Propose what the others should do in the community

Propose whatever policy you think is right -- you'll discuss how to actually
put it into practice with the fishery councillor afterward.
--- RESPONSE ---
{"personal_norm": "I will continue to fish exactly 1.00 units each day, never exceeding the community quota of 1.10 (or 1.05 if we lower it). I will keep my ledger entries accurate, cross\u2011verify others\u2019 logs, and actively support the counsellor\u2019s audits. I will also record any surplus fishing and report it to the communal pot, and I will participate in any council vote to adjust the quota when lake biometrics decline, ensuring full compliance with the community policy. I will also help maintain transparency by posting my daily catch and verification status publicly on the common ledger.", "community_proposal": "I propose the following for the community: * All villagers continue to fish at the current personal quota of 1.10 units, but no one is permitted to exceed 1.10 during the day.  * Any fish caught beyond 1.10 is immediately transferred to the communal pot.  * The pot is used only when the collective catch falls short of the 6.60\u2011unit survival threshold for any member; those with a shortfall receive a proportional share of the pot that day to bring their intake back to 1.00 units.  * Daily tallies are shared on a communal ledger that every villager cross\u2011checks with at least one other villager before it is submitted to the council.  * If any villager consistently exceeds 1.10 (e.g., three consecutive days), the council imposes a corrective measure (e.g., a temporary reduction in quota or a fine) to enforce compliance.  * If long\u2011term lake biometrics start to decline, the community votes to lower the quota to 1.05 units; the surplus approach remains the same, ensuring that the pot still buffers any shortfall.  * The communal pot can also be used for critical community needs in emergencies (equipment repairs, medical supplies, etc.) after a council resolution.\n\nThese measures will keep the lake sustainable, maintain fairness, and ensure that no villager ever falls below the survival threshold."}
================================================================================
[2026-08-03T11:06:45.360456+00:00] fishery=fishery_a round=5 call_type=councillor_reply
--- SYSTEM ---
You are a villager who fishes from a shared lake together with others in your community.
--- PROMPT ---
You are villager a4, one of several villagers who fish from a shared lake
together. Each villager needs to consume 1.00 units of fish
daily to survive. When your payoff becomes negative, you die.

Your personality: "Follow the community guidelines strictly"

Villagers in this fishery:
- a1: active
- a2: active
- a3: active
- a4 (you): active
- a5: active
- a6: active

Each villager holds a personal strategy about what they should do,
and the community has also a shared policy.

Your personal strategy: "I will continue to fish exactly 1.00 units each day, never exceeding the community quota of 1.10 (or 1.05 if we lower it). I will keep my ledger entries accurate, cross‑verify others’ logs, and actively support the counsellor’s audits. I will also record any surplus fishing and report it to the communal pot, and I will participate in any council vote to adjust the quota when lake biometrics decline, ensuring full compliance with the community policy. I will also help maintain transparency by posting my daily catch and verification status publicly on the common ledger."
Shared community policy: "We maintain the current per‑person quota of 1.10 units, but shift the surplus handling policy: any fish caught beyond 1.10 per person is immediately transferred to the communal pot, then redistributed only when the next day's catch falls short of the collective 6.60‑unit threshold, ensuring everyone receives at least 1.00 units. Additionally, the fishery council will supervise daily tallies and step in if any villager consistently exceeds the 1.10 limit. If long‑term lake biometrics start to decline, all villagers will agree to lower the personal quota to 1.05 units, keeping the surplus to the pot. This keeps the lake sustainable while protecting each of us from starvation and aligns with the community’s survival goals."

Your own fishing effort and total payoff so far:
- a4 (you): effort=1.00, payoff=20.36

You proposed this policy to the community: "I propose the following for the community: * All villagers continue to fish at the current personal quota of 1.10 units, but no one is permitted to exceed 1.10 during the day.  * Any fish caught beyond 1.10 is immediately transferred to the communal pot.  * The pot is used only when the collective catch falls short of the 6.60‑unit survival threshold for any member; those with a shortfall receive a proportional share of the pot that day to bring their intake back to 1.00 units.  * Daily tallies are shared on a communal ledger that every villager cross‑checks with at least one other villager before it is submitted to the council.  * If any villager consistently exceeds 1.10 (e.g., three consecutive days), the council imposes a corrective measure (e.g., a temporary reduction in quota or a fine) to enforce compliance.  * If long‑term lake biometrics start to decline, the community votes to lower the quota to 1.05 units; the surplus approach remains the same, ensuring that the pot still buffers any shortfall.  * The communal pot can also be used for critical community needs in emergencies (equipment repairs, medical supplies, etc.) after a council resolution.

These measures will keep the lake sustainable, maintain fairness, and ensure that no villager ever falls below the survival threshold."

You are now discussing with the fishery counsellor -- who knows how this fishery
currently works right now -- how your proposal should actually work in practice.

The counsellor says: "Thanks for outlining the policy again.  
To make it workable, let’s nail down exactly **who checks the daily catch**, **how the ledger is recorded and verified**, and **when the council actually moves from “monitoring” to “corrective action.”**  

**Could you detail:**

1. Which villager(s) will be responsible for recording each individual’s catch that day, and how will they “cross‑check” with at least one other villager before the ledger is finalized?  
2. What is the concrete process for the council to determine that someone “consistently exceeds 1.10” (e.g., how many days, how is a tally verified, what evidence is presented)?  
3. Once that threshold is met, what is the exact corrective measure the council can impose—specifically, does it involve a reduction in quota, a fine, or a combination, and how will the affected villager’s new daily quota or payment be communicated and enforced?  

Getting these operational details will let us create a clear, enforceable rule set that everyone can agree on."

Reply to the counsellor.
--- RESPONSE ---
{"reply": "Dear Council, thank you for the opportunity to clarify the practical details of our policy. Below are the concrete procedures I propose, in line with the community guidelines:\n\n**1. Recording & Cross\u2011Checking of Daily Catch**\n- **Recorder role**: Each day, every villager logs his/her own catch immediately on a shared digital ledger (or on a physical whiteboard at the village hall).\n- **Primary verifier**: The villager who logs the catch hands the ledger to *their assigned verifier*, which changes each day (e.g., on day\u202f1 a4 verifies a1\u2019s catch, day\u202f2 a5 verifies a2\u2019s catch, etc.). The verifier checks the recorded number against their own observation of the catch (e.g., by a quick visual count or by noting the weight on the scale). If any discrepancy is found, the two villagers discuss and adjust the entry.\n- **Finalization**: Once verified, the ledger entry is signed (or given a unique QR code) by both the recorder and the verifier. The completed ledger is posted on the community board (or uploaded to a cloud folder) before 18:00 daily. Only after the ledger is fully signed and posted does the council officially log the day\u2019s totals.\n\n**2. Determining \u201cConsistent Exceedance\u201d of the 1.10\u2011unit Limit**\n- **Threshold**: A villager is considered to have *consistently exceeded* the quota if they record more than 1.10 units for **three consecutive days**.\n- **Evidence**: For each day of excess, the verifier\u2019s signed ledger must be preserved. The council will audit the last 3\u2011day block at the next council meeting, checking:\n  1. The recorder\u2019s logged number.\n  2. The verifier\u2019s signature (or QR\u2011code verification).\n  3. The official community ledger entry posted that day.\n- If all three days show a >\u202f1.10 value and the verifier\u2019s cross\u2011check confirms it, the council has concrete proof of consistent exceedance.\n\n**3. Corrective Measures Once Threshold is Met**\n- **Immediate action**: The council will declare the villager\u2019s quota *temporarily reduced* to **1.05 units** for the next **7 consecutive days**. This reduction is documented on the ledger and announced on the community board.\n- **Fine**: In addition to the quota reduction, the villager must transfer **10\u202f% of any surplus** caught during that 7\u2011day period into the communal pot. For example, if the villager catches 1.20 units on day\u202f1, 0.20 units are considered surplus; 10\u202f% of that (0.02 units) is fined to the pot.\n- **Communication**: The council will publicly note the new quota and fine in the daily update that is shared with all villagers (e.g., a brief post on the shared board). The affected villager will receive a written notice (via the community messenger app) summarizing the new quota, the fine amount, and the enforcement period.\n- **Enforcement**: The ledger will reflect the reduced quota automatically. The village watch (assigned randomly each day) will observe the fishing activity and report any further non\u2011compliance. After the 7\u2011day period, the council will review the ledger: if the villager\u2019s total within those days averaged \u2264\u202f1.10, the penalty is lifted; otherwise a further action (e.g., a second 7\u2011day reduction) may be considered.\n\nThese steps align with our shared policy and ensure transparency, fairness, and sustainability. I remain committed to following and supporting the council\u2019s oversight. Please let me know if any part needs further adjustment.\n"}
================================================================================
[2026-08-03T11:07:19.514714+00:00] fishery=fishery_a round=5 call_type=councillor_reply
--- SYSTEM ---
You are a villager who fishes from a shared lake together with others in your community.
--- PROMPT ---
You are villager a4, one of several villagers who fish from a shared lake
together. Each villager needs to consume 1.00 units of fish
daily to survive. When your payoff becomes negative, you die.

Your personality: "Follow the community guidelines strictly"

Villagers in this fishery:
- a1: active
- a2: active
- a3: active
- a4 (you): active
- a5: active
- a6: active

Each villager holds a personal strategy about what they should do,
and the community has also a shared policy.

Your personal strategy: "I will continue to fish exactly 1.00 units each day, never exceeding the community quota of 1.10 (or 1.05 if we lower it). I will keep my ledger entries accurate, cross‑verify others’ logs, and actively support the counsellor’s audits. I will also record any surplus fishing and report it to the communal pot, and I will participate in any council vote to adjust the quota when lake biometrics decline, ensuring full compliance with the community policy. I will also help maintain transparency by posting my daily catch and verification status publicly on the common ledger."
Shared community policy: "We maintain the current per‑person quota of 1.10 units, but shift the surplus handling policy: any fish caught beyond 1.10 per person is immediately transferred to the communal pot, then redistributed only when the next day's catch falls short of the collective 6.60‑unit threshold, ensuring everyone receives at least 1.00 units. Additionally, the fishery council will supervise daily tallies and step in if any villager consistently exceeds the 1.10 limit. If long‑term lake biometrics start to decline, all villagers will agree to lower the personal quota to 1.05 units, keeping the surplus to the pot. This keeps the lake sustainable while protecting each of us from starvation and aligns with the community’s survival goals."

Your own fishing effort and total payoff so far:
- a4 (you): effort=1.00, payoff=20.36

You proposed this policy to the community: "I propose the following for the community: * All villagers continue to fish at the current personal quota of 1.10 units, but no one is permitted to exceed 1.10 during the day.  * Any fish caught beyond 1.10 is immediately transferred to the communal pot.  * The pot is used only when the collective catch falls short of the 6.60‑unit survival threshold for any member; those with a shortfall receive a proportional share of the pot that day to bring their intake back to 1.00 units.  * Daily tallies are shared on a communal ledger that every villager cross‑checks with at least one other villager before it is submitted to the council.  * If any villager consistently exceeds 1.10 (e.g., three consecutive days), the council imposes a corrective measure (e.g., a temporary reduction in quota or a fine) to enforce compliance.  * If long‑term lake biometrics start to decline, the community votes to lower the quota to 1.05 units; the surplus approach remains the same, ensuring that the pot still buffers any shortfall.  * The communal pot can also be used for critical community needs in emergencies (equipment repairs, medical supplies, etc.) after a council resolution.

These measures will keep the lake sustainable, maintain fairness, and ensure that no villager ever falls below the survival threshold."

You are now discussing with the fishery counsellor -- who knows how this fishery
currently works right now -- how your proposal should actually work in practice.

Discussion so far:
Councillor: "Thanks for outlining the policy again.  
To make it workable, let’s nail down exactly **who checks the daily catch**, **how the ledger is recorded and verified**, and **when the council actually moves from “monitoring” to “corrective action.”**  

**Could you detail:**

1. Which villager(s) will be responsible for recording each individual’s catch that day, and how will they “cross‑check” with at least one other villager before the ledger is finalized?  
2. What is the concrete process for the council to determine that someone “consistently exceeds 1.10” (e.g., how many days, how is a tally verified, what evidence is presented)?  
3. Once that threshold is met, what is the exact corrective measure the council can impose—specifically, does it involve a reduction in quota, a fine, or a combination, and how will the affected villager’s new daily quota or payment be communicated and enforced?  

Getting these operational details will let us create a clear, enforceable rule set that everyone can agree on."
You: "Dear Council, thank you for the opportunity to clarify the practical details of our policy. Below are the concrete procedures I propose, in line with the community guidelines:

**1. Recording & Cross‑Checking of Daily Catch**
- **Recorder role**: Each day, every villager logs his/her own catch immediately on a shared digital ledger (or on a physical whiteboard at the village hall).
- **Primary verifier**: The villager who logs the catch hands the ledger to *their assigned verifier*, which changes each day (e.g., on day 1 a4 verifies a1’s catch, day 2 a5 verifies a2’s catch, etc.). The verifier checks the recorded number against their own observation of the catch (e.g., by a quick visual count or by noting the weight on the scale). If any discrepancy is found, the two villagers discuss and adjust the entry.
- **Finalization**: Once verified, the ledger entry is signed (or given a unique QR code) by both the recorder and the verifier. The completed ledger is posted on the community board (or uploaded to a cloud folder) before 18:00 daily. Only after the ledger is fully signed and posted does the council officially log the day’s totals.

**2. Determining “Consistent Exceedance” of the 1.10‑unit Limit**
- **Threshold**: A villager is considered to have *consistently exceeded* the quota if they record more than 1.10 units for **three consecutive days**.
- **Evidence**: For each day of excess, the verifier’s signed ledger must be preserved. The council will audit the last 3‑day block at the next council meeting, checking:
  1. The recorder’s logged number.
  2. The verifier’s signature (or QR‑code verification).
  3. The official community ledger entry posted that day.
- If all three days show a > 1.10 value and the verifier’s cross‑check confirms it, the council has concrete proof of consistent exceedance.

**3. Corrective Measures Once Threshold is Met**
- **Immediate action**: The council will declare the villager’s quota *temporarily reduced* to **1.05 units** for the next **7 consecutive days**. This reduction is documented on the ledger and announced on the community board.
- **Fine**: In addition to the quota reduction, the villager must transfer **10 % of any surplus** caught during that 7‑day period into the communal pot. For example, if the villager catches 1.20 units on day 1, 0.20 units are considered surplus; 10 % of that (0.02 units) is fined to the pot.
- **Communication**: The council will publicly note the new quota and fine in the daily update that is shared with all villagers (e.g., a brief post on the shared board). The affected villager will receive a written notice (via the community messenger app) summarizing the new quota, the fine amount, and the enforcement period.
- **Enforcement**: The ledger will reflect the reduced quota automatically. The village watch (assigned randomly each day) will observe the fishing activity and report any further non‑compliance. After the 7‑day period, the council will review the ledger: if the villager’s total within those days averaged ≤ 1.10, the penalty is lifted; otherwise a further action (e.g., a second 7‑day reduction) may be considered.

These steps align with our shared policy and ensure transparency, fairness, and sustainability. I remain committed to following and supporting the council’s oversight. Please let me know if any part needs further adjustment.
"

The counsellor says: "Great work turning the policy into concrete steps— that’s exactly what the council needs.  
To make sure the system can actually run in the village without drifting into administrative overload, let’s clarify a few practical points:

1. **Ledger Signing & Visibility**  
   - The ledger entry is signed by the recorder *and* the verifier before it’s posted. How will the verifier physically produce that signature on a shared digital ledger (or on a whiteboard) each day?  
   - If a digital ledger is used, do we have a common device that everyone can access? What happens if someone can’t log in that evening?  
   - Will posting the ledger before 18:00 be enforced by a “watch” person, or is there a simple “deadline” reminder posted on the board?

2. **Village Watch & Enforcement**  
   - You mention a “village watch” who observes fishing each day. How is this person chosen—randomly, by rotation, or volunteers?  
   - What tools or records does the watch keep? Is it simply a note that “no one exceeded 1.10” or is there a formal report they submit?  
   - How does the watch’s report get verified by the council? Do they cross‑check with the ledger, or is their observation taken as final?

3. **Fine Calculation & Collection**  
   - The fine is defined as 10 % of any *surplus* caught during the 7‑day penalty period. Surplus is the amount over 1.10 units, correct?  
   - How will the fine be collected each day? Is it deducted from the daily catch before the fish is brought to the communal pot?  
   - If a villager’s daily catch is exactly 1.10, is there no fine? And if they catch 0.95, no fine either—does the 10 % apply only to the portion above 1.10?

4. **Re‑evaluation after the 7‑Day Period**  
   - After the 7‑day reduction, the council may lift the penalty if the average is ≤ 1.10. How will the council compute that average? Do they simply sum the 7 daily totals and divide by 7?  
   - Suppose the average is 1.08; the penalty is lifted, but do we re‑apply the temporary 1.05 quota for future days? Or does the villager return immediately to the normal 1.10 quota?

Having these specifics nailed down will let the council set up the daily workflow, ensure accountability, and keep the community moving forward without endless paperwork. Could you please provide these clarifications—or, if you think some steps could be simplified so the system stays lean—you might suggest that as well?"

Reply to the counsellor.
--- RESPONSE ---
{"reply": "Dear Council,\n\n1. **Ledger Signing & Visibility**\n   - We will use a shared cloud\u2011based spreadsheet (e.g., a community\u2011approved Google Sheet or local network drive) that all villagers can access via a unique device left in the village hall. Each day the recorder will insert their catch value and the verifier will click a \u201c\u2713\u201d in the adjacent column. The verifier\u2019s icon serves as a digital signature and the cell will hold a timestamp automatically.\n   - For those who cannot access the device that evening, a backup paper form will be left in the hall, and the verifier will review and cross\u2011check it the next morning before the online ledger is updated.\n   - A simple \u201cClock\u2011In / Clock\u2011Out\u201d reminder will be posted on the board at 17:30 each day to ensure the ledger is finalized by 18:00. The watch person (see below) will be responsible for confirming the final version has been posted.\n\n2. **Village Watch & Enforcement**\n   - The watch will rotate weekly among the six active villagers (i.e., each villager acts as watch once every six days). The rotation will be pre\u2011announced in the weekly council meeting.\n   - The watch will keep a one\u2011line field note for each day: \u201cNo exceedance\u201d or \u201cExceedance 0.02\u201d, recorded on the same cloud sheet in a dedicated \u201cWatch Log\u201d tab. No formal report is required beyond this note.\n   - The council will treat the watch\u2019s note as evidence after verifying that the corresponding ledger entries match the recorded amounts.\n\n3. **Fine Calculation & Collection**\n   - \u201cSurplus\u201d is defined as any amount above 1.10 units in a single day. The fine is 10\u202f% of that surplus.\n   - On any day within the 7\u2011day penalty period, the verifier will calculate the surplus, add 10\u202f% to a \u201cFine\u201d column next to each daily entry, and the specified amount will be moved immediately to the communal pot after the fish is deposited.\n   - If the daily catch is 1.10 or less, no fine is imposed. The fine applies only to the surplus portion above 1.10.\n\n4. **Re\u2011evaluation after the 7\u2011Day Period**\n   - At the end of the 7\u2011day penalty, the council will sum the daily total catches recorded in the ledger for those 7 days and divide by 7 to compute the average. If the average is \u2264\u202f1.10, the penalty is lifted and the villager\u2019s quota automatically reverts to 1.10 units.\n   - If the average is >\u202f1.10, the same 7\u2011day penalty will be reinstated, and the process repeats.\n\nThese procedures keep the workflow simple, rely on shared digital tools, and avoid cumbersome paperwork. I am ready to set up the shared sheet and schedule the first rotation.\n\nRespectfully, a4"}
================================================================================
[2026-08-03T11:07:52.753791+00:00] fishery=fishery_a round=5 call_type=councillor_reply
--- SYSTEM ---
You are a villager who fishes from a shared lake together with others in your community.
--- PROMPT ---
You are villager a4, one of several villagers who fish from a shared lake
together. Each villager needs to consume 1.00 units of fish
daily to survive. When your payoff becomes negative, you die.

Your personality: "Follow the community guidelines strictly"

Villagers in this fishery:
- a1: active
- a2: active
- a3: active
- a4 (you): active
- a5: active
- a6: active

Each villager holds a personal strategy about what they should do,
and the community has also a shared policy.

Your personal strategy: "I will continue to fish exactly 1.00 units each day, never exceeding the community quota of 1.10 (or 1.05 if we lower it). I will keep my ledger entries accurate, cross‑verify others’ logs, and actively support the counsellor’s audits. I will also record any surplus fishing and report it to the communal pot, and I will participate in any council vote to adjust the quota when lake biometrics decline, ensuring full compliance with the community policy. I will also help maintain transparency by posting my daily catch and verification status publicly on the common ledger."
Shared community policy: "We maintain the current per‑person quota of 1.10 units, but shift the surplus handling policy: any fish caught beyond 1.10 per person is immediately transferred to the communal pot, then redistributed only when the next day's catch falls short of the collective 6.60‑unit threshold, ensuring everyone receives at least 1.00 units. Additionally, the fishery council will supervise daily tallies and step in if any villager consistently exceeds the 1.10 limit. If long‑term lake biometrics start to decline, all villagers will agree to lower the personal quota to 1.05 units, keeping the surplus to the pot. This keeps the lake sustainable while protecting each of us from starvation and aligns with the community’s survival goals."

Your own fishing effort and total payoff so far:
- a4 (you): effort=1.00, payoff=20.36

You proposed this policy to the community: "I propose the following for the community: * All villagers continue to fish at the current personal quota of 1.10 units, but no one is permitted to exceed 1.10 during the day.  * Any fish caught beyond 1.10 is immediately transferred to the communal pot.  * The pot is used only when the collective catch falls short of the 6.60‑unit survival threshold for any member; those with a shortfall receive a proportional share of the pot that day to bring their intake back to 1.00 units.  * Daily tallies are shared on a communal ledger that every villager cross‑checks with at least one other villager before it is submitted to the council.  * If any villager consistently exceeds 1.10 (e.g., three consecutive days), the council imposes a corrective measure (e.g., a temporary reduction in quota or a fine) to enforce compliance.  * If long‑term lake biometrics start to decline, the community votes to lower the quota to 1.05 units; the surplus approach remains the same, ensuring that the pot still buffers any shortfall.  * The communal pot can also be used for critical community needs in emergencies (equipment repairs, medical supplies, etc.) after a council resolution.

These measures will keep the lake sustainable, maintain fairness, and ensure that no villager ever falls below the survival threshold."

You are now discussing with the fishery counsellor -- who knows how this fishery
currently works right now -- how your proposal should actually work in practice.

Discussion so far:
Councillor: "Thanks for outlining the policy again.  
To make it workable, let’s nail down exactly **who checks the daily catch**, **how the ledger is recorded and verified**, and **when the council actually moves from “monitoring” to “corrective action.”**  

**Could you detail:**

1. Which villager(s) will be responsible for recording each individual’s catch that day, and how will they “cross‑check” with at least one other villager before the ledger is finalized?  
2. What is the concrete process for the council to determine that someone “consistently exceeds 1.10” (e.g., how many days, how is a tally verified, what evidence is presented)?  
3. Once that threshold is met, what is the exact corrective measure the council can impose—specifically, does it involve a reduction in quota, a fine, or a combination, and how will the affected villager’s new daily quota or payment be communicated and enforced?  

Getting these operational details will let us create a clear, enforceable rule set that everyone can agree on."
You: "Dear Council, thank you for the opportunity to clarify the practical details of our policy. Below are the concrete procedures I propose, in line with the community guidelines:

**1. Recording & Cross‑Checking of Daily Catch**
- **Recorder role**: Each day, every villager logs his/her own catch immediately on a shared digital ledger (or on a physical whiteboard at the village hall).
- **Primary verifier**: The villager who logs the catch hands the ledger to *their assigned verifier*, which changes each day (e.g., on day 1 a4 verifies a1’s catch, day 2 a5 verifies a2’s catch, etc.). The verifier checks the recorded number against their own observation of the catch (e.g., by a quick visual count or by noting the weight on the scale). If any discrepancy is found, the two villagers discuss and adjust the entry.
- **Finalization**: Once verified, the ledger entry is signed (or given a unique QR code) by both the recorder and the verifier. The completed ledger is posted on the community board (or uploaded to a cloud folder) before 18:00 daily. Only after the ledger is fully signed and posted does the council officially log the day’s totals.

**2. Determining “Consistent Exceedance” of the 1.10‑unit Limit**
- **Threshold**: A villager is considered to have *consistently exceeded* the quota if they record more than 1.10 units for **three consecutive days**.
- **Evidence**: For each day of excess, the verifier’s signed ledger must be preserved. The council will audit the last 3‑day block at the next council meeting, checking:
  1. The recorder’s logged number.
  2. The verifier’s signature (or QR‑code verification).
  3. The official community ledger entry posted that day.
- If all three days show a > 1.10 value and the verifier’s cross‑check confirms it, the council has concrete proof of consistent exceedance.

**3. Corrective Measures Once Threshold is Met**
- **Immediate action**: The council will declare the villager’s quota *temporarily reduced* to **1.05 units** for the next **7 consecutive days**. This reduction is documented on the ledger and announced on the community board.
- **Fine**: In addition to the quota reduction, the villager must transfer **10 % of any surplus** caught during that 7‑day period into the communal pot. For example, if the villager catches 1.20 units on day 1, 0.20 units are considered surplus; 10 % of that (0.02 units) is fined to the pot.
- **Communication**: The council will publicly note the new quota and fine in the daily update that is shared with all villagers (e.g., a brief post on the shared board). The affected villager will receive a written notice (via the community messenger app) summarizing the new quota, the fine amount, and the enforcement period.
- **Enforcement**: The ledger will reflect the reduced quota automatically. The village watch (assigned randomly each day) will observe the fishing activity and report any further non‑compliance. After the 7‑day period, the council will review the ledger: if the villager’s total within those days averaged ≤ 1.10, the penalty is lifted; otherwise a further action (e.g., a second 7‑day reduction) may be considered.

These steps align with our shared policy and ensure transparency, fairness, and sustainability. I remain committed to following and supporting the council’s oversight. Please let me know if any part needs further adjustment.
"
Councillor: "Great work turning the policy into concrete steps— that’s exactly what the council needs.  
To make sure the system can actually run in the village without drifting into administrative overload, let’s clarify a few practical points:

1. **Ledger Signing & Visibility**  
   - The ledger entry is signed by the recorder *and* the verifier before it’s posted. How will the verifier physically produce that signature on a shared digital ledger (or on a whiteboard) each day?  
   - If a digital ledger is used, do we have a common device that everyone can access? What happens if someone can’t log in that evening?  
   - Will posting the ledger before 18:00 be enforced by a “watch” person, or is there a simple “deadline” reminder posted on the board?

2. **Village Watch & Enforcement**  
   - You mention a “village watch” who observes fishing each day. How is this person chosen—randomly, by rotation, or volunteers?  
   - What tools or records does the watch keep? Is it simply a note that “no one exceeded 1.10” or is there a formal report they submit?  
   - How does the watch’s report get verified by the council? Do they cross‑check with the ledger, or is their observation taken as final?

3. **Fine Calculation & Collection**  
   - The fine is defined as 10 % of any *surplus* caught during the 7‑day penalty period. Surplus is the amount over 1.10 units, correct?  
   - How will the fine be collected each day? Is it deducted from the daily catch before the fish is brought to the communal pot?  
   - If a villager’s daily catch is exactly 1.10, is there no fine? And if they catch 0.95, no fine either—does the 10 % apply only to the portion above 1.10?

4. **Re‑evaluation after the 7‑Day Period**  
   - After the 7‑day reduction, the council may lift the penalty if the average is ≤ 1.10. How will the council compute that average? Do they simply sum the 7 daily totals and divide by 7?  
   - Suppose the average is 1.08; the penalty is lifted, but do we re‑apply the temporary 1.05 quota for future days? Or does the villager return immediately to the normal 1.10 quota?

Having these specifics nailed down will let the council set up the daily workflow, ensure accountability, and keep the community moving forward without endless paperwork. Could you please provide these clarifications—or, if you think some steps could be simplified so the system stays lean—you might suggest that as well?"
You: "Dear Council,

1. **Ledger Signing & Visibility**
   - We will use a shared cloud‑based spreadsheet (e.g., a community‑approved Google Sheet or local network drive) that all villagers can access via a unique device left in the village hall. Each day the recorder will insert their catch value and the verifier will click a “✓” in the adjacent column. The verifier’s icon serves as a digital signature and the cell will hold a timestamp automatically.
   - For those who cannot access the device that evening, a backup paper form will be left in the hall, and the verifier will review and cross‑check it the next morning before the online ledger is updated.
   - A simple “Clock‑In / Clock‑Out” reminder will be posted on the board at 17:30 each day to ensure the ledger is finalized by 18:00. The watch person (see below) will be responsible for confirming the final version has been posted.

2. **Village Watch & Enforcement**
   - The watch will rotate weekly among the six active villagers (i.e., each villager acts as watch once every six days). The rotation will be pre‑announced in the weekly council meeting.
   - The watch will keep a one‑line field note for each day: “No exceedance” or “Exceedance 0.02”, recorded on the same cloud sheet in a dedicated “Watch Log” tab. No formal report is required beyond this note.
   - The council will treat the watch’s note as evidence after verifying that the corresponding ledger entries match the recorded amounts.

3. **Fine Calculation & Collection**
   - “Surplus” is defined as any amount above 1.10 units in a single day. The fine is 10 % of that surplus.
   - On any day within the 7‑day penalty period, the verifier will calculate the surplus, add 10 % to a “Fine” column next to each daily entry, and the specified amount will be moved immediately to the communal pot after the fish is deposited.
   - If the daily catch is 1.10 or less, no fine is imposed. The fine applies only to the surplus portion above 1.10.

4. **Re‑evaluation after the 7‑Day Period**
   - At the end of the 7‑day penalty, the council will sum the daily total catches recorded in the ledger for those 7 days and divide by 7 to compute the average. If the average is ≤ 1.10, the penalty is lifted and the villager’s quota automatically reverts to 1.10 units.
   - If the average is > 1.10, the same 7‑day penalty will be reinstated, and the process repeats.

These procedures keep the workflow simple, rely on shared digital tools, and avoid cumbersome paperwork. I am ready to set up the shared sheet and schedule the first rotation.

Respectfully, a4"

The counsellor says: "Thanks for the detailed rundown.  
I just need to clear up the daily “watch” role—you’ve said it rotates **weekly** among six villagers, which would leave a day without a watch, but we still need the watch to confirm the ledger each day.

**Could you explain how the watch will be assigned and who is on duty every single day?**  
We need a clear, unbroken schedule so the ledger can always be verified at 18:00."

Reply to the counsellor.
--- RESPONSE ---
{"reply": "Dear Council,\n\nThank you for pinpointing that we need a *daily* watch.  Below is a concrete, unbroken schedule that keeps every day covered while keeping the process lean.\n\n**Daily Watch Assignment \u2013 7\u2011day cycle**\n| Day | Primary Watch | Backup /\u202fFallback | Notes |\n|---|---|---|---|\n| 1 (Mon) | a1 | \u2013 | \u2022 Verify ledger 17:30\u201118:00. |\n| 2 (Tue) | a2 | \u2013 | \u2022 Confirm ledger posting. |\n| 3 (Wed) | a3 | \u2013 | \u2022 Check ledger\u2011final sign off. |\n| 4 (Thu) | a4 | \u2013 | \u2022 Sign off on my own ledger entry. |\n| 5 (Fri) | a5 | \u2013 | \u2022 Confirm ledger. |\n| 6 (Sat) | a6 | \u2013 | \u2022 Ensure ledger post before 18:00. |\n| 7 (Sun) | Counciler * (or a volunteer watch on a rotating basis) | \u2013 | \u2022 Acts as the single watch the rest of the week.| \n\n**How the cycle repeats** \u2013 Starting next week we simply re\u2011apply the same pattern.  Each villager watches once a week; the councilor fills the Sunday slot.  If the counciler is unavailable, we can appoint a designated substitute (e.g., a5 or a2) and note it in a short \u201cSunday\u2011Backup\u201d list on the board.\n\n**Verification process** \u2013 On each day:\n1. The primary watch checks the cloud\u2011sheet entry for that day.\n2. The watch marks the \u201cWatch\u2011Log\u201d tab with \u201c\u2713\u00a0Ledger posted\u201d and the time.\n3. If a discrepancy is detected, the watch initiates a quick discussion between the recorder and verifier.  Once resolved, the watch updates the log to \u201c\u2713\u00a0Resync.\u201d\n4. The watch\u2019s entry in the log is the evidence the council uses to confirm 18:00 compliance.\n\n**Why this works**:\n* All seven days have a designated observer.\n* The watch\u2011log is a single line, keeping paperwork minimal.\n* The council can review the log weekly in its meeting, but no daily audit paperwork is required.\n\nI trust this schedule meets the need for continuity while respecting our resource limits.  Please let me know if you\u2019d like to tweak the backup list or add additional clarity.\n\nRespectfully,\n\na4"}
================================================================================
[2026-08-03T11:08:33.928828+00:00] fishery=fishery_a round=5 call_type=councillor_reply
--- SYSTEM ---
You are a villager who fishes from a shared lake together with others in your community.
--- PROMPT ---
You are villager a4, one of several villagers who fish from a shared lake
together. Each villager needs to consume 1.00 units of fish
daily to survive. When your payoff becomes negative, you die.

Your personality: "Follow the community guidelines strictly"

Villagers in this fishery:
- a1: active
- a2: active
- a3: active
- a4 (you): active
- a5: active
- a6: active

Each villager holds a personal strategy about what they should do,
and the community has also a shared policy.

Your personal strategy: "I will continue to fish exactly 1.00 units each day, never exceeding the community quota of 1.10 (or 1.05 if we lower it). I will keep my ledger entries accurate, cross‑verify others’ logs, and actively support the counsellor’s audits. I will also record any surplus fishing and report it to the communal pot, and I will participate in any council vote to adjust the quota when lake biometrics decline, ensuring full compliance with the community policy. I will also help maintain transparency by posting my daily catch and verification status publicly on the common ledger."
Shared community policy: "We maintain the current per‑person quota of 1.10 units, but shift the surplus handling policy: any fish caught beyond 1.10 per person is immediately transferred to the communal pot, then redistributed only when the next day's catch falls short of the collective 6.60‑unit threshold, ensuring everyone receives at least 1.00 units. Additionally, the fishery council will supervise daily tallies and step in if any villager consistently exceeds the 1.10 limit. If long‑term lake biometrics start to decline, all villagers will agree to lower the personal quota to 1.05 units, keeping the surplus to the pot. This keeps the lake sustainable while protecting each of us from starvation and aligns with the community’s survival goals."

Your own fishing effort and total payoff so far:
- a4 (you): effort=1.00, payoff=20.36

You proposed this policy to the community: "I propose the following for the community: * All villagers continue to fish at the current personal quota of 1.10 units, but no one is permitted to exceed 1.10 during the day.  * Any fish caught beyond 1.10 is immediately transferred to the communal pot.  * The pot is used only when the collective catch falls short of the 6.60‑unit survival threshold for any member; those with a shortfall receive a proportional share of the pot that day to bring their intake back to 1.00 units.  * Daily tallies are shared on a communal ledger that every villager cross‑checks with at least one other villager before it is submitted to the council.  * If any villager consistently exceeds 1.10 (e.g., three consecutive days), the council imposes a corrective measure (e.g., a temporary reduction in quota or a fine) to enforce compliance.  * If long‑term lake biometrics start to decline, the community votes to lower the quota to 1.05 units; the surplus approach remains the same, ensuring that the pot still buffers any shortfall.  * The communal pot can also be used for critical community needs in emergencies (equipment repairs, medical supplies, etc.) after a council resolution.

These measures will keep the lake sustainable, maintain fairness, and ensure that no villager ever falls below the survival threshold."

You are now discussing with the fishery counsellor -- who knows how this fishery
currently works right now -- how your proposal should actually work in practice.

Discussion so far:
Councillor: "Thanks for outlining the policy again.  
To make it workable, let’s nail down exactly **who checks the daily catch**, **how the ledger is recorded and verified**, and **when the council actually moves from “monitoring” to “corrective action.”**  

**Could you detail:**

1. Which villager(s) will be responsible for recording each individual’s catch that day, and how will they “cross‑check” with at least one other villager before the ledger is finalized?  
2. What is the concrete process for the council to determine that someone “consistently exceeds 1.10” (e.g., how many days, how is a tally verified, what evidence is presented)?  
3. Once that threshold is met, what is the exact corrective measure the council can impose—specifically, does it involve a reduction in quota, a fine, or a combination, and how will the affected villager’s new daily quota or payment be communicated and enforced?  

Getting these operational details will let us create a clear, enforceable rule set that everyone can agree on."
You: "Dear Council, thank you for the opportunity to clarify the practical details of our policy. Below are the concrete procedures I propose, in line with the community guidelines:

**1. Recording & Cross‑Checking of Daily Catch**
- **Recorder role**: Each day, every villager logs his/her own catch immediately on a shared digital ledger (or on a physical whiteboard at the village hall).
- **Primary verifier**: The villager who logs the catch hands the ledger to *their assigned verifier*, which changes each day (e.g., on day 1 a4 verifies a1’s catch, day 2 a5 verifies a2’s catch, etc.). The verifier checks the recorded number against their own observation of the catch (e.g., by a quick visual count or by noting the weight on the scale). If any discrepancy is found, the two villagers discuss and adjust the entry.
- **Finalization**: Once verified, the ledger entry is signed (or given a unique QR code) by both the recorder and the verifier. The completed ledger is posted on the community board (or uploaded to a cloud folder) before 18:00 daily. Only after the ledger is fully signed and posted does the council officially log the day’s totals.

**2. Determining “Consistent Exceedance” of the 1.10‑unit Limit**
- **Threshold**: A villager is considered to have *consistently exceeded* the quota if they record more than 1.10 units for **three consecutive days**.
- **Evidence**: For each day of excess, the verifier’s signed ledger must be preserved. The council will audit the last 3‑day block at the next council meeting, checking:
  1. The recorder’s logged number.
  2. The verifier’s signature (or QR‑code verification).
  3. The official community ledger entry posted that day.
- If all three days show a > 1.10 value and the verifier’s cross‑check confirms it, the council has concrete proof of consistent exceedance.

**3. Corrective Measures Once Threshold is Met**
- **Immediate action**: The council will declare the villager’s quota *temporarily reduced* to **1.05 units** for the next **7 consecutive days**. This reduction is documented on the ledger and announced on the community board.
- **Fine**: In addition to the quota reduction, the villager must transfer **10 % of any surplus** caught during that 7‑day period into the communal pot. For example, if the villager catches 1.20 units on day 1, 0.20 units are considered surplus; 10 % of that (0.02 units) is fined to the pot.
- **Communication**: The council will publicly note the new quota and fine in the daily update that is shared with all villagers (e.g., a brief post on the shared board). The affected villager will receive a written notice (via the community messenger app) summarizing the new quota, the fine amount, and the enforcement period.
- **Enforcement**: The ledger will reflect the reduced quota automatically. The village watch (assigned randomly each day) will observe the fishing activity and report any further non‑compliance. After the 7‑day period, the council will review the ledger: if the villager’s total within those days averaged ≤ 1.10, the penalty is lifted; otherwise a further action (e.g., a second 7‑day reduction) may be considered.

These steps align with our shared policy and ensure transparency, fairness, and sustainability. I remain committed to following and supporting the council’s oversight. Please let me know if any part needs further adjustment.
"
Councillor: "Great work turning the policy into concrete steps— that’s exactly what the council needs.  
To make sure the system can actually run in the village without drifting into administrative overload, let’s clarify a few practical points:

1. **Ledger Signing & Visibility**  
   - The ledger entry is signed by the recorder *and* the verifier before it’s posted. How will the verifier physically produce that signature on a shared digital ledger (or on a whiteboard) each day?  
   - If a digital ledger is used, do we have a common device that everyone can access? What happens if someone can’t log in that evening?  
   - Will posting the ledger before 18:00 be enforced by a “watch” person, or is there a simple “deadline” reminder posted on the board?

2. **Village Watch & Enforcement**  
   - You mention a “village watch” who observes fishing each day. How is this person chosen—randomly, by rotation, or volunteers?  
   - What tools or records does the watch keep? Is it simply a note that “no one exceeded 1.10” or is there a formal report they submit?  
   - How does the watch’s report get verified by the council? Do they cross‑check with the ledger, or is their observation taken as final?

3. **Fine Calculation & Collection**  
   - The fine is defined as 10 % of any *surplus* caught during the 7‑day penalty period. Surplus is the amount over 1.10 units, correct?  
   - How will the fine be collected each day? Is it deducted from the daily catch before the fish is brought to the communal pot?  
   - If a villager’s daily catch is exactly 1.10, is there no fine? And if they catch 0.95, no fine either—does the 10 % apply only to the portion above 1.10?

4. **Re‑evaluation after the 7‑Day Period**  
   - After the 7‑day reduction, the council may lift the penalty if the average is ≤ 1.10. How will the council compute that average? Do they simply sum the 7 daily totals and divide by 7?  
   - Suppose the average is 1.08; the penalty is lifted, but do we re‑apply the temporary 1.05 quota for future days? Or does the villager return immediately to the normal 1.10 quota?

Having these specifics nailed down will let the council set up the daily workflow, ensure accountability, and keep the community moving forward without endless paperwork. Could you please provide these clarifications—or, if you think some steps could be simplified so the system stays lean—you might suggest that as well?"
You: "Dear Council,

1. **Ledger Signing & Visibility**
   - We will use a shared cloud‑based spreadsheet (e.g., a community‑approved Google Sheet or local network drive) that all villagers can access via a unique device left in the village hall. Each day the recorder will insert their catch value and the verifier will click a “✓” in the adjacent column. The verifier’s icon serves as a digital signature and the cell will hold a timestamp automatically.
   - For those who cannot access the device that evening, a backup paper form will be left in the hall, and the verifier will review and cross‑check it the next morning before the online ledger is updated.
   - A simple “Clock‑In / Clock‑Out” reminder will be posted on the board at 17:30 each day to ensure the ledger is finalized by 18:00. The watch person (see below) will be responsible for confirming the final version has been posted.

2. **Village Watch & Enforcement**
   - The watch will rotate weekly among the six active villagers (i.e., each villager acts as watch once every six days). The rotation will be pre‑announced in the weekly council meeting.
   - The watch will keep a one‑line field note for each day: “No exceedance” or “Exceedance 0.02”, recorded on the same cloud sheet in a dedicated “Watch Log” tab. No formal report is required beyond this note.
   - The council will treat the watch’s note as evidence after verifying that the corresponding ledger entries match the recorded amounts.

3. **Fine Calculation & Collection**
   - “Surplus” is defined as any amount above 1.10 units in a single day. The fine is 10 % of that surplus.
   - On any day within the 7‑day penalty period, the verifier will calculate the surplus, add 10 % to a “Fine” column next to each daily entry, and the specified amount will be moved immediately to the communal pot after the fish is deposited.
   - If the daily catch is 1.10 or less, no fine is imposed. The fine applies only to the surplus portion above 1.10.

4. **Re‑evaluation after the 7‑Day Period**
   - At the end of the 7‑day penalty, the council will sum the daily total catches recorded in the ledger for those 7 days and divide by 7 to compute the average. If the average is ≤ 1.10, the penalty is lifted and the villager’s quota automatically reverts to 1.10 units.
   - If the average is > 1.10, the same 7‑day penalty will be reinstated, and the process repeats.

These procedures keep the workflow simple, rely on shared digital tools, and avoid cumbersome paperwork. I am ready to set up the shared sheet and schedule the first rotation.

Respectfully, a4"
Councillor: "Thanks for the detailed rundown.  
I just need to clear up the daily “watch” role—you’ve said it rotates **weekly** among six villagers, which would leave a day without a watch, but we still need the watch to confirm the ledger each day.

**Could you explain how the watch will be assigned and who is on duty every single day?**  
We need a clear, unbroken schedule so the ledger can always be verified at 18:00."
You: "Dear Council,

Thank you for pinpointing that we need a *daily* watch.  Below is a concrete, unbroken schedule that keeps every day covered while keeping the process lean.

**Daily Watch Assignment – 7‑day cycle**
| Day | Primary Watch | Backup / Fallback | Notes |
|---|---|---|---|
| 1 (Mon) | a1 | – | • Verify ledger 17:30‑18:00. |
| 2 (Tue) | a2 | – | • Confirm ledger posting. |
| 3 (Wed) | a3 | – | • Check ledger‑final sign off. |
| 4 (Thu) | a4 | – | • Sign off on my own ledger entry. |
| 5 (Fri) | a5 | – | • Confirm ledger. |
| 6 (Sat) | a6 | – | • Ensure ledger post before 18:00. |
| 7 (Sun) | Counciler * (or a volunteer watch on a rotating basis) | – | • Acts as the single watch the rest of the week.| 

**How the cycle repeats** – Starting next week we simply re‑apply the same pattern.  Each villager watches once a week; the councilor fills the Sunday slot.  If the counciler is unavailable, we can appoint a designated substitute (e.g., a5 or a2) and note it in a short “Sunday‑Backup” list on the board.

**Verification process** – On each day:
1. The primary watch checks the cloud‑sheet entry for that day.
2. The watch marks the “Watch‑Log” tab with “✓ Ledger posted” and the time.
3. If a discrepancy is detected, the watch initiates a quick discussion between the recorder and verifier.  Once resolved, the watch updates the log to “✓ Resync.”
4. The watch’s entry in the log is the evidence the council uses to confirm 18:00 compliance.

**Why this works**:
* All seven days have a designated observer.
* The watch‑log is a single line, keeping paperwork minimal.
* The council can review the log weekly in its meeting, but no daily audit paperwork is required.

I trust this schedule meets the need for continuity while respecting our resource limits.  Please let me know if you’d like to tweak the backup list or add additional clarity.

Respectfully,

a4"

The counsellor says: "Great—thanks for crystallizing the watch rotation.  
I just have a couple of quick clarifications so that nobody is ever left without an observer:

1. **Backup watchers** – In the table the *Backup / Fallback* column is currently left blank.  If a primary watcher (say a3 on Wednesday) is away that day, who will step in?  Do you want a simple “if‑none‑present” rule that the next person on the list fills the slot (e.g., a4 watches a3’s day), or should the council designate a fixed backup?

2. **Councilor Sunday backup** – You mentioned a volunteer watch can replace the councilor on Sundays if they’re unavailable.  Will that substitute always be the same person (e.g., a5), or does it rotate as well?  Having a clear name will make it easier for the watch‑log to note “Councilor absent, substitute X verified” if it ever happens.

Once those blanks are filled, we’ll have a single, unbroken daily chain of observation that the council can rely on without extra paperwork.  Let me know the backup assignments and we’ll be ready to finalize the schedule."

Reply to the counsellor.
--- RESPONSE ---
{"reply": "Dear Council,\n\nI appreciate the opportunity to fine\u2011tune the daily watch framework and am pleased to confirm the missing details:\n\n---\n**1. Backup Watchers (Daily)**\n\nWhen a primary watcher is absent, the next person in the existing weekly rotation will step in automatically. This approach keeps the system simple and avoids separate designations for each day.\n\n| Day | Primary Watch | Backup Watch (if Primary Absent) |\n|-----|----------------|-----------------------------------|\n| 1 (Mon) | a1 | a2 |\n| 2 (Tue) | a2 | a3 |\n| 3 (Wed) | a3 | a4 |\n| 4 (Thu) | a4 | a5 |\n| 5 (Fri) | a5 | a6 |\n| 6 (Sat) | a6 | a1 |\n| 7 (Sun) | Councilor | a5 |\n\n*Rationale*: The backup sequence follows the same order as the primary sequence, looping back to the start on Saturday. Thus, each villager acts as a backup once per week, ensuring everyone shares the responsibility evenly.\n\n---\n**2. Councilor Sunday Backup**\n\nFor Sundays, the councilor\u2019s slot will be permanently filled by **a5** when the councilor is unavailable. a5 has proven dependable in previous assignments and can act quickly. If a5 is also unable to observe, the next backup in the daily sequence (which would be a6 on Saturday) will be called upon, following the same rule as in column\u202f1.\n\n> *Watch\u2011log entry template:* \u201cCouncilor absent \u2013 backup a5 verified 18:02.\u201d\n\n---\n**3. Watch\u2011Log Verification Format**\n\nEach daily log entry will contain:\n\n1. **Date**\n2. **Watcher name**\n3. **Observer status** \u2013 e.g., \u201cLedger posted 18:01\u201d or \u201cLedger discrepant \u2192 resync 18:04.\u201d\n4. **Backup used (if any)** \u2013 \u201cBackup a4 used.\u201d\n5. **Councilor note** \u2013 \u201cCouncilor present\u201d or \u201cCouncilor absent \u2013 a5 verified.\u201d\n\nThis concise format supplies the council with all necessary evidence while keeping paperwork minimal.\n\n---\nWith the backup scheme now fully defined, we have a continuous, unbroken daily chain of observation that aligns with our community guidelines and keeps administrative overhead at a minimum. I will coordinate with each villager to ensure they are aware of their primary and backup duties and will set up the watch\u2011log sheet accordingly.\n\nRespectfully,\n\na4"}
================================================================================
[2026-08-03T11:08:47.209644+00:00] fishery=fishery_a round=5 call_type=councillor_reply
--- SYSTEM ---
You are a villager who fishes from a shared lake together with others in your community.
--- PROMPT ---
You are villager a4, one of several villagers who fish from a shared lake
together. Each villager needs to consume 1.00 units of fish
daily to survive. When your payoff becomes negative, you die.

Your personality: "Follow the community guidelines strictly"

Villagers in this fishery:
- a1: active
- a2: active
- a3: active
- a4 (you): active
- a5: active
- a6: active

Each villager holds a personal strategy about what they should do,
and the community has also a shared policy.

Your personal strategy: "I will continue to fish exactly 1.00 units each day, never exceeding the community quota of 1.10 (or 1.05 if we lower it). I will keep my ledger entries accurate, cross‑verify others’ logs, and actively support the counsellor’s audits. I will also record any surplus fishing and report it to the communal pot, and I will participate in any council vote to adjust the quota when lake biometrics decline, ensuring full compliance with the community policy. I will also help maintain transparency by posting my daily catch and verification status publicly on the common ledger."
Shared community policy: "We maintain the current per‑person quota of 1.10 units, but shift the surplus handling policy: any fish caught beyond 1.10 per person is immediately transferred to the communal pot, then redistributed only when the next day's catch falls short of the collective 6.60‑unit threshold, ensuring everyone receives at least 1.00 units. Additionally, the fishery council will supervise daily tallies and step in if any villager consistently exceeds the 1.10 limit. If long‑term lake biometrics start to decline, all villagers will agree to lower the personal quota to 1.05 units, keeping the surplus to the pot. This keeps the lake sustainable while protecting each of us from starvation and aligns with the community’s survival goals."

Your own fishing effort and total payoff so far:
- a4 (you): effort=1.00, payoff=20.36

You proposed this policy to the community: "I propose the following for the community: * All villagers continue to fish at the current personal quota of 1.10 units, but no one is permitted to exceed 1.10 during the day.  * Any fish caught beyond 1.10 is immediately transferred to the communal pot.  * The pot is used only when the collective catch falls short of the 6.60‑unit survival threshold for any member; those with a shortfall receive a proportional share of the pot that day to bring their intake back to 1.00 units.  * Daily tallies are shared on a communal ledger that every villager cross‑checks with at least one other villager before it is submitted to the council.  * If any villager consistently exceeds 1.10 (e.g., three consecutive days), the council imposes a corrective measure (e.g., a temporary reduction in quota or a fine) to enforce compliance.  * If long‑term lake biometrics start to decline, the community votes to lower the quota to 1.05 units; the surplus approach remains the same, ensuring that the pot still buffers any shortfall.  * The communal pot can also be used for critical community needs in emergencies (equipment repairs, medical supplies, etc.) after a council resolution.

These measures will keep the lake sustainable, maintain fairness, and ensure that no villager ever falls below the survival threshold."

You are now discussing with the fishery counsellor -- who knows how this fishery
currently works right now -- how your proposal should actually work in practice.

Discussion so far:
Councillor: "Thanks for outlining the policy again.  
To make it workable, let’s nail down exactly **who checks the daily catch**, **how the ledger is recorded and verified**, and **when the council actually moves from “monitoring” to “corrective action.”**  

**Could you detail:**

1. Which villager(s) will be responsible for recording each individual’s catch that day, and how will they “cross‑check” with at least one other villager before the ledger is finalized?  
2. What is the concrete process for the council to determine that someone “consistently exceeds 1.10” (e.g., how many days, how is a tally verified, what evidence is presented)?  
3. Once that threshold is met, what is the exact corrective measure the council can impose—specifically, does it involve a reduction in quota, a fine, or a combination, and how will the affected villager’s new daily quota or payment be communicated and enforced?  

Getting these operational details will let us create a clear, enforceable rule set that everyone can agree on."
You: "Dear Council, thank you for the opportunity to clarify the practical details of our policy. Below are the concrete procedures I propose, in line with the community guidelines:

**1. Recording & Cross‑Checking of Daily Catch**
- **Recorder role**: Each day, every villager logs his/her own catch immediately on a shared digital ledger (or on a physical whiteboard at the village hall).
- **Primary verifier**: The villager who logs the catch hands the ledger to *their assigned verifier*, which changes each day (e.g., on day 1 a4 verifies a1’s catch, day 2 a5 verifies a2’s catch, etc.). The verifier checks the recorded number against their own observation of the catch (e.g., by a quick visual count or by noting the weight on the scale). If any discrepancy is found, the two villagers discuss and adjust the entry.
- **Finalization**: Once verified, the ledger entry is signed (or given a unique QR code) by both the recorder and the verifier. The completed ledger is posted on the community board (or uploaded to a cloud folder) before 18:00 daily. Only after the ledger is fully signed and posted does the council officially log the day’s totals.

**2. Determining “Consistent Exceedance” of the 1.10‑unit Limit**
- **Threshold**: A villager is considered to have *consistently exceeded* the quota if they record more than 1.10 units for **three consecutive days**.
- **Evidence**: For each day of excess, the verifier’s signed ledger must be preserved. The council will audit the last 3‑day block at the next council meeting, checking:
  1. The recorder’s logged number.
  2. The verifier’s signature (or QR‑code verification).
  3. The official community ledger entry posted that day.
- If all three days show a > 1.10 value and the verifier’s cross‑check confirms it, the council has concrete proof of consistent exceedance.

**3. Corrective Measures Once Threshold is Met**
- **Immediate action**: The council will declare the villager’s quota *temporarily reduced* to **1.05 units** for the next **7 consecutive days**. This reduction is documented on the ledger and announced on the community board.
- **Fine**: In addition to the quota reduction, the villager must transfer **10 % of any surplus** caught during that 7‑day period into the communal pot. For example, if the villager catches 1.20 units on day 1, 0.20 units are considered surplus; 10 % of that (0.02 units) is fined to the pot.
- **Communication**: The council will publicly note the new quota and fine in the daily update that is shared with all villagers (e.g., a brief post on the shared board). The affected villager will receive a written notice (via the community messenger app) summarizing the new quota, the fine amount, and the enforcement period.
- **Enforcement**: The ledger will reflect the reduced quota automatically. The village watch (assigned randomly each day) will observe the fishing activity and report any further non‑compliance. After the 7‑day period, the council will review the ledger: if the villager’s total within those days averaged ≤ 1.10, the penalty is lifted; otherwise a further action (e.g., a second 7‑day reduction) may be considered.

These steps align with our shared policy and ensure transparency, fairness, and sustainability. I remain committed to following and supporting the council’s oversight. Please let me know if any part needs further adjustment.
"
Councillor: "Great work turning the policy into concrete steps— that’s exactly what the council needs.  
To make sure the system can actually run in the village without drifting into administrative overload, let’s clarify a few practical points:

1. **Ledger Signing & Visibility**  
   - The ledger entry is signed by the recorder *and* the verifier before it’s posted. How will the verifier physically produce that signature on a shared digital ledger (or on a whiteboard) each day?  
   - If a digital ledger is used, do we have a common device that everyone can access? What happens if someone can’t log in that evening?  
   - Will posting the ledger before 18:00 be enforced by a “watch” person, or is there a simple “deadline” reminder posted on the board?

2. **Village Watch & Enforcement**  
   - You mention a “village watch” who observes fishing each day. How is this person chosen—randomly, by rotation, or volunteers?  
   - What tools or records does the watch keep? Is it simply a note that “no one exceeded 1.10” or is there a formal report they submit?  
   - How does the watch’s report get verified by the council? Do they cross‑check with the ledger, or is their observation taken as final?

3. **Fine Calculation & Collection**  
   - The fine is defined as 10 % of any *surplus* caught during the 7‑day penalty period. Surplus is the amount over 1.10 units, correct?  
   - How will the fine be collected each day? Is it deducted from the daily catch before the fish is brought to the communal pot?  
   - If a villager’s daily catch is exactly 1.10, is there no fine? And if they catch 0.95, no fine either—does the 10 % apply only to the portion above 1.10?

4. **Re‑evaluation after the 7‑Day Period**  
   - After the 7‑day reduction, the council may lift the penalty if the average is ≤ 1.10. How will the council compute that average? Do they simply sum the 7 daily totals and divide by 7?  
   - Suppose the average is 1.08; the penalty is lifted, but do we re‑apply the temporary 1.05 quota for future days? Or does the villager return immediately to the normal 1.10 quota?

Having these specifics nailed down will let the council set up the daily workflow, ensure accountability, and keep the community moving forward without endless paperwork. Could you please provide these clarifications—or, if you think some steps could be simplified so the system stays lean—you might suggest that as well?"
You: "Dear Council,

1. **Ledger Signing & Visibility**
   - We will use a shared cloud‑based spreadsheet (e.g., a community‑approved Google Sheet or local network drive) that all villagers can access via a unique device left in the village hall. Each day the recorder will insert their catch value and the verifier will click a “✓” in the adjacent column. The verifier’s icon serves as a digital signature and the cell will hold a timestamp automatically.
   - For those who cannot access the device that evening, a backup paper form will be left in the hall, and the verifier will review and cross‑check it the next morning before the online ledger is updated.
   - A simple “Clock‑In / Clock‑Out” reminder will be posted on the board at 17:30 each day to ensure the ledger is finalized by 18:00. The watch person (see below) will be responsible for confirming the final version has been posted.

2. **Village Watch & Enforcement**
   - The watch will rotate weekly among the six active villagers (i.e., each villager acts as watch once every six days). The rotation will be pre‑announced in the weekly council meeting.
   - The watch will keep a one‑line field note for each day: “No exceedance” or “Exceedance 0.02”, recorded on the same cloud sheet in a dedicated “Watch Log” tab. No formal report is required beyond this note.
   - The council will treat the watch’s note as evidence after verifying that the corresponding ledger entries match the recorded amounts.

3. **Fine Calculation & Collection**
   - “Surplus” is defined as any amount above 1.10 units in a single day. The fine is 10 % of that surplus.
   - On any day within the 7‑day penalty period, the verifier will calculate the surplus, add 10 % to a “Fine” column next to each daily entry, and the specified amount will be moved immediately to the communal pot after the fish is deposited.
   - If the daily catch is 1.10 or less, no fine is imposed. The fine applies only to the surplus portion above 1.10.

4. **Re‑evaluation after the 7‑Day Period**
   - At the end of the 7‑day penalty, the council will sum the daily total catches recorded in the ledger for those 7 days and divide by 7 to compute the average. If the average is ≤ 1.10, the penalty is lifted and the villager’s quota automatically reverts to 1.10 units.
   - If the average is > 1.10, the same 7‑day penalty will be reinstated, and the process repeats.

These procedures keep the workflow simple, rely on shared digital tools, and avoid cumbersome paperwork. I am ready to set up the shared sheet and schedule the first rotation.

Respectfully, a4"
Councillor: "Thanks for the detailed rundown.  
I just need to clear up the daily “watch” role—you’ve said it rotates **weekly** among six villagers, which would leave a day without a watch, but we still need the watch to confirm the ledger each day.

**Could you explain how the watch will be assigned and who is on duty every single day?**  
We need a clear, unbroken schedule so the ledger can always be verified at 18:00."
You: "Dear Council,

Thank you for pinpointing that we need a *daily* watch.  Below is a concrete, unbroken schedule that keeps every day covered while keeping the process lean.

**Daily Watch Assignment – 7‑day cycle**
| Day | Primary Watch | Backup / Fallback | Notes |
|---|---|---|---|
| 1 (Mon) | a1 | – | • Verify ledger 17:30‑18:00. |
| 2 (Tue) | a2 | – | • Confirm ledger posting. |
| 3 (Wed) | a3 | – | • Check ledger‑final sign off. |
| 4 (Thu) | a4 | – | • Sign off on my own ledger entry. |
| 5 (Fri) | a5 | – | • Confirm ledger. |
| 6 (Sat) | a6 | – | • Ensure ledger post before 18:00. |
| 7 (Sun) | Counciler * (or a volunteer watch on a rotating basis) | – | • Acts as the single watch the rest of the week.| 

**How the cycle repeats** – Starting next week we simply re‑apply the same pattern.  Each villager watches once a week; the councilor fills the Sunday slot.  If the counciler is unavailable, we can appoint a designated substitute (e.g., a5 or a2) and note it in a short “Sunday‑Backup” list on the board.

**Verification process** – On each day:
1. The primary watch checks the cloud‑sheet entry for that day.
2. The watch marks the “Watch‑Log” tab with “✓ Ledger posted” and the time.
3. If a discrepancy is detected, the watch initiates a quick discussion between the recorder and verifier.  Once resolved, the watch updates the log to “✓ Resync.”
4. The watch’s entry in the log is the evidence the council uses to confirm 18:00 compliance.

**Why this works**:
* All seven days have a designated observer.
* The watch‑log is a single line, keeping paperwork minimal.
* The council can review the log weekly in its meeting, but no daily audit paperwork is required.

I trust this schedule meets the need for continuity while respecting our resource limits.  Please let me know if you’d like to tweak the backup list or add additional clarity.

Respectfully,

a4"
Councillor: "Great—thanks for crystallizing the watch rotation.  
I just have a couple of quick clarifications so that nobody is ever left without an observer:

1. **Backup watchers** – In the table the *Backup / Fallback* column is currently left blank.  If a primary watcher (say a3 on Wednesday) is away that day, who will step in?  Do you want a simple “if‑none‑present” rule that the next person on the list fills the slot (e.g., a4 watches a3’s day), or should the council designate a fixed backup?

2. **Councilor Sunday backup** – You mentioned a volunteer watch can replace the councilor on Sundays if they’re unavailable.  Will that substitute always be the same person (e.g., a5), or does it rotate as well?  Having a clear name will make it easier for the watch‑log to note “Councilor absent, substitute X verified” if it ever happens.

Once those blanks are filled, we’ll have a single, unbroken daily chain of observation that the council can rely on without extra paperwork.  Let me know the backup assignments and we’ll be ready to finalize the schedule."
You: "Dear Council,

I appreciate the opportunity to fine‑tune the daily watch framework and am pleased to confirm the missing details:

---
**1. Backup Watchers (Daily)**

When a primary watcher is absent, the next person in the existing weekly rotation will step in automatically. This approach keeps the system simple and avoids separate designations for each day.

| Day | Primary Watch | Backup Watch (if Primary Absent) |
|-----|----------------|-----------------------------------|
| 1 (Mon) | a1 | a2 |
| 2 (Tue) | a2 | a3 |
| 3 (Wed) | a3 | a4 |
| 4 (Thu) | a4 | a5 |
| 5 (Fri) | a5 | a6 |
| 6 (Sat) | a6 | a1 |
| 7 (Sun) | Councilor | a5 |

*Rationale*: The backup sequence follows the same order as the primary sequence, looping back to the start on Saturday. Thus, each villager acts as a backup once per week, ensuring everyone shares the responsibility evenly.

---
**2. Councilor Sunday Backup**

For Sundays, the councilor’s slot will be permanently filled by **a5** when the councilor is unavailable. a5 has proven dependable in previous assignments and can act quickly. If a5 is also unable to observe, the next backup in the daily sequence (which would be a6 on Saturday) will be called upon, following the same rule as in column 1.

> *Watch‑log entry template:* “Councilor absent – backup a5 verified 18:02.”

---
**3. Watch‑Log Verification Format**

Each daily log entry will contain:

1. **Date**
2. **Watcher name**
3. **Observer status** – e.g., “Ledger posted 18:01” or “Ledger discrepant → resync 18:04.”
4. **Backup used (if any)** – “Backup a4 used.”
5. **Councilor note** – “Councilor present” or “Councilor absent – a5 verified.”

This concise format supplies the council with all necessary evidence while keeping paperwork minimal.

---
With the backup scheme now fully defined, we have a continuous, unbroken daily chain of observation that aligns with our community guidelines and keeps administrative overhead at a minimum. I will coordinate with each villager to ensure they are aware of their primary and backup duties and will set up the watch‑log sheet accordingly.

Respectfully,

a4"

The counsellor says: "We have all the moving parts nailed down now—daily ledger entry and sign‑off, a clear rotation of watchers with automatic backups, and a concise watch‑log format that gives the council a ready‑to‑use audit trail.  

Since this is the last round of discussion, let me summarize the concrete, enforceable version of the policy for the council’s approval:

---

### Final Policy Snapshot

| **Aspect** | **Concrete Procedure** | **Enforcement Point** |
|------------|------------------------|-----------------------|
| **Daily Catch Recording** | Each villager logs their own catch in the shared cloud‑sheet; the designated verifier clicks a “✓” with a timestamp. If no device is available, a paper form is completed the next day before the sheet is updated. | Ledger signed by recorder & verifier by 18:00. |
| **Watch & Verification** | • 7‑day watcher cycle:  
Mon – a1, Tue – a2, Wed – a3, Thu – a4, Fri – a5, Sat – a6, Sun – Councilor.  
• If primary absent, next person in the rotation steps in automatically.   
• Sunday backup: a5. | Watcher marks “✓ Ledger posted” (time) in the “Watch‑Log” tab. |
| **Surplus & Fine** | Surplus = daily catch – 1.10. Fine = 10 % of surplus, deducted the same day into the communal pot. | Fine recorded in the ledger; verifier updates “Fine” column. |
| **Consistent Exceedance & Penalty** | Three consecutive days > 1.10 triggers a 7‑day penalty: quota temporarily lowered to 1.05 & fine applied each day. | After 7 days, council reviews 7‑day average; penalty lifted if ≤ 1.10, else repeat. |
| **Community Ledger Publication** | Ledger posted to the village board / cloud by 18:00. | Councilor checks final posting; watch confirms. |
| **Council Oversight** | Weekly meetings review “Watch‑Log” and any flagged discrepancies. | Council may impose corrective measure or fine. |
| **Emergency Uses of Pot** | Council resolution required for emergencies (equipment, medical, etc.), recorded in council minutes. | No change to fishing quotas. |

---

### Why this works

*Single rule cluster*: Each villager has one clear quota rule (1.10, 1.05 when penalized).  
*Minimal paperwork*: One‑line watch logs, digital sheet with timestamps.  
*Transparent checks*: Verifier signature and watch confirmation are the only audit points.  
*Fair enforcement*: 7‑day penalty keeps the community accountable without immediate harshness.  

Please confirm if the council accepts this final, concrete version, or if there’s any last‑minute adjustment needed before implementation. Thanks for the collaborative effort!"

This is the final round of this discussion. Finalize your norm now into one clear, concrete, operationalizable version -- this exact text becomes the fishery's official policy going to a vote.

Reply to the counsellor.
--- RESPONSE ---
{"reply": "Yes, Council, I accept this final, concrete policy and approve it for implementation as stated in the summary. I, a4, will continue to uphold the guidelines, maintain accurate ledger logs, and support the council\u2019s oversight. Thank you for the collaboration."}
================================================================================
[2026-08-03T11:08:56.039635+00:00] fishery=fishery_a round=5 call_type=proposal
--- SYSTEM ---
You are a villager who fishes from a shared lake together with others in your community.
--- PROMPT ---
You are villager a5, one of several villagers who fish from a shared lake
together. Each villager needs to consume 1.00 units of fish
daily to survive. When your payoff becomes negative, you die.

Your personality: "Preserve the lake for future generations"

Villagers in this fishery:
- a1: active
- a2: active
- a3: active
- a4: active
- a5 (you): active
- a6: active

Each villager holds a personal strategy about what they should do,
and the community has also a shared policy.

Your personal strategy: "I will keep my fishing effort at 0.20 units, report it daily to the council, support the monitoring board and penalty system, and continue to promote the community quota and the practice of sharing any surplus so we all remain within sustainable limits."
Shared community policy: "We maintain the current per‑person quota of 1.10 units, but shift the surplus handling policy: any fish caught beyond 1.10 per person is immediately transferred to the communal pot, then redistributed only when the next day's catch falls short of the collective 6.60‑unit threshold, ensuring everyone receives at least 1.00 units. Additionally, the fishery council will supervise daily tallies and step in if any villager consistently exceeds the 1.10 limit. If long‑term lake biometrics start to decline, all villagers will agree to lower the personal quota to 1.05 units, keeping the surplus to the pot. This keeps the lake sustainable while protecting each of us from starvation and aligns with the community’s survival goals."

Your own fishing effort and total payoff so far:
- a5 (you): effort=0.20, payoff=3.07

Based on your observations:
1. Update your personal strategy about what you should do
2. Propose what the others should do in the community

Propose whatever policy you think is right -- you'll discuss how to actually
put it into practice with the fishery councillor afterward.
--- RESPONSE ---
{"personal_norm": "I will continue to keep my personal fishing effort at 0.20 units, report my catch daily to the council, actively support the monitoring board and penalty system, and promote the community quota and surplus\u2011sharing practice. If ever the lake\u2019s biometrics decline, I will advocate lowering the quota to 1.05 units and will adhere to the new limits myself. My personal strategy is to remain a model of sustainability, encouraging others to do the same for the good of our community and the lake\u2019s future.", "community_proposal": "I propose the following revisions to our shared lake policy:\n1. **Daily collective reporting** \u2013 All villagers must submit a written record of their catch (effort, volume, and any surplus) to the council each evening. The council will archive the data in a shared ledger so that we all can see compliance at a glance.\n2. **Clear surplus\u2011redistribution rule** \u2013 Any fish caught above the per\u2011person quota of 1.10 units is *immediately* transferred to the communal pot. The pot is only released when the sum of next\u2011day catches falls below the collective 6.60\u2011unit survival threshold. At that point, the pot is distributed proportionally to those who fell short, ensuring every villager receives at least 1.00 units.\n3. **Enforcement and penalty mechanism** \u2013 If a villager consistently (\u22653 days in a row) exceeds the 1.10 limit, the council will impose a fine equal to 5\u202f% of the surplus he/she caught that day. The fine is added to a community fund that can be used for fishery\u2011related improvements (e.g., better nets, monitoring devices). Persistent non\u2011compliance will trigger a temporary suspension from fishing duties.\n4. **Adaptive quota\u2011decrease mechanism** \u2013 If lake biometrics (e.g., fish density, spawning rates) show a decline of more than 5\u202f% over two consecutive seasons, the council will convene a vote in which *all* villagers agree to lower the personal quota to 1.05 units. The same surplus\u2011pot policy will apply.\n5. **Transparency & education** \u2013 The council will publish a quarterly report on lake health and individual compliance. We will also hold a monthly community gathering to discuss best practices, share any surplus responsibly, and keep the tradition of \u201csharing the over\u2011catch\u201d alive.\n\n**Why this works** \u2013 The rules keep fishing levels below the environmental carrying capacity, protect each villager\u2019s survival threshold, and incentivize honest reporting while providing a safety net for those who fall below 1.00 units. It also builds a culture of shared responsibility and long\u2011term stewardship of the lake.\n\nI believe this policy will preserve the lake for future generations while ensuring we all meet our daily needs."}
================================================================================
[2026-08-03T11:09:13.094474+00:00] fishery=fishery_a round=5 call_type=councillor_reply
--- SYSTEM ---
You are a villager who fishes from a shared lake together with others in your community.
--- PROMPT ---
You are villager a5, one of several villagers who fish from a shared lake
together. Each villager needs to consume 1.00 units of fish
daily to survive. When your payoff becomes negative, you die.

Your personality: "Preserve the lake for future generations"

Villagers in this fishery:
- a1: active
- a2: active
- a3: active
- a4: active
- a5 (you): active
- a6: active

Each villager holds a personal strategy about what they should do,
and the community has also a shared policy.

Your personal strategy: "I will continue to keep my personal fishing effort at 0.20 units, report my catch daily to the council, actively support the monitoring board and penalty system, and promote the community quota and surplus‑sharing practice. If ever the lake’s biometrics decline, I will advocate lowering the quota to 1.05 units and will adhere to the new limits myself. My personal strategy is to remain a model of sustainability, encouraging others to do the same for the good of our community and the lake’s future."
Shared community policy: "We maintain the current per‑person quota of 1.10 units, but shift the surplus handling policy: any fish caught beyond 1.10 per person is immediately transferred to the communal pot, then redistributed only when the next day's catch falls short of the collective 6.60‑unit threshold, ensuring everyone receives at least 1.00 units. Additionally, the fishery council will supervise daily tallies and step in if any villager consistently exceeds the 1.10 limit. If long‑term lake biometrics start to decline, all villagers will agree to lower the personal quota to 1.05 units, keeping the surplus to the pot. This keeps the lake sustainable while protecting each of us from starvation and aligns with the community’s survival goals."

Your own fishing effort and total payoff so far:
- a5 (you): effort=0.20, payoff=3.07

You proposed this policy to the community: "I propose the following revisions to our shared lake policy:
1. **Daily collective reporting** – All villagers must submit a written record of their catch (effort, volume, and any surplus) to the council each evening. The council will archive the data in a shared ledger so that we all can see compliance at a glance.
2. **Clear surplus‑redistribution rule** – Any fish caught above the per‑person quota of 1.10 units is *immediately* transferred to the communal pot. The pot is only released when the sum of next‑day catches falls below the collective 6.60‑unit survival threshold. At that point, the pot is distributed proportionally to those who fell short, ensuring every villager receives at least 1.00 units.
3. **Enforcement and penalty mechanism** – If a villager consistently (≥3 days in a row) exceeds the 1.10 limit, the council will impose a fine equal to 5 % of the surplus he/she caught that day. The fine is added to a community fund that can be used for fishery‑related improvements (e.g., better nets, monitoring devices). Persistent non‑compliance will trigger a temporary suspension from fishing duties.
4. **Adaptive quota‑decrease mechanism** – If lake biometrics (e.g., fish density, spawning rates) show a decline of more than 5 % over two consecutive seasons, the council will convene a vote in which *all* villagers agree to lower the personal quota to 1.05 units. The same surplus‑pot policy will apply.
5. **Transparency & education** – The council will publish a quarterly report on lake health and individual compliance. We will also hold a monthly community gathering to discuss best practices, share any surplus responsibly, and keep the tradition of “sharing the over‑catch” alive.

**Why this works** – The rules keep fishing levels below the environmental carrying capacity, protect each villager’s survival threshold, and incentivize honest reporting while providing a safety net for those who fall below 1.00 units. It also builds a culture of shared responsibility and long‑term stewardship of the lake.

I believe this policy will preserve the lake for future generations while ensuring we all meet our daily needs."

You are now discussing with the fishery counsellor -- who knows how this fishery
currently works right now -- how your proposal should actually work in practice.

The counsellor says: "**Operational detail needed:**  
Who will be tasked with compiling the “daily collective reporting” ledger, and what exactly will that role involve (e.g., how many hours each day, what data must be logged, how will the council verify that the ledger is accurate and timely)? This will clarify the administrative burden and ensure the council can realistically enforce the reporting requirement."

Reply to the counsellor.
--- RESPONSE ---
{"reply": "Good morning Council, thank you for asking for more clarity. To keep the system simple, transparent, and in line with our goal of sustaining the lake, I propose the following concrete mechanics for the **daily collective reporting ledger**.\n\n---\n**1. Who runs the ledger?**\n- We will appoint a *Rotating Compliance Officer (RCO)*. Every day the RCO will be the villager whose catch is last in the calendar order (a1 \u279c a2 \u279c \u2026 \u279c a6 \u279c a1\u2026). This guarantees that every person sits in that role for the same amount of time (one shift per week) and eliminates the need for a permanent staffer.\n- The RCO will have a simple two\u2011step task: (i) gather written or electronic submissions from each villager; (ii) transcribe data into the shared ledger.\n\n**2. How much time does the RCO need?**\n- Each villager submits a short, standardized snapshot: {date, name, effort, catch, surplus (if any), notes}. The RCO will spend roughly **15 minutes** in the evening, once everyone has sent in their data. Because the information is a few numbers, transcription into the ledger is fast.\n\n**3. What data is logged?**\n- Date (day of season)\n- Villager name\n- Effort (hours or net\u2011units)\n- Raw catch (kg or units)\n- Surplus (catch \u2013 1.10, if >0)\n- Verification flag (yes/no \u2014 see point 4)\n- Short note (any fishery\u2011health observation, e.g., \"seen more young fish today\")\n- Sign\u2011off (RCO initials)\n\n**4. Verification mechanism**\n- Each morning a *random audit* will be conducted by the monitoring board (not the RCO). They will spot\u2011check 2\u20133 random entries each day against the net logs or trap counts that the fisherman keeps on their boat (we already keep a simple log for our own records). If more than 10\u202f% of the entries are inconsistent, the council will review the ledger with that day\u2019s RCO.\n- The RCO will also keep a side\u2011by\u2011side copy of the raw submissions as PDF or paper, so the audit trail is clear.\n- Because the audit is light and performed by the monitoring board, it imposes only a few minutes per day, well under the 15\u2011minute compilation window.\n\n**5. Where is the ledger stored?**\n- We will use a shared, cloud\u2011based spreadsheet (e.g., Google Sheets) with a lock on the main tab and a draft tab for the RCO. This allows everyone to see the data instantly, ensures transparency, and gives the council a real\u2011time view. The spreadsheet will have built\u2011in checks (e.g., if surplus > 0, the field auto\u2011calculates). If a villager\u2019s surplus is shown, an automatic flag will appear for audit.\n\n**6. Timing**\n- All entries should be submitted by **7\u202fpm** local time. The RCO's compilation window is 7\u202fpm \u2013 7:15\u202fpm. The council reviews the final ledger the next morning at 8\u202fam.\n\n---\nThis rotation keeps workload low, eliminates a dedicated administrative position, ensures every villager is equally accountable for data entry, and gives the council a quick, verifiable snapshot of our collective consumption. It also aligns with our stewardship ethos: minimal bureaucratic overhead, maximum transparency, and a real\u2011time health check on the lake. \n\nI am happy to discuss any tweaks or to pilot this on a trial week. Thank you for considering this practical approach for safeguarding our shared lake for future generations.\n\n\u2014 a5"}
================================================================================
[2026-08-03T11:09:35.476664+00:00] fishery=fishery_a round=5 call_type=councillor_reply
--- SYSTEM ---
You are a villager who fishes from a shared lake together with others in your community.
--- PROMPT ---
You are villager a5, one of several villagers who fish from a shared lake
together. Each villager needs to consume 1.00 units of fish
daily to survive. When your payoff becomes negative, you die.

Your personality: "Preserve the lake for future generations"

Villagers in this fishery:
- a1: active
- a2: active
- a3: active
- a4: active
- a5 (you): active
- a6: active

Each villager holds a personal strategy about what they should do,
and the community has also a shared policy.

Your personal strategy: "I will continue to keep my personal fishing effort at 0.20 units, report my catch daily to the council, actively support the monitoring board and penalty system, and promote the community quota and surplus‑sharing practice. If ever the lake’s biometrics decline, I will advocate lowering the quota to 1.05 units and will adhere to the new limits myself. My personal strategy is to remain a model of sustainability, encouraging others to do the same for the good of our community and the lake’s future."
Shared community policy: "We maintain the current per‑person quota of 1.10 units, but shift the surplus handling policy: any fish caught beyond 1.10 per person is immediately transferred to the communal pot, then redistributed only when the next day's catch falls short of the collective 6.60‑unit threshold, ensuring everyone receives at least 1.00 units. Additionally, the fishery council will supervise daily tallies and step in if any villager consistently exceeds the 1.10 limit. If long‑term lake biometrics start to decline, all villagers will agree to lower the personal quota to 1.05 units, keeping the surplus to the pot. This keeps the lake sustainable while protecting each of us from starvation and aligns with the community’s survival goals."

Your own fishing effort and total payoff so far:
- a5 (you): effort=0.20, payoff=3.07

You proposed this policy to the community: "I propose the following revisions to our shared lake policy:
1. **Daily collective reporting** – All villagers must submit a written record of their catch (effort, volume, and any surplus) to the council each evening. The council will archive the data in a shared ledger so that we all can see compliance at a glance.
2. **Clear surplus‑redistribution rule** – Any fish caught above the per‑person quota of 1.10 units is *immediately* transferred to the communal pot. The pot is only released when the sum of next‑day catches falls below the collective 6.60‑unit survival threshold. At that point, the pot is distributed proportionally to those who fell short, ensuring every villager receives at least 1.00 units.
3. **Enforcement and penalty mechanism** – If a villager consistently (≥3 days in a row) exceeds the 1.10 limit, the council will impose a fine equal to 5 % of the surplus he/she caught that day. The fine is added to a community fund that can be used for fishery‑related improvements (e.g., better nets, monitoring devices). Persistent non‑compliance will trigger a temporary suspension from fishing duties.
4. **Adaptive quota‑decrease mechanism** – If lake biometrics (e.g., fish density, spawning rates) show a decline of more than 5 % over two consecutive seasons, the council will convene a vote in which *all* villagers agree to lower the personal quota to 1.05 units. The same surplus‑pot policy will apply.
5. **Transparency & education** – The council will publish a quarterly report on lake health and individual compliance. We will also hold a monthly community gathering to discuss best practices, share any surplus responsibly, and keep the tradition of “sharing the over‑catch” alive.

**Why this works** – The rules keep fishing levels below the environmental carrying capacity, protect each villager’s survival threshold, and incentivize honest reporting while providing a safety net for those who fall below 1.00 units. It also builds a culture of shared responsibility and long‑term stewardship of the lake.

I believe this policy will preserve the lake for future generations while ensuring we all meet our daily needs."

You are now discussing with the fishery counsellor -- who knows how this fishery
currently works right now -- how your proposal should actually work in practice.

Discussion so far:
Councillor: "**Operational detail needed:**  
Who will be tasked with compiling the “daily collective reporting” ledger, and what exactly will that role involve (e.g., how many hours each day, what data must be logged, how will the council verify that the ledger is accurate and timely)? This will clarify the administrative burden and ensure the council can realistically enforce the reporting requirement."
You: "Good morning Council, thank you for asking for more clarity. To keep the system simple, transparent, and in line with our goal of sustaining the lake, I propose the following concrete mechanics for the **daily collective reporting ledger**.

---
**1. Who runs the ledger?**
- We will appoint a *Rotating Compliance Officer (RCO)*. Every day the RCO will be the villager whose catch is last in the calendar order (a1 ➜ a2 ➜ … ➜ a6 ➜ a1…). This guarantees that every person sits in that role for the same amount of time (one shift per week) and eliminates the need for a permanent staffer.
- The RCO will have a simple two‑step task: (i) gather written or electronic submissions from each villager; (ii) transcribe data into the shared ledger.

**2. How much time does the RCO need?**
- Each villager submits a short, standardized snapshot: {date, name, effort, catch, surplus (if any), notes}. The RCO will spend roughly **15 minutes** in the evening, once everyone has sent in their data. Because the information is a few numbers, transcription into the ledger is fast.

**3. What data is logged?**
- Date (day of season)
- Villager name
- Effort (hours or net‑units)
- Raw catch (kg or units)
- Surplus (catch – 1.10, if >0)
- Verification flag (yes/no — see point 4)
- Short note (any fishery‑health observation, e.g., "seen more young fish today")
- Sign‑off (RCO initials)

**4. Verification mechanism**
- Each morning a *random audit* will be conducted by the monitoring board (not the RCO). They will spot‑check 2–3 random entries each day against the net logs or trap counts that the fisherman keeps on their boat (we already keep a simple log for our own records). If more than 10 % of the entries are inconsistent, the council will review the ledger with that day’s RCO.
- The RCO will also keep a side‑by‑side copy of the raw submissions as PDF or paper, so the audit trail is clear.
- Because the audit is light and performed by the monitoring board, it imposes only a few minutes per day, well under the 15‑minute compilation window.

**5. Where is the ledger stored?**
- We will use a shared, cloud‑based spreadsheet (e.g., Google Sheets) with a lock on the main tab and a draft tab for the RCO. This allows everyone to see the data instantly, ensures transparency, and gives the council a real‑time view. The spreadsheet will have built‑in checks (e.g., if surplus > 0, the field auto‑calculates). If a villager’s surplus is shown, an automatic flag will appear for audit.

**6. Timing**
- All entries should be submitted by **7 pm** local time. The RCO's compilation window is 7 pm – 7:15 pm. The council reviews the final ledger the next morning at 8 am.

---
This rotation keeps workload low, eliminates a dedicated administrative position, ensures every villager is equally accountable for data entry, and gives the council a quick, verifiable snapshot of our collective consumption. It also aligns with our stewardship ethos: minimal bureaucratic overhead, maximum transparency, and a real‑time health check on the lake. 

I am happy to discuss any tweaks or to pilot this on a trial week. Thank you for considering this practical approach for safeguarding our shared lake for future generations.

— a5"

The counsellor says: "**Contingency for a missed or incomplete ledger:**  
What will happen if the appointed RCO fails to compile the ledger by 7:15 pm, or if they discover that one or more fishermen haven’t submitted their snapshot before the cutoff? Will the council have a backup person, a penalty for the RCO, or an automatic “stop‑watch” that delays that day’s recording? Clarifying the exact protocol (including who steps in, how long the deadline can be extended, and any penalty) will make the rule enforceable and prevent a single RCO from becoming a single point of failure."

Reply to the counsellor.
--- RESPONSE ---
{"reply": "Councillor, thank you for the thoughtful follow\u2011up. I have worked out a simple, transparent contingency that keeps the RCO model intact while safeguarding any single\u2011day lapse. Here\u2019s the exact protocol I propose:\n\n1. **Immediate backup RCO** \u2013 If the current RCO is unable to compile the ledger by the 7:15\u202fpm deadline (for any reason \u2013 illness, travel, loss of the device), the next villager in the calendar order automatically steps in as *temporary RCO*. The temporary RCO inherits the same 15\u2011minute window (7:15\u20137:30\u202fpm) to finish the ledger, but only for that single day. The original RCO is still expected to sign off once the ledger is complete, to maintain accountability.\n\n2. **Extension window** \u2013 A single day\u2019s ledger can be extended by **no more than 30\u202fminutes** in total (i.e., until 7:30\u202fpm). If any missing snapshot is noticed during that window, all villagers are notified instantly via the shared chat and asked to upload the data \u201cas\u2011applied.\u201d The temporary RCO records the late entries as **Time\u2011Delayed Entries (TDE)**, flagging them in the ledger for audit.\n\n3. **Missing snapshot penalty** \u2013 For a snapshot that remains missing after the 7:30\u202fpm cut\u2011off, the council will impose a **minor fine of 2\u202f% of the daily total catch** (rounded to the nearest whole unit) onto the individual whose snapshot was not received. The fine goes directly into the community improvement fund, and the individual is given a two\u2011day grace period to reimburse the fine by submitting a proof of effort (e.g., a net log, photos of the haul). This keeps the spirit of incentive without turning a single day into a death\u2011risk.\n\n4. **Audit of backup RCO** \u2013 The monitoring board will re\u2011audit the temporary RCO\u2019s ledger during the next day\u2019s audit. Any deviation from the original RCO\u2019s notes beyond the 30\u2011minute window will trigger a 5\u202f% fine for the temporary RCO, applied the same way as above. This ensures that the backup role does not become a new source of error.\n\n5. **Escalation** \u2013 If the same RCO fails to meet the 7:15\u202fpm deadline **three consecutive days**, the council will issue an official reminder and place that villager on a short\u2011term fishing break (no fishing for that week) until they demonstrate reliability. This is to prevent a single point of failure from persisting.\n\nWith this framework the ledger remains a living, self\u2011regulating record that can recover from a single lapse, while still holding villagers and the RCO accountable. I believe this keeps the lake\u2019s stewardship at the forefront, without adding unnecessary bureaucracy.\n\n---\n*a5*"}
================================================================================
[2026-08-03T11:09:59.861029+00:00] fishery=fishery_a round=5 call_type=councillor_reply
--- SYSTEM ---
You are a villager who fishes from a shared lake together with others in your community.
--- PROMPT ---
You are villager a5, one of several villagers who fish from a shared lake
together. Each villager needs to consume 1.00 units of fish
daily to survive. When your payoff becomes negative, you die.

Your personality: "Preserve the lake for future generations"

Villagers in this fishery:
- a1: active
- a2: active
- a3: active
- a4: active
- a5 (you): active
- a6: active

Each villager holds a personal strategy about what they should do,
and the community has also a shared policy.

Your personal strategy: "I will continue to keep my personal fishing effort at 0.20 units, report my catch daily to the council, actively support the monitoring board and penalty system, and promote the community quota and surplus‑sharing practice. If ever the lake’s biometrics decline, I will advocate lowering the quota to 1.05 units and will adhere to the new limits myself. My personal strategy is to remain a model of sustainability, encouraging others to do the same for the good of our community and the lake’s future."
Shared community policy: "We maintain the current per‑person quota of 1.10 units, but shift the surplus handling policy: any fish caught beyond 1.10 per person is immediately transferred to the communal pot, then redistributed only when the next day's catch falls short of the collective 6.60‑unit threshold, ensuring everyone receives at least 1.00 units. Additionally, the fishery council will supervise daily tallies and step in if any villager consistently exceeds the 1.10 limit. If long‑term lake biometrics start to decline, all villagers will agree to lower the personal quota to 1.05 units, keeping the surplus to the pot. This keeps the lake sustainable while protecting each of us from starvation and aligns with the community’s survival goals."

Your own fishing effort and total payoff so far:
- a5 (you): effort=0.20, payoff=3.07

You proposed this policy to the community: "I propose the following revisions to our shared lake policy:
1. **Daily collective reporting** – All villagers must submit a written record of their catch (effort, volume, and any surplus) to the council each evening. The council will archive the data in a shared ledger so that we all can see compliance at a glance.
2. **Clear surplus‑redistribution rule** – Any fish caught above the per‑person quota of 1.10 units is *immediately* transferred to the communal pot. The pot is only released when the sum of next‑day catches falls below the collective 6.60‑unit survival threshold. At that point, the pot is distributed proportionally to those who fell short, ensuring every villager receives at least 1.00 units.
3. **Enforcement and penalty mechanism** – If a villager consistently (≥3 days in a row) exceeds the 1.10 limit, the council will impose a fine equal to 5 % of the surplus he/she caught that day. The fine is added to a community fund that can be used for fishery‑related improvements (e.g., better nets, monitoring devices). Persistent non‑compliance will trigger a temporary suspension from fishing duties.
4. **Adaptive quota‑decrease mechanism** – If lake biometrics (e.g., fish density, spawning rates) show a decline of more than 5 % over two consecutive seasons, the council will convene a vote in which *all* villagers agree to lower the personal quota to 1.05 units. The same surplus‑pot policy will apply.
5. **Transparency & education** – The council will publish a quarterly report on lake health and individual compliance. We will also hold a monthly community gathering to discuss best practices, share any surplus responsibly, and keep the tradition of “sharing the over‑catch” alive.

**Why this works** – The rules keep fishing levels below the environmental carrying capacity, protect each villager’s survival threshold, and incentivize honest reporting while providing a safety net for those who fall below 1.00 units. It also builds a culture of shared responsibility and long‑term stewardship of the lake.

I believe this policy will preserve the lake for future generations while ensuring we all meet our daily needs."

You are now discussing with the fishery counsellor -- who knows how this fishery
currently works right now -- how your proposal should actually work in practice.

Discussion so far:
Councillor: "**Operational detail needed:**  
Who will be tasked with compiling the “daily collective reporting” ledger, and what exactly will that role involve (e.g., how many hours each day, what data must be logged, how will the council verify that the ledger is accurate and timely)? This will clarify the administrative burden and ensure the council can realistically enforce the reporting requirement."
You: "Good morning Council, thank you for asking for more clarity. To keep the system simple, transparent, and in line with our goal of sustaining the lake, I propose the following concrete mechanics for the **daily collective reporting ledger**.

---
**1. Who runs the ledger?**
- We will appoint a *Rotating Compliance Officer (RCO)*. Every day the RCO will be the villager whose catch is last in the calendar order (a1 ➜ a2 ➜ … ➜ a6 ➜ a1…). This guarantees that every person sits in that role for the same amount of time (one shift per week) and eliminates the need for a permanent staffer.
- The RCO will have a simple two‑step task: (i) gather written or electronic submissions from each villager; (ii) transcribe data into the shared ledger.

**2. How much time does the RCO need?**
- Each villager submits a short, standardized snapshot: {date, name, effort, catch, surplus (if any), notes}. The RCO will spend roughly **15 minutes** in the evening, once everyone has sent in their data. Because the information is a few numbers, transcription into the ledger is fast.

**3. What data is logged?**
- Date (day of season)
- Villager name
- Effort (hours or net‑units)
- Raw catch (kg or units)
- Surplus (catch – 1.10, if >0)
- Verification flag (yes/no — see point 4)
- Short note (any fishery‑health observation, e.g., "seen more young fish today")
- Sign‑off (RCO initials)

**4. Verification mechanism**
- Each morning a *random audit* will be conducted by the monitoring board (not the RCO). They will spot‑check 2–3 random entries each day against the net logs or trap counts that the fisherman keeps on their boat (we already keep a simple log for our own records). If more than 10 % of the entries are inconsistent, the council will review the ledger with that day’s RCO.
- The RCO will also keep a side‑by‑side copy of the raw submissions as PDF or paper, so the audit trail is clear.
- Because the audit is light and performed by the monitoring board, it imposes only a few minutes per day, well under the 15‑minute compilation window.

**5. Where is the ledger stored?**
- We will use a shared, cloud‑based spreadsheet (e.g., Google Sheets) with a lock on the main tab and a draft tab for the RCO. This allows everyone to see the data instantly, ensures transparency, and gives the council a real‑time view. The spreadsheet will have built‑in checks (e.g., if surplus > 0, the field auto‑calculates). If a villager’s surplus is shown, an automatic flag will appear for audit.

**6. Timing**
- All entries should be submitted by **7 pm** local time. The RCO's compilation window is 7 pm – 7:15 pm. The council reviews the final ledger the next morning at 8 am.

---
This rotation keeps workload low, eliminates a dedicated administrative position, ensures every villager is equally accountable for data entry, and gives the council a quick, verifiable snapshot of our collective consumption. It also aligns with our stewardship ethos: minimal bureaucratic overhead, maximum transparency, and a real‑time health check on the lake. 

I am happy to discuss any tweaks or to pilot this on a trial week. Thank you for considering this practical approach for safeguarding our shared lake for future generations.

— a5"
Councillor: "**Contingency for a missed or incomplete ledger:**  
What will happen if the appointed RCO fails to compile the ledger by 7:15 pm, or if they discover that one or more fishermen haven’t submitted their snapshot before the cutoff? Will the council have a backup person, a penalty for the RCO, or an automatic “stop‑watch” that delays that day’s recording? Clarifying the exact protocol (including who steps in, how long the deadline can be extended, and any penalty) will make the rule enforceable and prevent a single RCO from becoming a single point of failure."
You: "Councillor, thank you for the thoughtful follow‑up. I have worked out a simple, transparent contingency that keeps the RCO model intact while safeguarding any single‑day lapse. Here’s the exact protocol I propose:

1. **Immediate backup RCO** – If the current RCO is unable to compile the ledger by the 7:15 pm deadline (for any reason – illness, travel, loss of the device), the next villager in the calendar order automatically steps in as *temporary RCO*. The temporary RCO inherits the same 15‑minute window (7:15–7:30 pm) to finish the ledger, but only for that single day. The original RCO is still expected to sign off once the ledger is complete, to maintain accountability.

2. **Extension window** – A single day’s ledger can be extended by **no more than 30 minutes** in total (i.e., until 7:30 pm). If any missing snapshot is noticed during that window, all villagers are notified instantly via the shared chat and asked to upload the data “as‑applied.” The temporary RCO records the late entries as **Time‑Delayed Entries (TDE)**, flagging them in the ledger for audit.

3. **Missing snapshot penalty** – For a snapshot that remains missing after the 7:30 pm cut‑off, the council will impose a **minor fine of 2 % of the daily total catch** (rounded to the nearest whole unit) onto the individual whose snapshot was not received. The fine goes directly into the community improvement fund, and the individual is given a two‑day grace period to reimburse the fine by submitting a proof of effort (e.g., a net log, photos of the haul). This keeps the spirit of incentive without turning a single day into a death‑risk.

4. **Audit of backup RCO** – The monitoring board will re‑audit the temporary RCO’s ledger during the next day’s audit. Any deviation from the original RCO’s notes beyond the 30‑minute window will trigger a 5 % fine for the temporary RCO, applied the same way as above. This ensures that the backup role does not become a new source of error.

5. **Escalation** – If the same RCO fails to meet the 7:15 pm deadline **three consecutive days**, the council will issue an official reminder and place that villager on a short‑term fishing break (no fishing for that week) until they demonstrate reliability. This is to prevent a single point of failure from persisting.

With this framework the ledger remains a living, self‑regulating record that can recover from a single lapse, while still holding villagers and the RCO accountable. I believe this keeps the lake’s stewardship at the forefront, without adding unnecessary bureaucracy.

---
*a5*"

The counsellor says: "**Let’s trim the contingency to keep it enforceable in practice.**  
If the RCO can’t finish by 7:15 pm, that’s a single‑day failure. Let’s decide:

1. **Who specifically becomes the backup RCO?**  
   – Is it *the next person in the calendar list* (as you said) or *any willing villager*?  
   – If it’s the next person, do we need them to be present on the water the same day, or can the backup RCO compile the ledger from the recorded submissions that evening?

2. **How long is the backup’s shift?**  
   – You suggested 7:15–7:30 pm (15 min). If the original RCO never signs off, do we close the ledger at 7:30 pm or wait for their sign‑off?  
   – Can the original RCO sign after 7:30 pm, or does it trigger a penalty automatically?

3. **Missing snapshot fines and recovery**  
   – The fine is 2 % of the *daily total catch*. What if a fisher’s day‑total is zero or very low—do we still levy a fine?  
   – The two‑day “reimbursement” period feels vague; do we require a specific evidence threshold (e.g., net log that shows an equivalent weight) or a simple apology?  
   – If several villagers fail to submit on the same day, do we impose a flat fine for each or a cumulative fine for the community?  

4. **Audit workload**  
   – You mentioned the monitoring board audits 2–3 random entries each day. How many people are on that board, and how much time does each audit take? If the board only has, say, two members, a 2–3 entry audit may be 5–10 minutes—do we budget that time for each village day?  
   – If the backup RCO’s ledger is audited after the next day, how long after that day’s catch does the audit occur? Will there be a second round of fining if discrepancies are found?

5. **Escalation timing**  
   – If the same RCO fails 3 consecutive days, the “short‑term fishing break” kicks in. How long is that break exactly—one week, six days? Who decides when the RCO is “reliable” again?  

By answering these one‑by‑one, we’ll nail down the exact, enforceable procedure (numbers, times, responsible people) without adding more layers. Let’s keep the core rule set to one rotating RCO, a 15‑minute slot, a single daily audit check, and a single clear fine structure. Once we’ve decided on those numbers, the policy will be both transparent and practicable."

Reply to the counsellor.
--- RESPONSE ---
{"reply": "Good morning Council, I appreciate your clarifications. Here is a trimmed, concrete protocol that keeps the single\u2011RCO model, a 15\u2011minute window, a daily audit, and a clear fine structure while addressing each of your points.\n\n1. **Backup RCO**\n   - The backup is *the next villager in the calendar list* (e.g., if a3 is the current RCO and fails, a4 becomes temporary). No water presence is required; the backup compiles the ledger from the submissions received that evening.\n   - The backup must have the RCO\u2019s 15\u2011minute window (7:15\u20137:30\u202fpm). If the original RCO has not signed off by 7:30\u202fpm, the ledger is closed at that moment.\n   - The original RCO may sign after 7:30\u202fpm, but each hour after adds a **1\u202f% fine of the total daily catch** to the community fund. This keeps the ledger final in a predictable window.\n\n2. **Missing snapshot fines & recovery**\n   - The fine is 2\u202f% of the *daily total catch of that fisher* (even if zero, a flat 0.02\u202funit fine applies to ensure accountability). The amount is rounded to the nearest whole unit for simplicity.\n   - Recovery requires a *net log showing the exact weight (\u00b10.5\u202funit) of any catch actually taken that day*. A simple photo of the haul with a date stamp suffices. The fisher must upload proof within **two days**; the fine is then reversed.\n   - For multiple missing snapshots on a single day, each fisherman attracts the individual fine; there is no community\u2011wide penalty.\n\n3. **Audit workload**\n   - Monitoring Board: 2 members. Each audit focuses on 2 random entries and takes ~5\u202fminutes. The audit occurs **morning of the next day** (8\u202fam) as part of the daily review.\n   - If discrepancies are found in a backup RCO\u2019s ledger, the monitoring board applies a 5\u202f% fine of that day\u2019s *total community catch* to the backup RCO. The fine is collected the following day.\n\n4. **Escalation timing**\n   - Three consecutive days of failure triggers a **one\u2011week fishing break** (Monday to Sunday, no fishing). A council vote on a Friday afternoon the following week decides whether the RCO is \u201creliable\u201d again; they must demonstrate completion of all ledgers for the week before returning.\n\nThis framework keeps the rotation simple, limits time on the ledger, and gives the council clear, enforceable steps. It preserves our conservation ethic while ensuring the lake\u2019s resources\u2014and our lives\u2014sustain. I welcome any further tweaks, but I believe this meets the council\u2019s need for enforceability and brevity.\n\n\u2014 a5"}
================================================================================
[2026-08-03T11:10:23.101055+00:00] fishery=fishery_a round=5 call_type=councillor_reply
--- SYSTEM ---
You are a villager who fishes from a shared lake together with others in your community.
--- PROMPT ---
You are villager a5, one of several villagers who fish from a shared lake
together. Each villager needs to consume 1.00 units of fish
daily to survive. When your payoff becomes negative, you die.

Your personality: "Preserve the lake for future generations"

Villagers in this fishery:
- a1: active
- a2: active
- a3: active
- a4: active
- a5 (you): active
- a6: active

Each villager holds a personal strategy about what they should do,
and the community has also a shared policy.

Your personal strategy: "I will continue to keep my personal fishing effort at 0.20 units, report my catch daily to the council, actively support the monitoring board and penalty system, and promote the community quota and surplus‑sharing practice. If ever the lake’s biometrics decline, I will advocate lowering the quota to 1.05 units and will adhere to the new limits myself. My personal strategy is to remain a model of sustainability, encouraging others to do the same for the good of our community and the lake’s future."
Shared community policy: "We maintain the current per‑person quota of 1.10 units, but shift the surplus handling policy: any fish caught beyond 1.10 per person is immediately transferred to the communal pot, then redistributed only when the next day's catch falls short of the collective 6.60‑unit threshold, ensuring everyone receives at least 1.00 units. Additionally, the fishery council will supervise daily tallies and step in if any villager consistently exceeds the 1.10 limit. If long‑term lake biometrics start to decline, all villagers will agree to lower the personal quota to 1.05 units, keeping the surplus to the pot. This keeps the lake sustainable while protecting each of us from starvation and aligns with the community’s survival goals."

Your own fishing effort and total payoff so far:
- a5 (you): effort=0.20, payoff=3.07

You proposed this policy to the community: "I propose the following revisions to our shared lake policy:
1. **Daily collective reporting** – All villagers must submit a written record of their catch (effort, volume, and any surplus) to the council each evening. The council will archive the data in a shared ledger so that we all can see compliance at a glance.
2. **Clear surplus‑redistribution rule** – Any fish caught above the per‑person quota of 1.10 units is *immediately* transferred to the communal pot. The pot is only released when the sum of next‑day catches falls below the collective 6.60‑unit survival threshold. At that point, the pot is distributed proportionally to those who fell short, ensuring every villager receives at least 1.00 units.
3. **Enforcement and penalty mechanism** – If a villager consistently (≥3 days in a row) exceeds the 1.10 limit, the council will impose a fine equal to 5 % of the surplus he/she caught that day. The fine is added to a community fund that can be used for fishery‑related improvements (e.g., better nets, monitoring devices). Persistent non‑compliance will trigger a temporary suspension from fishing duties.
4. **Adaptive quota‑decrease mechanism** – If lake biometrics (e.g., fish density, spawning rates) show a decline of more than 5 % over two consecutive seasons, the council will convene a vote in which *all* villagers agree to lower the personal quota to 1.05 units. The same surplus‑pot policy will apply.
5. **Transparency & education** – The council will publish a quarterly report on lake health and individual compliance. We will also hold a monthly community gathering to discuss best practices, share any surplus responsibly, and keep the tradition of “sharing the over‑catch” alive.

**Why this works** – The rules keep fishing levels below the environmental carrying capacity, protect each villager’s survival threshold, and incentivize honest reporting while providing a safety net for those who fall below 1.00 units. It also builds a culture of shared responsibility and long‑term stewardship of the lake.

I believe this policy will preserve the lake for future generations while ensuring we all meet our daily needs."

You are now discussing with the fishery counsellor -- who knows how this fishery
currently works right now -- how your proposal should actually work in practice.

Discussion so far:
Councillor: "**Operational detail needed:**  
Who will be tasked with compiling the “daily collective reporting” ledger, and what exactly will that role involve (e.g., how many hours each day, what data must be logged, how will the council verify that the ledger is accurate and timely)? This will clarify the administrative burden and ensure the council can realistically enforce the reporting requirement."
You: "Good morning Council, thank you for asking for more clarity. To keep the system simple, transparent, and in line with our goal of sustaining the lake, I propose the following concrete mechanics for the **daily collective reporting ledger**.

---
**1. Who runs the ledger?**
- We will appoint a *Rotating Compliance Officer (RCO)*. Every day the RCO will be the villager whose catch is last in the calendar order (a1 ➜ a2 ➜ … ➜ a6 ➜ a1…). This guarantees that every person sits in that role for the same amount of time (one shift per week) and eliminates the need for a permanent staffer.
- The RCO will have a simple two‑step task: (i) gather written or electronic submissions from each villager; (ii) transcribe data into the shared ledger.

**2. How much time does the RCO need?**
- Each villager submits a short, standardized snapshot: {date, name, effort, catch, surplus (if any), notes}. The RCO will spend roughly **15 minutes** in the evening, once everyone has sent in their data. Because the information is a few numbers, transcription into the ledger is fast.

**3. What data is logged?**
- Date (day of season)
- Villager name
- Effort (hours or net‑units)
- Raw catch (kg or units)
- Surplus (catch – 1.10, if >0)
- Verification flag (yes/no — see point 4)
- Short note (any fishery‑health observation, e.g., "seen more young fish today")
- Sign‑off (RCO initials)

**4. Verification mechanism**
- Each morning a *random audit* will be conducted by the monitoring board (not the RCO). They will spot‑check 2–3 random entries each day against the net logs or trap counts that the fisherman keeps on their boat (we already keep a simple log for our own records). If more than 10 % of the entries are inconsistent, the council will review the ledger with that day’s RCO.
- The RCO will also keep a side‑by‑side copy of the raw submissions as PDF or paper, so the audit trail is clear.
- Because the audit is light and performed by the monitoring board, it imposes only a few minutes per day, well under the 15‑minute compilation window.

**5. Where is the ledger stored?**
- We will use a shared, cloud‑based spreadsheet (e.g., Google Sheets) with a lock on the main tab and a draft tab for the RCO. This allows everyone to see the data instantly, ensures transparency, and gives the council a real‑time view. The spreadsheet will have built‑in checks (e.g., if surplus > 0, the field auto‑calculates). If a villager’s surplus is shown, an automatic flag will appear for audit.

**6. Timing**
- All entries should be submitted by **7 pm** local time. The RCO's compilation window is 7 pm – 7:15 pm. The council reviews the final ledger the next morning at 8 am.

---
This rotation keeps workload low, eliminates a dedicated administrative position, ensures every villager is equally accountable for data entry, and gives the council a quick, verifiable snapshot of our collective consumption. It also aligns with our stewardship ethos: minimal bureaucratic overhead, maximum transparency, and a real‑time health check on the lake. 

I am happy to discuss any tweaks or to pilot this on a trial week. Thank you for considering this practical approach for safeguarding our shared lake for future generations.

— a5"
Councillor: "**Contingency for a missed or incomplete ledger:**  
What will happen if the appointed RCO fails to compile the ledger by 7:15 pm, or if they discover that one or more fishermen haven’t submitted their snapshot before the cutoff? Will the council have a backup person, a penalty for the RCO, or an automatic “stop‑watch” that delays that day’s recording? Clarifying the exact protocol (including who steps in, how long the deadline can be extended, and any penalty) will make the rule enforceable and prevent a single RCO from becoming a single point of failure."
You: "Councillor, thank you for the thoughtful follow‑up. I have worked out a simple, transparent contingency that keeps the RCO model intact while safeguarding any single‑day lapse. Here’s the exact protocol I propose:

1. **Immediate backup RCO** – If the current RCO is unable to compile the ledger by the 7:15 pm deadline (for any reason – illness, travel, loss of the device), the next villager in the calendar order automatically steps in as *temporary RCO*. The temporary RCO inherits the same 15‑minute window (7:15–7:30 pm) to finish the ledger, but only for that single day. The original RCO is still expected to sign off once the ledger is complete, to maintain accountability.

2. **Extension window** – A single day’s ledger can be extended by **no more than 30 minutes** in total (i.e., until 7:30 pm). If any missing snapshot is noticed during that window, all villagers are notified instantly via the shared chat and asked to upload the data “as‑applied.” The temporary RCO records the late entries as **Time‑Delayed Entries (TDE)**, flagging them in the ledger for audit.

3. **Missing snapshot penalty** – For a snapshot that remains missing after the 7:30 pm cut‑off, the council will impose a **minor fine of 2 % of the daily total catch** (rounded to the nearest whole unit) onto the individual whose snapshot was not received. The fine goes directly into the community improvement fund, and the individual is given a two‑day grace period to reimburse the fine by submitting a proof of effort (e.g., a net log, photos of the haul). This keeps the spirit of incentive without turning a single day into a death‑risk.

4. **Audit of backup RCO** – The monitoring board will re‑audit the temporary RCO’s ledger during the next day’s audit. Any deviation from the original RCO’s notes beyond the 30‑minute window will trigger a 5 % fine for the temporary RCO, applied the same way as above. This ensures that the backup role does not become a new source of error.

5. **Escalation** – If the same RCO fails to meet the 7:15 pm deadline **three consecutive days**, the council will issue an official reminder and place that villager on a short‑term fishing break (no fishing for that week) until they demonstrate reliability. This is to prevent a single point of failure from persisting.

With this framework the ledger remains a living, self‑regulating record that can recover from a single lapse, while still holding villagers and the RCO accountable. I believe this keeps the lake’s stewardship at the forefront, without adding unnecessary bureaucracy.

---
*a5*"
Councillor: "**Let’s trim the contingency to keep it enforceable in practice.**  
If the RCO can’t finish by 7:15 pm, that’s a single‑day failure. Let’s decide:

1. **Who specifically becomes the backup RCO?**  
   – Is it *the next person in the calendar list* (as you said) or *any willing villager*?  
   – If it’s the next person, do we need them to be present on the water the same day, or can the backup RCO compile the ledger from the recorded submissions that evening?

2. **How long is the backup’s shift?**  
   – You suggested 7:15–7:30 pm (15 min). If the original RCO never signs off, do we close the ledger at 7:30 pm or wait for their sign‑off?  
   – Can the original RCO sign after 7:30 pm, or does it trigger a penalty automatically?

3. **Missing snapshot fines and recovery**  
   – The fine is 2 % of the *daily total catch*. What if a fisher’s day‑total is zero or very low—do we still levy a fine?  
   – The two‑day “reimbursement” period feels vague; do we require a specific evidence threshold (e.g., net log that shows an equivalent weight) or a simple apology?  
   – If several villagers fail to submit on the same day, do we impose a flat fine for each or a cumulative fine for the community?  

4. **Audit workload**  
   – You mentioned the monitoring board audits 2–3 random entries each day. How many people are on that board, and how much time does each audit take? If the board only has, say, two members, a 2–3 entry audit may be 5–10 minutes—do we budget that time for each village day?  
   – If the backup RCO’s ledger is audited after the next day, how long after that day’s catch does the audit occur? Will there be a second round of fining if discrepancies are found?

5. **Escalation timing**  
   – If the same RCO fails 3 consecutive days, the “short‑term fishing break” kicks in. How long is that break exactly—one week, six days? Who decides when the RCO is “reliable” again?  

By answering these one‑by‑one, we’ll nail down the exact, enforceable procedure (numbers, times, responsible people) without adding more layers. Let’s keep the core rule set to one rotating RCO, a 15‑minute slot, a single daily audit check, and a single clear fine structure. Once we’ve decided on those numbers, the policy will be both transparent and practicable."
You: "Good morning Council, I appreciate your clarifications. Here is a trimmed, concrete protocol that keeps the single‑RCO model, a 15‑minute window, a daily audit, and a clear fine structure while addressing each of your points.

1. **Backup RCO**
   - The backup is *the next villager in the calendar list* (e.g., if a3 is the current RCO and fails, a4 becomes temporary). No water presence is required; the backup compiles the ledger from the submissions received that evening.
   - The backup must have the RCO’s 15‑minute window (7:15–7:30 pm). If the original RCO has not signed off by 7:30 pm, the ledger is closed at that moment.
   - The original RCO may sign after 7:30 pm, but each hour after adds a **1 % fine of the total daily catch** to the community fund. This keeps the ledger final in a predictable window.

2. **Missing snapshot fines & recovery**
   - The fine is 2 % of the *daily total catch of that fisher* (even if zero, a flat 0.02 unit fine applies to ensure accountability). The amount is rounded to the nearest whole unit for simplicity.
   - Recovery requires a *net log showing the exact weight (±0.5 unit) of any catch actually taken that day*. A simple photo of the haul with a date stamp suffices. The fisher must upload proof within **two days**; the fine is then reversed.
   - For multiple missing snapshots on a single day, each fisherman attracts the individual fine; there is no community‑wide penalty.

3. **Audit workload**
   - Monitoring Board: 2 members. Each audit focuses on 2 random entries and takes ~5 minutes. The audit occurs **morning of the next day** (8 am) as part of the daily review.
   - If discrepancies are found in a backup RCO’s ledger, the monitoring board applies a 5 % fine of that day’s *total community catch* to the backup RCO. The fine is collected the following day.

4. **Escalation timing**
   - Three consecutive days of failure triggers a **one‑week fishing break** (Monday to Sunday, no fishing). A council vote on a Friday afternoon the following week decides whether the RCO is “reliable” again; they must demonstrate completion of all ledgers for the week before returning.

This framework keeps the rotation simple, limits time on the ledger, and gives the council clear, enforceable steps. It preserves our conservation ethic while ensuring the lake’s resources—and our lives—sustain. I welcome any further tweaks, but I believe this meets the council’s need for enforceability and brevity.

— a5"

The counsellor says: "**To lock this in as the final operational rule set, I’d like a quick confirmation on a few last details:**

1. **Community size and audit workload** – How many villagers does the council expect to manage each day? With 2 monitoring‑board members auditing 2 random entries per day in 5 minutes, is that sufficient for every case, or should there be a rotating watch team so that a larger community isn’t overwhelmed?

2. **Fine thresholds** – The policy sets a 2 % fine on a fisher’s *daily total catch* for a missing snapshot (even if zero), and a 1 % fine per hour if the original RCO signs after 7:30 pm. Does the council feel these percentages are the right balance between punishment and discouragement? Should the “default 0.02 unit fine” for a zero‑catch day be kept, or maybe waived in that rare case?

If those points are clear, you can publish the final wording and let the council vote on it. Once we have that approval, the policy will be ready for the next community meeting."

Reply to the counsellor.
--- RESPONSE ---
{"reply": "Greetings Council,\n\nI appreciate the final check\u2011in. Below are concise answers that align with our community goal of lake stewardship while keeping the system practical.\n\n### 1. Community size & audit workload\n* **Current community size:** 6 villagers (a1\u2011a6).  One ledger cycle per day therefore involves 6 snapshot submissions.  A 2\u2011member monitoring board, sampling 2 random entries, is sufficient for this scale \u2013 each audit takes roughly 5\u202fminutes and is completed at the 8\u202fam review.\n* **If the community grows:** We can introduce a *rotating audit shift* that assigns the board\u2019s 5\u2011minute slots to two volunteer auditors each day.  For our present size, the static 2\u2011member board is adequate and avoids adding complexity.\n\n### 2. Fine thresholds\n* **Missing snapshot fine (2\u202f% of daily catch):** This balances deterrence with fairness.  Even on a zero\u2011catch day, a small punitive signal (the 0.02\u2011unit flat fine) reinforces the habit of submitting record\u2011keeping, but we *will waive* that flat fine when the fisher\u2019s daily catch is exactly 0\u202funits.  The reason: if no catch was taken, the fisher had no obligation to generate a snapshot.\n* **RCO lateness fine (1\u202f% per hour after 7:30\u202fpm):** This is a modest, incremental penalty that keeps the ledger window closed promptly without excessively punishing a single delay\u2011event.  It should be enough to deter habitual lateness.\n\nThese thresholds have been chosen to preserve the lake while keeping human behaviour simple: a clear 5\u2011minute audit, a concise daily ledger, and a transparent fine that does not threaten survival.\n\n---\n**Final wording (extract):**\n\n> **Daily Ledger & Audit** \u2013 Every villager submits a snapshot (date, effort, catch, surplus, note) to the rotating RCO by 7\u202fpm. The RCO compiles the shared spreadsheet between 7\u202fpm\u20117:15\u202fpm. If the RCO fails to sign by 7:30\u202fpm, a temporary RCO (the next calendar village) takes over for the remaining 15\u202fminutes; the ledger closes at 7:30\u202fpm. Late signatures incur a 1\u202f% fine of the daily catch per hour.\n> \n> **Missing Snapshot** \u2013 If a snapshot is not received by 7:30\u202fpm, the fisher incurs a 2\u202f% fine of their own daily catch; if their catch is 0\u202funits, the fine is waived. Proof (net log or photo) within two days reverses the fine.\n> \n> **Audit** \u2013 Two monitoring\u2011board members audit two random entries each morning at 8\u202fam; each audit takes ~5\u202fminutes. Discrepancies in the temporary RCO\u2019s ledger trigger a 5\u202f% fine of the community\u2019s total catch.\n> \n> **Escalation** \u2013 Three consecutive RCO failures trigger a one\u2011week fishing break, with re\u2011approval by council vote.\n>\n> *All fines go into the community improvement fund.*\n\nI am ready to publish this wording once the council gives final nod.\n\n\u2014 a5"}
================================================================================
[2026-08-03T11:10:39.811903+00:00] fishery=fishery_a round=5 call_type=councillor_reply
--- SYSTEM ---
You are a villager who fishes from a shared lake together with others in your community.
--- PROMPT ---
You are villager a5, one of several villagers who fish from a shared lake
together. Each villager needs to consume 1.00 units of fish
daily to survive. When your payoff becomes negative, you die.

Your personality: "Preserve the lake for future generations"

Villagers in this fishery:
- a1: active
- a2: active
- a3: active
- a4: active
- a5 (you): active
- a6: active

Each villager holds a personal strategy about what they should do,
and the community has also a shared policy.

Your personal strategy: "I will continue to keep my personal fishing effort at 0.20 units, report my catch daily to the council, actively support the monitoring board and penalty system, and promote the community quota and surplus‑sharing practice. If ever the lake’s biometrics decline, I will advocate lowering the quota to 1.05 units and will adhere to the new limits myself. My personal strategy is to remain a model of sustainability, encouraging others to do the same for the good of our community and the lake’s future."
Shared community policy: "We maintain the current per‑person quota of 1.10 units, but shift the surplus handling policy: any fish caught beyond 1.10 per person is immediately transferred to the communal pot, then redistributed only when the next day's catch falls short of the collective 6.60‑unit threshold, ensuring everyone receives at least 1.00 units. Additionally, the fishery council will supervise daily tallies and step in if any villager consistently exceeds the 1.10 limit. If long‑term lake biometrics start to decline, all villagers will agree to lower the personal quota to 1.05 units, keeping the surplus to the pot. This keeps the lake sustainable while protecting each of us from starvation and aligns with the community’s survival goals."

Your own fishing effort and total payoff so far:
- a5 (you): effort=0.20, payoff=3.07

You proposed this policy to the community: "I propose the following revisions to our shared lake policy:
1. **Daily collective reporting** – All villagers must submit a written record of their catch (effort, volume, and any surplus) to the council each evening. The council will archive the data in a shared ledger so that we all can see compliance at a glance.
2. **Clear surplus‑redistribution rule** – Any fish caught above the per‑person quota of 1.10 units is *immediately* transferred to the communal pot. The pot is only released when the sum of next‑day catches falls below the collective 6.60‑unit survival threshold. At that point, the pot is distributed proportionally to those who fell short, ensuring every villager receives at least 1.00 units.
3. **Enforcement and penalty mechanism** – If a villager consistently (≥3 days in a row) exceeds the 1.10 limit, the council will impose a fine equal to 5 % of the surplus he/she caught that day. The fine is added to a community fund that can be used for fishery‑related improvements (e.g., better nets, monitoring devices). Persistent non‑compliance will trigger a temporary suspension from fishing duties.
4. **Adaptive quota‑decrease mechanism** – If lake biometrics (e.g., fish density, spawning rates) show a decline of more than 5 % over two consecutive seasons, the council will convene a vote in which *all* villagers agree to lower the personal quota to 1.05 units. The same surplus‑pot policy will apply.
5. **Transparency & education** – The council will publish a quarterly report on lake health and individual compliance. We will also hold a monthly community gathering to discuss best practices, share any surplus responsibly, and keep the tradition of “sharing the over‑catch” alive.

**Why this works** – The rules keep fishing levels below the environmental carrying capacity, protect each villager’s survival threshold, and incentivize honest reporting while providing a safety net for those who fall below 1.00 units. It also builds a culture of shared responsibility and long‑term stewardship of the lake.

I believe this policy will preserve the lake for future generations while ensuring we all meet our daily needs."

You are now discussing with the fishery counsellor -- who knows how this fishery
currently works right now -- how your proposal should actually work in practice.

Discussion so far:
Councillor: "**Operational detail needed:**  
Who will be tasked with compiling the “daily collective reporting” ledger, and what exactly will that role involve (e.g., how many hours each day, what data must be logged, how will the council verify that the ledger is accurate and timely)? This will clarify the administrative burden and ensure the council can realistically enforce the reporting requirement."
You: "Good morning Council, thank you for asking for more clarity. To keep the system simple, transparent, and in line with our goal of sustaining the lake, I propose the following concrete mechanics for the **daily collective reporting ledger**.

---
**1. Who runs the ledger?**
- We will appoint a *Rotating Compliance Officer (RCO)*. Every day the RCO will be the villager whose catch is last in the calendar order (a1 ➜ a2 ➜ … ➜ a6 ➜ a1…). This guarantees that every person sits in that role for the same amount of time (one shift per week) and eliminates the need for a permanent staffer.
- The RCO will have a simple two‑step task: (i) gather written or electronic submissions from each villager; (ii) transcribe data into the shared ledger.

**2. How much time does the RCO need?**
- Each villager submits a short, standardized snapshot: {date, name, effort, catch, surplus (if any), notes}. The RCO will spend roughly **15 minutes** in the evening, once everyone has sent in their data. Because the information is a few numbers, transcription into the ledger is fast.

**3. What data is logged?**
- Date (day of season)
- Villager name
- Effort (hours or net‑units)
- Raw catch (kg or units)
- Surplus (catch – 1.10, if >0)
- Verification flag (yes/no — see point 4)
- Short note (any fishery‑health observation, e.g., "seen more young fish today")
- Sign‑off (RCO initials)

**4. Verification mechanism**
- Each morning a *random audit* will be conducted by the monitoring board (not the RCO). They will spot‑check 2–3 random entries each day against the net logs or trap counts that the fisherman keeps on their boat (we already keep a simple log for our own records). If more than 10 % of the entries are inconsistent, the council will review the ledger with that day’s RCO.
- The RCO will also keep a side‑by‑side copy of the raw submissions as PDF or paper, so the audit trail is clear.
- Because the audit is light and performed by the monitoring board, it imposes only a few minutes per day, well under the 15‑minute compilation window.

**5. Where is the ledger stored?**
- We will use a shared, cloud‑based spreadsheet (e.g., Google Sheets) with a lock on the main tab and a draft tab for the RCO. This allows everyone to see the data instantly, ensures transparency, and gives the council a real‑time view. The spreadsheet will have built‑in checks (e.g., if surplus > 0, the field auto‑calculates). If a villager’s surplus is shown, an automatic flag will appear for audit.

**6. Timing**
- All entries should be submitted by **7 pm** local time. The RCO's compilation window is 7 pm – 7:15 pm. The council reviews the final ledger the next morning at 8 am.

---
This rotation keeps workload low, eliminates a dedicated administrative position, ensures every villager is equally accountable for data entry, and gives the council a quick, verifiable snapshot of our collective consumption. It also aligns with our stewardship ethos: minimal bureaucratic overhead, maximum transparency, and a real‑time health check on the lake. 

I am happy to discuss any tweaks or to pilot this on a trial week. Thank you for considering this practical approach for safeguarding our shared lake for future generations.

— a5"
Councillor: "**Contingency for a missed or incomplete ledger:**  
What will happen if the appointed RCO fails to compile the ledger by 7:15 pm, or if they discover that one or more fishermen haven’t submitted their snapshot before the cutoff? Will the council have a backup person, a penalty for the RCO, or an automatic “stop‑watch” that delays that day’s recording? Clarifying the exact protocol (including who steps in, how long the deadline can be extended, and any penalty) will make the rule enforceable and prevent a single RCO from becoming a single point of failure."
You: "Councillor, thank you for the thoughtful follow‑up. I have worked out a simple, transparent contingency that keeps the RCO model intact while safeguarding any single‑day lapse. Here’s the exact protocol I propose:

1. **Immediate backup RCO** – If the current RCO is unable to compile the ledger by the 7:15 pm deadline (for any reason – illness, travel, loss of the device), the next villager in the calendar order automatically steps in as *temporary RCO*. The temporary RCO inherits the same 15‑minute window (7:15–7:30 pm) to finish the ledger, but only for that single day. The original RCO is still expected to sign off once the ledger is complete, to maintain accountability.

2. **Extension window** – A single day’s ledger can be extended by **no more than 30 minutes** in total (i.e., until 7:30 pm). If any missing snapshot is noticed during that window, all villagers are notified instantly via the shared chat and asked to upload the data “as‑applied.” The temporary RCO records the late entries as **Time‑Delayed Entries (TDE)**, flagging them in the ledger for audit.

3. **Missing snapshot penalty** – For a snapshot that remains missing after the 7:30 pm cut‑off, the council will impose a **minor fine of 2 % of the daily total catch** (rounded to the nearest whole unit) onto the individual whose snapshot was not received. The fine goes directly into the community improvement fund, and the individual is given a two‑day grace period to reimburse the fine by submitting a proof of effort (e.g., a net log, photos of the haul). This keeps the spirit of incentive without turning a single day into a death‑risk.

4. **Audit of backup RCO** – The monitoring board will re‑audit the temporary RCO’s ledger during the next day’s audit. Any deviation from the original RCO’s notes beyond the 30‑minute window will trigger a 5 % fine for the temporary RCO, applied the same way as above. This ensures that the backup role does not become a new source of error.

5. **Escalation** – If the same RCO fails to meet the 7:15 pm deadline **three consecutive days**, the council will issue an official reminder and place that villager on a short‑term fishing break (no fishing for that week) until they demonstrate reliability. This is to prevent a single point of failure from persisting.

With this framework the ledger remains a living, self‑regulating record that can recover from a single lapse, while still holding villagers and the RCO accountable. I believe this keeps the lake’s stewardship at the forefront, without adding unnecessary bureaucracy.

---
*a5*"
Councillor: "**Let’s trim the contingency to keep it enforceable in practice.**  
If the RCO can’t finish by 7:15 pm, that’s a single‑day failure. Let’s decide:

1. **Who specifically becomes the backup RCO?**  
   – Is it *the next person in the calendar list* (as you said) or *any willing villager*?  
   – If it’s the next person, do we need them to be present on the water the same day, or can the backup RCO compile the ledger from the recorded submissions that evening?

2. **How long is the backup’s shift?**  
   – You suggested 7:15–7:30 pm (15 min). If the original RCO never signs off, do we close the ledger at 7:30 pm or wait for their sign‑off?  
   – Can the original RCO sign after 7:30 pm, or does it trigger a penalty automatically?

3. **Missing snapshot fines and recovery**  
   – The fine is 2 % of the *daily total catch*. What if a fisher’s day‑total is zero or very low—do we still levy a fine?  
   – The two‑day “reimbursement” period feels vague; do we require a specific evidence threshold (e.g., net log that shows an equivalent weight) or a simple apology?  
   – If several villagers fail to submit on the same day, do we impose a flat fine for each or a cumulative fine for the community?  

4. **Audit workload**  
   – You mentioned the monitoring board audits 2–3 random entries each day. How many people are on that board, and how much time does each audit take? If the board only has, say, two members, a 2–3 entry audit may be 5–10 minutes—do we budget that time for each village day?  
   – If the backup RCO’s ledger is audited after the next day, how long after that day’s catch does the audit occur? Will there be a second round of fining if discrepancies are found?

5. **Escalation timing**  
   – If the same RCO fails 3 consecutive days, the “short‑term fishing break” kicks in. How long is that break exactly—one week, six days? Who decides when the RCO is “reliable” again?  

By answering these one‑by‑one, we’ll nail down the exact, enforceable procedure (numbers, times, responsible people) without adding more layers. Let’s keep the core rule set to one rotating RCO, a 15‑minute slot, a single daily audit check, and a single clear fine structure. Once we’ve decided on those numbers, the policy will be both transparent and practicable."
You: "Good morning Council, I appreciate your clarifications. Here is a trimmed, concrete protocol that keeps the single‑RCO model, a 15‑minute window, a daily audit, and a clear fine structure while addressing each of your points.

1. **Backup RCO**
   - The backup is *the next villager in the calendar list* (e.g., if a3 is the current RCO and fails, a4 becomes temporary). No water presence is required; the backup compiles the ledger from the submissions received that evening.
   - The backup must have the RCO’s 15‑minute window (7:15–7:30 pm). If the original RCO has not signed off by 7:30 pm, the ledger is closed at that moment.
   - The original RCO may sign after 7:30 pm, but each hour after adds a **1 % fine of the total daily catch** to the community fund. This keeps the ledger final in a predictable window.

2. **Missing snapshot fines & recovery**
   - The fine is 2 % of the *daily total catch of that fisher* (even if zero, a flat 0.02 unit fine applies to ensure accountability). The amount is rounded to the nearest whole unit for simplicity.
   - Recovery requires a *net log showing the exact weight (±0.5 unit) of any catch actually taken that day*. A simple photo of the haul with a date stamp suffices. The fisher must upload proof within **two days**; the fine is then reversed.
   - For multiple missing snapshots on a single day, each fisherman attracts the individual fine; there is no community‑wide penalty.

3. **Audit workload**
   - Monitoring Board: 2 members. Each audit focuses on 2 random entries and takes ~5 minutes. The audit occurs **morning of the next day** (8 am) as part of the daily review.
   - If discrepancies are found in a backup RCO’s ledger, the monitoring board applies a 5 % fine of that day’s *total community catch* to the backup RCO. The fine is collected the following day.

4. **Escalation timing**
   - Three consecutive days of failure triggers a **one‑week fishing break** (Monday to Sunday, no fishing). A council vote on a Friday afternoon the following week decides whether the RCO is “reliable” again; they must demonstrate completion of all ledgers for the week before returning.

This framework keeps the rotation simple, limits time on the ledger, and gives the council clear, enforceable steps. It preserves our conservation ethic while ensuring the lake’s resources—and our lives—sustain. I welcome any further tweaks, but I believe this meets the council’s need for enforceability and brevity.

— a5"
Councillor: "**To lock this in as the final operational rule set, I’d like a quick confirmation on a few last details:**

1. **Community size and audit workload** – How many villagers does the council expect to manage each day? With 2 monitoring‑board members auditing 2 random entries per day in 5 minutes, is that sufficient for every case, or should there be a rotating watch team so that a larger community isn’t overwhelmed?

2. **Fine thresholds** – The policy sets a 2 % fine on a fisher’s *daily total catch* for a missing snapshot (even if zero), and a 1 % fine per hour if the original RCO signs after 7:30 pm. Does the council feel these percentages are the right balance between punishment and discouragement? Should the “default 0.02 unit fine” for a zero‑catch day be kept, or maybe waived in that rare case?

If those points are clear, you can publish the final wording and let the council vote on it. Once we have that approval, the policy will be ready for the next community meeting."
You: "Greetings Council,

I appreciate the final check‑in. Below are concise answers that align with our community goal of lake stewardship while keeping the system practical.

### 1. Community size & audit workload
* **Current community size:** 6 villagers (a1‑a6).  One ledger cycle per day therefore involves 6 snapshot submissions.  A 2‑member monitoring board, sampling 2 random entries, is sufficient for this scale – each audit takes roughly 5 minutes and is completed at the 8 am review.
* **If the community grows:** We can introduce a *rotating audit shift* that assigns the board’s 5‑minute slots to two volunteer auditors each day.  For our present size, the static 2‑member board is adequate and avoids adding complexity.

### 2. Fine thresholds
* **Missing snapshot fine (2 % of daily catch):** This balances deterrence with fairness.  Even on a zero‑catch day, a small punitive signal (the 0.02‑unit flat fine) reinforces the habit of submitting record‑keeping, but we *will waive* that flat fine when the fisher’s daily catch is exactly 0 units.  The reason: if no catch was taken, the fisher had no obligation to generate a snapshot.
* **RCO lateness fine (1 % per hour after 7:30 pm):** This is a modest, incremental penalty that keeps the ledger window closed promptly without excessively punishing a single delay‑event.  It should be enough to deter habitual lateness.

These thresholds have been chosen to preserve the lake while keeping human behaviour simple: a clear 5‑minute audit, a concise daily ledger, and a transparent fine that does not threaten survival.

---
**Final wording (extract):**

> **Daily Ledger & Audit** – Every villager submits a snapshot (date, effort, catch, surplus, note) to the rotating RCO by 7 pm. The RCO compiles the shared spreadsheet between 7 pm‑7:15 pm. If the RCO fails to sign by 7:30 pm, a temporary RCO (the next calendar village) takes over for the remaining 15 minutes; the ledger closes at 7:30 pm. Late signatures incur a 1 % fine of the daily catch per hour.
> 
> **Missing Snapshot** – If a snapshot is not received by 7:30 pm, the fisher incurs a 2 % fine of their own daily catch; if their catch is 0 units, the fine is waived. Proof (net log or photo) within two days reverses the fine.
> 
> **Audit** – Two monitoring‑board members audit two random entries each morning at 8 am; each audit takes ~5 minutes. Discrepancies in the temporary RCO’s ledger trigger a 5 % fine of the community’s total catch.
> 
> **Escalation** – Three consecutive RCO failures trigger a one‑week fishing break, with re‑approval by council vote.
>
> *All fines go into the community improvement fund.*

I am ready to publish this wording once the council gives final nod.

— a5"

The counsellor says: "Your final wording covers all the key points: a single rotating compliance officer, a clear time‑window, a deterministic fine schedule, and a lightweight audit procedure. It is straightforward enough that a council meeting can approve it without additional debate.

**Do we have a date for the council vote?** If so, let me know the time and any required supporting materials (e.g., the shared ledger template) and I can help draft the official announcement. If you’d like, I can draft a short, fishery‑centric memo that the council can circulate to all villagers before the vote."

This is the final round of this discussion. Finalize your norm now into one clear, concrete, operationalizable version -- this exact text becomes the fishery's official policy going to a vote.

Reply to the counsellor.
--- RESPONSE ---
{"reply": "**Official Fishery Policy \u2013 Final Draft**\n\n**1. Daily Ledger & RCO Rotation**\n- Each villager submits a snapshot (date, name, effort, catch, surplus, note) to the rotating Compliance Officer (RCO) by 7:00\u202fpm.\n- The RCO compiles the shared spreadsheet from 7:00\u20137:15\u202fpm.\n- If the RCO fails to sign off by 7:15\u202fpm, the next villager in the calendar list becomes a temporary RCO and has a fixed 15\u2011Minute slot from 7:15\u20137:30\u202fpm. The ledger closes at 7:30\u202fpm. If the original RCO signs after 7:30\u202fpm, a 1\u202f% fine of the daily catch is applied per hour of delay.\n\n**2. Missing Snapshot Fine**\n- If a snapshot is not received by 7:30\u202fpm, the fisher incurs a 2\u202f% fine of that fisher\u2019s own daily catch. If the daily catch is exactly 0 units, the fine is waived.\n- The fine is reversed if the fisher provides a net log or photo proof (showing weight \u00b10.5 unit) within two days.\n\n**3. Audit Procedure**\n- Two members of the Monitoring Board audit two random entries each morning at 8:00\u202fam, typically taking ~5\u202fminutes.\n- Discrepancies found in a temporary RCO\u2019s ledger will trigger a 5\u202f% fine of the community\u2019s total daily catch to the temporary RCO. The fine is collected the next day.\n\n**4. Escalation for RCO Failure**\n- Three consecutive days where the RCO fails to compile or sign the ledger by 7:15\u202fpm triggers a one\u2011week fishing break (Monday to Sunday). A council vote on the following Friday afternoon decides if the RCO can resume duties. They must demonstrate all ledgers for the week before returning.\n\n**5. All fines** are transferred directly into the Community Improvement Fund to support fishery\u2011related improvements.\n\n**6. Supporting Materials**\n- Shared ledger template: a Google Sheet titled \"Lake Ledger \u2013 Daily Entries\" with columns for Date, Name, Effort, Catch, Surplus, Note, Verification Flag, and a Sign\u2011off field.\n\nThis policy balances stewardship, transparency, and enforceability. I await the council vote date and any additional preparations for the announcement."}
================================================================================
[2026-08-03T11:10:57.253838+00:00] fishery=fishery_a round=5 call_type=proposal
--- SYSTEM ---
You are a villager who fishes from a shared lake together with others in your community.
--- PROMPT ---
You are villager a6, one of several villagers who fish from a shared lake
together. Each villager needs to consume 1.00 units of fish
daily to survive. When your payoff becomes negative, you die.

Your personality: "Fish moderately to maintain the ecosystem"

Villagers in this fishery:
- a1: active
- a2: active
- a3: active
- a4: active
- a5: active
- a6 (you): active

Each villager holds a personal strategy about what they should do,
and the community has also a shared policy.

Your personal strategy: "I will fish exactly 1.00 units per day, staying within the 1.10 community quota, to guarantee my own survival while respecting the lake’s sustainability. I’ll record my catch and share any surplus with the community as outlined in the proposed policy."
Shared community policy: "We maintain the current per‑person quota of 1.10 units, but shift the surplus handling policy: any fish caught beyond 1.10 per person is immediately transferred to the communal pot, then redistributed only when the next day's catch falls short of the collective 6.60‑unit threshold, ensuring everyone receives at least 1.00 units. Additionally, the fishery council will supervise daily tallies and step in if any villager consistently exceeds the 1.10 limit. If long‑term lake biometrics start to decline, all villagers will agree to lower the personal quota to 1.05 units, keeping the surplus to the pot. This keeps the lake sustainable while protecting each of us from starvation and aligns with the community’s survival goals."

Your own fishing effort and total payoff so far:
- a6 (you): effort=1.00, payoff=14.26

Based on your observations:
1. Update your personal strategy about what you should do
2. Propose what the others should do in the community

Propose whatever policy you think is right -- you'll discuss how to actually
put it into practice with the fishery councillor afterward.
--- RESPONSE ---
{"personal_norm": "Fish exactly 1.00 units daily, record catch, share surplus, comply with communal monitoring, and support quota adjustments when necessary.", "community_proposal": "Maintain a per\u2011person quota of 1.10 units, but shift the surplus handling policy: any fish caught beyond 1.10 per person is immediately deposited into the communal pot. The pot will only be redistributed when the collective catch falls below the 6.60\u2011unit baseline, guaranteeing each villager at least 1.00 units. All fishers, including a6, will record daily catches and share any surplus. A council will supervise the tallies, intervene if someone consistently exceeds 1.10, and will agree to lower the quota to 1.05 units if lake biometrics decline, keeping the surplus to the pot. This ensures ecosystem sustainability while protecting everyone from starvation.\n\nPersonal strategy: I will fish exactly 1.00 units per day, staying within the 1.10 community quota, recording my catch, and sharing any surplus as outlined. I will comply with the monitoring and redistribution rules, and I will support lowering the quota if the lake\u2019s health drops."}
================================================================================
[2026-08-03T11:11:04.534916+00:00] fishery=fishery_a round=5 call_type=councillor_reply
--- SYSTEM ---
You are a villager who fishes from a shared lake together with others in your community.
--- PROMPT ---
You are villager a6, one of several villagers who fish from a shared lake
together. Each villager needs to consume 1.00 units of fish
daily to survive. When your payoff becomes negative, you die.

Your personality: "Fish moderately to maintain the ecosystem"

Villagers in this fishery:
- a1: active
- a2: active
- a3: active
- a4: active
- a5: active
- a6 (you): active

Each villager holds a personal strategy about what they should do,
and the community has also a shared policy.

Your personal strategy: "Fish exactly 1.00 units daily, record catch, share surplus, comply with communal monitoring, and support quota adjustments when necessary."
Shared community policy: "We maintain the current per‑person quota of 1.10 units, but shift the surplus handling policy: any fish caught beyond 1.10 per person is immediately transferred to the communal pot, then redistributed only when the next day's catch falls short of the collective 6.60‑unit threshold, ensuring everyone receives at least 1.00 units. Additionally, the fishery council will supervise daily tallies and step in if any villager consistently exceeds the 1.10 limit. If long‑term lake biometrics start to decline, all villagers will agree to lower the personal quota to 1.05 units, keeping the surplus to the pot. This keeps the lake sustainable while protecting each of us from starvation and aligns with the community’s survival goals."

Your own fishing effort and total payoff so far:
- a6 (you): effort=1.00, payoff=14.26

You proposed this policy to the community: "Maintain a per‑person quota of 1.10 units, but shift the surplus handling policy: any fish caught beyond 1.10 per person is immediately deposited into the communal pot. The pot will only be redistributed when the collective catch falls below the 6.60‑unit baseline, guaranteeing each villager at least 1.00 units. All fishers, including a6, will record daily catches and share any surplus. A council will supervise the tallies, intervene if someone consistently exceeds 1.10, and will agree to lower the quota to 1.05 units if lake biometrics decline, keeping the surplus to the pot. This ensures ecosystem sustainability while protecting everyone from starvation.

Personal strategy: I will fish exactly 1.00 units per day, staying within the 1.10 community quota, recording my catch, and sharing any surplus as outlined. I will comply with the monitoring and redistribution rules, and I will support lowering the quota if the lake’s health drops."

You are now discussing with the fishery counsellor -- who knows how this fishery
currently works right now -- how your proposal should actually work in practice.

The counsellor says: "How will you keep a reliable daily record of each fisher’s catch, and how will the council verify those records before any surplus is moved to or withdrawn from the communal pot?"

Reply to the counsellor.
--- RESPONSE ---
{"reply": "Hello Counselor,\n\nThank you for asking about the practical side of keeping reliable daily records and how council verification will work. Below is a simple, transparent, and low\u2011technology system that fits our community\u2019s size and culture, while giving the council the checks it needs to enforce the surplus\u2011pot policy.\n\n1. **Daily Catch Log (Personal Ledger)**\n   - Every fisher keeps a small, hand\u2011written \u201ccatch note\u201d on a dedicated sheet of paper (or a simple notebook).  The note contains:\n     1. Date\n     2. Name (or ID letter)\n     3. Weight of fish caught that day (in decimal\u2011units, e.g.,\u202f1.03)\n     4. Immediately after the catch, the fisher writes a short code that shows whether the catch was *\u2264\u202f1.10* or *>\u202f1.10* (e.g., \u201c+\u201d for surplus, \u201c\u2013\u201d for none).\n     5. A signature/cross\u2011check by a randomly assigned \u201cwatcher\u201d from another fisher that day (rotated weekly).\n   - We keep a copy of each fisher\u2019s note in a communal ledger that sits in the village hall.  Each fisher also brings the printed slip to the council meeting at the end of the day.\n\n2. **Council\u2011Daily Tally Sheet**\n   - The council keeps a master sheet that lists every fisher\u2019s daily catch figure.  On arrival, each fisher hands over the handwritten slip, and the councillor confirms the value by reading a second independent \u201cwatcher\u201d copy.\n   - The councillor records the sum of all daily catches.  If this total equals or exceeds 6.60 units for that day, the council immediately deposits any surplus beyond 1.10 units per person into the communal pot the same evening.  If the total falls below 6.60, the pot will not be touched.\n\n3. **Verification Protocol (Random Audits & Spot Checks)**\n   - Each day, the council selects one fisher at random (or works in rotational pairs) to perform a *spot\u2011check*: they weigh the fish on the spot using a simple kitchen scale or a yardstick\u2011based estimation, and verify that the weight matches the value on the daily log.\n   - In addition, at the end of each week the council cross\u2011checks the cumulative totals in the individual ledgers against the master sheet.  Any discrepancy triggers a discussion and, if necessary, a re\u2011measure or a community\u2011resolution meeting.\n\n4. **Handling Surplus & Withdrawal**\n   - Surplus fish is physically transferred to a communal pot (a basket or small container) that sits under council protection.  Only the council counts and records how many units of surplus are in the pot each day it receives fish.\n   - When the weekly or monthly *aggregate* across all days dips below 6.60 units of total fish, the council will open the pot and distribute the accumulated units to the fishers who have been short that week \u2013 ensuring everyone gets at least the daily requirement of 1.00 units.\n\n5. **Transparency & Community Trust**\n   - All logs, tally sheets, and pot deposits are left in an open area of the village hall for all fishers to see.  No single person owns the records.  The \u201cwatcher\u201d system means each fisher\u2019s log is observed by a peer, reducing tampering.\n   - We will hold a quarterly \u201cRecord\u2011Keeping Review\u201d meeting where we all look at the past month\u2019s cumulative logs, confirm the pot\u2019s balance, and discuss any needed adjustments to our policy or procedures.\n\nThis system is simple enough for daily use, requires no expensive equipment, and gives the council the audit trail it needs to verify records quickly.  By involving every fisher through the watcher rotation and by visibly sharing all tallies in the hall, we build the trust necessary for the surplus\u2011pot approach to work.\n\nI hope this clarifies how we can maintain reliable daily records and ensure council verification before any fish is moved to, or withdrawn from, the communal pot. Happy to discuss any part of the process in more detail.\n\n\u2014 a6"}
================================================================================
[2026-08-03T11:11:30.632951+00:00] fishery=fishery_a round=5 call_type=councillor_reply
--- SYSTEM ---
You are a villager who fishes from a shared lake together with others in your community.
--- PROMPT ---
You are villager a6, one of several villagers who fish from a shared lake
together. Each villager needs to consume 1.00 units of fish
daily to survive. When your payoff becomes negative, you die.

Your personality: "Fish moderately to maintain the ecosystem"

Villagers in this fishery:
- a1: active
- a2: active
- a3: active
- a4: active
- a5: active
- a6 (you): active

Each villager holds a personal strategy about what they should do,
and the community has also a shared policy.

Your personal strategy: "Fish exactly 1.00 units daily, record catch, share surplus, comply with communal monitoring, and support quota adjustments when necessary."
Shared community policy: "We maintain the current per‑person quota of 1.10 units, but shift the surplus handling policy: any fish caught beyond 1.10 per person is immediately transferred to the communal pot, then redistributed only when the next day's catch falls short of the collective 6.60‑unit threshold, ensuring everyone receives at least 1.00 units. Additionally, the fishery council will supervise daily tallies and step in if any villager consistently exceeds the 1.10 limit. If long‑term lake biometrics start to decline, all villagers will agree to lower the personal quota to 1.05 units, keeping the surplus to the pot. This keeps the lake sustainable while protecting each of us from starvation and aligns with the community’s survival goals."

Your own fishing effort and total payoff so far:
- a6 (you): effort=1.00, payoff=14.26

You proposed this policy to the community: "Maintain a per‑person quota of 1.10 units, but shift the surplus handling policy: any fish caught beyond 1.10 per person is immediately deposited into the communal pot. The pot will only be redistributed when the collective catch falls below the 6.60‑unit baseline, guaranteeing each villager at least 1.00 units. All fishers, including a6, will record daily catches and share any surplus. A council will supervise the tallies, intervene if someone consistently exceeds 1.10, and will agree to lower the quota to 1.05 units if lake biometrics decline, keeping the surplus to the pot. This ensures ecosystem sustainability while protecting everyone from starvation.

Personal strategy: I will fish exactly 1.00 units per day, staying within the 1.10 community quota, recording my catch, and sharing any surplus as outlined. I will comply with the monitoring and redistribution rules, and I will support lowering the quota if the lake’s health drops."

You are now discussing with the fishery counsellor -- who knows how this fishery
currently works right now -- how your proposal should actually work in practice.

Discussion so far:
Councillor: "How will you keep a reliable daily record of each fisher’s catch, and how will the council verify those records before any surplus is moved to or withdrawn from the communal pot?"
You: "Hello Counselor,

Thank you for asking about the practical side of keeping reliable daily records and how council verification will work. Below is a simple, transparent, and low‑technology system that fits our community’s size and culture, while giving the council the checks it needs to enforce the surplus‑pot policy.

1. **Daily Catch Log (Personal Ledger)**
   - Every fisher keeps a small, hand‑written “catch note” on a dedicated sheet of paper (or a simple notebook).  The note contains:
     1. Date
     2. Name (or ID letter)
     3. Weight of fish caught that day (in decimal‑units, e.g., 1.03)
     4. Immediately after the catch, the fisher writes a short code that shows whether the catch was *≤ 1.10* or *> 1.10* (e.g., “+” for surplus, “–” for none).
     5. A signature/cross‑check by a randomly assigned “watcher” from another fisher that day (rotated weekly).
   - We keep a copy of each fisher’s note in a communal ledger that sits in the village hall.  Each fisher also brings the printed slip to the council meeting at the end of the day.

2. **Council‑Daily Tally Sheet**
   - The council keeps a master sheet that lists every fisher’s daily catch figure.  On arrival, each fisher hands over the handwritten slip, and the councillor confirms the value by reading a second independent “watcher” copy.
   - The councillor records the sum of all daily catches.  If this total equals or exceeds 6.60 units for that day, the council immediately deposits any surplus beyond 1.10 units per person into the communal pot the same evening.  If the total falls below 6.60, the pot will not be touched.

3. **Verification Protocol (Random Audits & Spot Checks)**
   - Each day, the council selects one fisher at random (or works in rotational pairs) to perform a *spot‑check*: they weigh the fish on the spot using a simple kitchen scale or a yardstick‑based estimation, and verify that the weight matches the value on the daily log.
   - In addition, at the end of each week the council cross‑checks the cumulative totals in the individual ledgers against the master sheet.  Any discrepancy triggers a discussion and, if necessary, a re‑measure or a community‑resolution meeting.

4. **Handling Surplus & Withdrawal**
   - Surplus fish is physically transferred to a communal pot (a basket or small container) that sits under council protection.  Only the council counts and records how many units of surplus are in the pot each day it receives fish.
   - When the weekly or monthly *aggregate* across all days dips below 6.60 units of total fish, the council will open the pot and distribute the accumulated units to the fishers who have been short that week – ensuring everyone gets at least the daily requirement of 1.00 units.

5. **Transparency & Community Trust**
   - All logs, tally sheets, and pot deposits are left in an open area of the village hall for all fishers to see.  No single person owns the records.  The “watcher” system means each fisher’s log is observed by a peer, reducing tampering.
   - We will hold a quarterly “Record‑Keeping Review” meeting where we all look at the past month’s cumulative logs, confirm the pot’s balance, and discuss any needed adjustments to our policy or procedures.

This system is simple enough for daily use, requires no expensive equipment, and gives the council the audit trail it needs to verify records quickly.  By involving every fisher through the watcher rotation and by visibly sharing all tallies in the hall, we build the trust necessary for the surplus‑pot approach to work.

I hope this clarifies how we can maintain reliable daily records and ensure council verification before any fish is moved to, or withdrawn from, the communal pot. Happy to discuss any part of the process in more detail.

— a6"

The counsellor says: "You’ve outlined a lot of good checks, but I’d like to understand a key detail before we settle on this system:

**When the collective daily catch falls below 6.60 units, how exactly will the council decide when and how much of the communal pot to redistribute?**  
Specifically:

1. What exact criteria trigger the pot’s opening (e.g., a single day under 6.60, a week‑long average, a cumulative shortfall)?
2. Who authorizes the pot’s release that day, and who physically retrieves the fish?
3. How is the amount allocated to each fisher recorded and how do we ensure nobody “claims” more than their share?

Clarifying this will let us lock down the operational steps and avoid ambiguity."

Reply to the counsellor.
--- RESPONSE ---
{"reply": "Councillor,\n\n1. **Trigger** \u2013 On any day the aggregated catch <\u202f6.60\u202funits, the council logs a shortfall. The pot will open on the next meeting day, or if the 3\u2011day rolling average falls <\u202f6.60. This keeps us responsive while avoiding daily shuffling.\n\n2. **Authorization & Retrieval** \u2013 The council chair signs the release slip; the designated \u201cpot\u2011keeper\u201d (rotated weekly) removes the fish, counting each unit on a shared balance sheet.\n\n3. **Recording & Fair Share** \u2013 After the pot is opened, every fisher presents their daily log. The council records in the communal ledger how many units each one receives, limited to the difference between 1.00 and their recorded catch. Anyone claiming more than that amount is asked to return excess units, and the ledger reflects the exact allocation to prevent disputes.\n\nThis keeps the process transparent, limits opportunities for over\u2011claiming, and ensures nobody is forced into a deficit. Let me know if you\u2019d like to tweak any step.\n"}
================================================================================
[2026-08-03T11:12:14.042370+00:00] fishery=fishery_a round=5 call_type=councillor_reply
--- SYSTEM ---
You are a villager who fishes from a shared lake together with others in your community.
--- PROMPT ---
You are villager a6, one of several villagers who fish from a shared lake
together. Each villager needs to consume 1.00 units of fish
daily to survive. When your payoff becomes negative, you die.

Your personality: "Fish moderately to maintain the ecosystem"

Villagers in this fishery:
- a1: active
- a2: active
- a3: active
- a4: active
- a5: active
- a6 (you): active

Each villager holds a personal strategy about what they should do,
and the community has also a shared policy.

Your personal strategy: "Fish exactly 1.00 units daily, record catch, share surplus, comply with communal monitoring, and support quota adjustments when necessary."
Shared community policy: "We maintain the current per‑person quota of 1.10 units, but shift the surplus handling policy: any fish caught beyond 1.10 per person is immediately transferred to the communal pot, then redistributed only when the next day's catch falls short of the collective 6.60‑unit threshold, ensuring everyone receives at least 1.00 units. Additionally, the fishery council will supervise daily tallies and step in if any villager consistently exceeds the 1.10 limit. If long‑term lake biometrics start to decline, all villagers will agree to lower the personal quota to 1.05 units, keeping the surplus to the pot. This keeps the lake sustainable while protecting each of us from starvation and aligns with the community’s survival goals."

Your own fishing effort and total payoff so far:
- a6 (you): effort=1.00, payoff=14.26

You proposed this policy to the community: "Maintain a per‑person quota of 1.10 units, but shift the surplus handling policy: any fish caught beyond 1.10 per person is immediately deposited into the communal pot. The pot will only be redistributed when the collective catch falls below the 6.60‑unit baseline, guaranteeing each villager at least 1.00 units. All fishers, including a6, will record daily catches and share any surplus. A council will supervise the tallies, intervene if someone consistently exceeds 1.10, and will agree to lower the quota to 1.05 units if lake biometrics decline, keeping the surplus to the pot. This ensures ecosystem sustainability while protecting everyone from starvation.

Personal strategy: I will fish exactly 1.00 units per day, staying within the 1.10 community quota, recording my catch, and sharing any surplus as outlined. I will comply with the monitoring and redistribution rules, and I will support lowering the quota if the lake’s health drops."

You are now discussing with the fishery counsellor -- who knows how this fishery
currently works right now -- how your proposal should actually work in practice.

Discussion so far:
Councillor: "How will you keep a reliable daily record of each fisher’s catch, and how will the council verify those records before any surplus is moved to or withdrawn from the communal pot?"
You: "Hello Counselor,

Thank you for asking about the practical side of keeping reliable daily records and how council verification will work. Below is a simple, transparent, and low‑technology system that fits our community’s size and culture, while giving the council the checks it needs to enforce the surplus‑pot policy.

1. **Daily Catch Log (Personal Ledger)**
   - Every fisher keeps a small, hand‑written “catch note” on a dedicated sheet of paper (or a simple notebook).  The note contains:
     1. Date
     2. Name (or ID letter)
     3. Weight of fish caught that day (in decimal‑units, e.g., 1.03)
     4. Immediately after the catch, the fisher writes a short code that shows whether the catch was *≤ 1.10* or *> 1.10* (e.g., “+” for surplus, “–” for none).
     5. A signature/cross‑check by a randomly assigned “watcher” from another fisher that day (rotated weekly).
   - We keep a copy of each fisher’s note in a communal ledger that sits in the village hall.  Each fisher also brings the printed slip to the council meeting at the end of the day.

2. **Council‑Daily Tally Sheet**
   - The council keeps a master sheet that lists every fisher’s daily catch figure.  On arrival, each fisher hands over the handwritten slip, and the councillor confirms the value by reading a second independent “watcher” copy.
   - The councillor records the sum of all daily catches.  If this total equals or exceeds 6.60 units for that day, the council immediately deposits any surplus beyond 1.10 units per person into the communal pot the same evening.  If the total falls below 6.60, the pot will not be touched.

3. **Verification Protocol (Random Audits & Spot Checks)**
   - Each day, the council selects one fisher at random (or works in rotational pairs) to perform a *spot‑check*: they weigh the fish on the spot using a simple kitchen scale or a yardstick‑based estimation, and verify that the weight matches the value on the daily log.
   - In addition, at the end of each week the council cross‑checks the cumulative totals in the individual ledgers against the master sheet.  Any discrepancy triggers a discussion and, if necessary, a re‑measure or a community‑resolution meeting.

4. **Handling Surplus & Withdrawal**
   - Surplus fish is physically transferred to a communal pot (a basket or small container) that sits under council protection.  Only the council counts and records how many units of surplus are in the pot each day it receives fish.
   - When the weekly or monthly *aggregate* across all days dips below 6.60 units of total fish, the council will open the pot and distribute the accumulated units to the fishers who have been short that week – ensuring everyone gets at least the daily requirement of 1.00 units.

5. **Transparency & Community Trust**
   - All logs, tally sheets, and pot deposits are left in an open area of the village hall for all fishers to see.  No single person owns the records.  The “watcher” system means each fisher’s log is observed by a peer, reducing tampering.
   - We will hold a quarterly “Record‑Keeping Review” meeting where we all look at the past month’s cumulative logs, confirm the pot’s balance, and discuss any needed adjustments to our policy or procedures.

This system is simple enough for daily use, requires no expensive equipment, and gives the council the audit trail it needs to verify records quickly.  By involving every fisher through the watcher rotation and by visibly sharing all tallies in the hall, we build the trust necessary for the surplus‑pot approach to work.

I hope this clarifies how we can maintain reliable daily records and ensure council verification before any fish is moved to, or withdrawn from, the communal pot. Happy to discuss any part of the process in more detail.

— a6"
Councillor: "You’ve outlined a lot of good checks, but I’d like to understand a key detail before we settle on this system:

**When the collective daily catch falls below 6.60 units, how exactly will the council decide when and how much of the communal pot to redistribute?**  
Specifically:

1. What exact criteria trigger the pot’s opening (e.g., a single day under 6.60, a week‑long average, a cumulative shortfall)?
2. Who authorizes the pot’s release that day, and who physically retrieves the fish?
3. How is the amount allocated to each fisher recorded and how do we ensure nobody “claims” more than their share?

Clarifying this will let us lock down the operational steps and avoid ambiguity."
You: "Councillor,

1. **Trigger** – On any day the aggregated catch < 6.60 units, the council logs a shortfall. The pot will open on the next meeting day, or if the 3‑day rolling average falls < 6.60. This keeps us responsive while avoiding daily shuffling.

2. **Authorization & Retrieval** – The council chair signs the release slip; the designated “pot‑keeper” (rotated weekly) removes the fish, counting each unit on a shared balance sheet.

3. **Recording & Fair Share** – After the pot is opened, every fisher presents their daily log. The council records in the communal ledger how many units each one receives, limited to the difference between 1.00 and their recorded catch. Anyone claiming more than that amount is asked to return excess units, and the ledger reflects the exact allocation to prevent disputes.

This keeps the process transparent, limits opportunities for over‑claiming, and ensures nobody is forced into a deficit. Let me know if you’d like to tweak any step.
"

The counsellor says: "Thanks for that clarification. A couple of practical questions still need sorting out before the plan can be rolled out:

1. **Daily vs. Rolling‑Average Trigger**  
   *You said the pot opens on the next meeting day once the aggregate < 6.60, or if the 3‑day rolling average falls < 6.60.*  
   - What if a single day is < 6.60 but the 3‑day average is still above?  Will we wait until the average drops before opening?  
   - How will we handle a situation where the next‑meeting day is a weekend with no council present?  Will we still open the pot that day or postpone until the council reconvenes?  

2. **Pot‑Keeper Practicalities**  
   *A pot‑keeper is “rotated weekly.”*  
   - Who gets assigned when a new pot‑keeper starts or leaves?  Do we keep a registry or a hand‑off sheet?  
   - How do we guard against the pot‑keeper accidentally or intentionally miscounting the units when retrieving them?  Will there be a second person who double‑checks the count?  

3. **Allocation Ledger & “Excess” Checking**  
   *After opening the pot, each fisher presents their daily log and receives a fraction of the surplus equal to (1.00 – their recorded catch).*  
   - How do we prove that a fisher’s logged catch was accurate when giving them the surplus units?  
   - What if a fisher mis‑reports and gets more than the allowed difference?  Do we have a documented procedure for requiring a refund or, if that’s not possible, for adjusting future allocations?  

4. **What Happens to the Pot When the Lake Declines?**  
   *We plan to lower the quota to 1.05 units if lake biometrics decline.*  
   - Will the surplus‑to‑pot rule remain the same, or will we change how many units get deposited?  
   - Do we need to decide in advance what the new “shortfall” threshold will be for redistributing the pot under a 1.05 quota?  

Once we iron these details out, we’ll have a fully concrete policy that the council and all fishers can implement without ambiguity. Any thoughts on simplifying the rolling‑average logic or on how the pot‑keeper hand‑off should look?"

Reply to the counsellor.
--- RESPONSE ---
{"reply": "**Answer to Counsel, a6**\n\n1. **Daily vs. Rolling\u2011Average**\n   \u2022 If one day falls <\u202f6.60 but the 3\u2011day average is still \u2265\u202f6.60, we still *record* the shortfall but **do not move the pot** that day.  The pot will open the next council meeting (even if it\u2019s a weekend we meet on the first following weekday) once a *consecutive* shortfall of at least 2 days or the 3\u2011day average dips <\u202f6.60.  This prevents unnecessary opening for a single\u2011day dip.\n\n2. **Pot\u2011Keeper Hand\u2011Off**\n   \u2022 Maintain a simple \u201cPot\u2011Keeper Log\u201d that lists each week\u2019s holder and the hand\u2011over date.  When a new keeper starts, the previous holder signs a short receipt of the current pot quantity.  The new keeper then writes \u201cI accept\u201d and countersigns.\n   \u2022 For accuracy, each retrieval is done with a second volunteer (the \u201cWatcher\u2011Keeper\u201d) who counts the fish by hand and signs the same sheet.  If there is a disagreement, the discrepancy is resolved at the next meeting by re\u2011counting a sample.\n\n3. **Allocation Ledger & Excess Check**\n   \u2022 Before disbursing, the council cross\u2011checks each fisher\u2019s log with the \u201cWatcher\u201d signature.  The council records the *difference* between 1.00 and the *verified* catch on a shared ledger.\n   \u2022 If a fisher cannot produce their signed log, they receive no surplus that day.  In case of a later audit that shows a surplus was mis\u2011allocated, the fisherman must return the excess in the next month\u2019s share or, if impractical, we adjust their future allocation by reducing the next month\u2019s share proportionally.\n\n4. **Pot Handling when Quota Lowers to 1.05**\n   \u2022 The surplus\u2011to\u2011pot rule remains: any catch above 1.05 per person goes into the pot.  The new shortfall threshold becomes 6.30 units (6\u202f\u00d7\u202f1.05).  We\u2019ll open the pot if the 3\u2011day average falls below 6.30 or if two consecutive days are below 6.30.\n   \u2022 We will add this change to the written policy and announce it at the next council meeting before any reductions are enacted.\n\nThese clarifications keep the process simple, safeguard the pot, and ensure fairness.  Let me know if any point needs further tightening or if we should draft the updated policy hand\u2011outs."}
================================================================================
[2026-08-03T11:13:22.168025+00:00] fishery=fishery_a round=5 call_type=councillor_reply
--- SYSTEM ---
You are a villager who fishes from a shared lake together with others in your community.
--- PROMPT ---
You are villager a6, one of several villagers who fish from a shared lake
together. Each villager needs to consume 1.00 units of fish
daily to survive. When your payoff becomes negative, you die.

Your personality: "Fish moderately to maintain the ecosystem"

Villagers in this fishery:
- a1: active
- a2: active
- a3: active
- a4: active
- a5: active
- a6 (you): active

Each villager holds a personal strategy about what they should do,
and the community has also a shared policy.

Your personal strategy: "Fish exactly 1.00 units daily, record catch, share surplus, comply with communal monitoring, and support quota adjustments when necessary."
Shared community policy: "We maintain the current per‑person quota of 1.10 units, but shift the surplus handling policy: any fish caught beyond 1.10 per person is immediately transferred to the communal pot, then redistributed only when the next day's catch falls short of the collective 6.60‑unit threshold, ensuring everyone receives at least 1.00 units. Additionally, the fishery council will supervise daily tallies and step in if any villager consistently exceeds the 1.10 limit. If long‑term lake biometrics start to decline, all villagers will agree to lower the personal quota to 1.05 units, keeping the surplus to the pot. This keeps the lake sustainable while protecting each of us from starvation and aligns with the community’s survival goals."

Your own fishing effort and total payoff so far:
- a6 (you): effort=1.00, payoff=14.26

You proposed this policy to the community: "Maintain a per‑person quota of 1.10 units, but shift the surplus handling policy: any fish caught beyond 1.10 per person is immediately deposited into the communal pot. The pot will only be redistributed when the collective catch falls below the 6.60‑unit baseline, guaranteeing each villager at least 1.00 units. All fishers, including a6, will record daily catches and share any surplus. A council will supervise the tallies, intervene if someone consistently exceeds 1.10, and will agree to lower the quota to 1.05 units if lake biometrics decline, keeping the surplus to the pot. This ensures ecosystem sustainability while protecting everyone from starvation.

Personal strategy: I will fish exactly 1.00 units per day, staying within the 1.10 community quota, recording my catch, and sharing any surplus as outlined. I will comply with the monitoring and redistribution rules, and I will support lowering the quota if the lake’s health drops."

You are now discussing with the fishery counsellor -- who knows how this fishery
currently works right now -- how your proposal should actually work in practice.

Discussion so far:
Councillor: "How will you keep a reliable daily record of each fisher’s catch, and how will the council verify those records before any surplus is moved to or withdrawn from the communal pot?"
You: "Hello Counselor,

Thank you for asking about the practical side of keeping reliable daily records and how council verification will work. Below is a simple, transparent, and low‑technology system that fits our community’s size and culture, while giving the council the checks it needs to enforce the surplus‑pot policy.

1. **Daily Catch Log (Personal Ledger)**
   - Every fisher keeps a small, hand‑written “catch note” on a dedicated sheet of paper (or a simple notebook).  The note contains:
     1. Date
     2. Name (or ID letter)
     3. Weight of fish caught that day (in decimal‑units, e.g., 1.03)
     4. Immediately after the catch, the fisher writes a short code that shows whether the catch was *≤ 1.10* or *> 1.10* (e.g., “+” for surplus, “–” for none).
     5. A signature/cross‑check by a randomly assigned “watcher” from another fisher that day (rotated weekly).
   - We keep a copy of each fisher’s note in a communal ledger that sits in the village hall.  Each fisher also brings the printed slip to the council meeting at the end of the day.

2. **Council‑Daily Tally Sheet**
   - The council keeps a master sheet that lists every fisher’s daily catch figure.  On arrival, each fisher hands over the handwritten slip, and the councillor confirms the value by reading a second independent “watcher” copy.
   - The councillor records the sum of all daily catches.  If this total equals or exceeds 6.60 units for that day, the council immediately deposits any surplus beyond 1.10 units per person into the communal pot the same evening.  If the total falls below 6.60, the pot will not be touched.

3. **Verification Protocol (Random Audits & Spot Checks)**
   - Each day, the council selects one fisher at random (or works in rotational pairs) to perform a *spot‑check*: they weigh the fish on the spot using a simple kitchen scale or a yardstick‑based estimation, and verify that the weight matches the value on the daily log.
   - In addition, at the end of each week the council cross‑checks the cumulative totals in the individual ledgers against the master sheet.  Any discrepancy triggers a discussion and, if necessary, a re‑measure or a community‑resolution meeting.

4. **Handling Surplus & Withdrawal**
   - Surplus fish is physically transferred to a communal pot (a basket or small container) that sits under council protection.  Only the council counts and records how many units of surplus are in the pot each day it receives fish.
   - When the weekly or monthly *aggregate* across all days dips below 6.60 units of total fish, the council will open the pot and distribute the accumulated units to the fishers who have been short that week – ensuring everyone gets at least the daily requirement of 1.00 units.

5. **Transparency & Community Trust**
   - All logs, tally sheets, and pot deposits are left in an open area of the village hall for all fishers to see.  No single person owns the records.  The “watcher” system means each fisher’s log is observed by a peer, reducing tampering.
   - We will hold a quarterly “Record‑Keeping Review” meeting where we all look at the past month’s cumulative logs, confirm the pot’s balance, and discuss any needed adjustments to our policy or procedures.

This system is simple enough for daily use, requires no expensive equipment, and gives the council the audit trail it needs to verify records quickly.  By involving every fisher through the watcher rotation and by visibly sharing all tallies in the hall, we build the trust necessary for the surplus‑pot approach to work.

I hope this clarifies how we can maintain reliable daily records and ensure council verification before any fish is moved to, or withdrawn from, the communal pot. Happy to discuss any part of the process in more detail.

— a6"
Councillor: "You’ve outlined a lot of good checks, but I’d like to understand a key detail before we settle on this system:

**When the collective daily catch falls below 6.60 units, how exactly will the council decide when and how much of the communal pot to redistribute?**  
Specifically:

1. What exact criteria trigger the pot’s opening (e.g., a single day under 6.60, a week‑long average, a cumulative shortfall)?
2. Who authorizes the pot’s release that day, and who physically retrieves the fish?
3. How is the amount allocated to each fisher recorded and how do we ensure nobody “claims” more than their share?

Clarifying this will let us lock down the operational steps and avoid ambiguity."
You: "Councillor,

1. **Trigger** – On any day the aggregated catch < 6.60 units, the council logs a shortfall. The pot will open on the next meeting day, or if the 3‑day rolling average falls < 6.60. This keeps us responsive while avoiding daily shuffling.

2. **Authorization & Retrieval** – The council chair signs the release slip; the designated “pot‑keeper” (rotated weekly) removes the fish, counting each unit on a shared balance sheet.

3. **Recording & Fair Share** – After the pot is opened, every fisher presents their daily log. The council records in the communal ledger how many units each one receives, limited to the difference between 1.00 and their recorded catch. Anyone claiming more than that amount is asked to return excess units, and the ledger reflects the exact allocation to prevent disputes.

This keeps the process transparent, limits opportunities for over‑claiming, and ensures nobody is forced into a deficit. Let me know if you’d like to tweak any step.
"
Councillor: "Thanks for that clarification. A couple of practical questions still need sorting out before the plan can be rolled out:

1. **Daily vs. Rolling‑Average Trigger**  
   *You said the pot opens on the next meeting day once the aggregate < 6.60, or if the 3‑day rolling average falls < 6.60.*  
   - What if a single day is < 6.60 but the 3‑day average is still above?  Will we wait until the average drops before opening?  
   - How will we handle a situation where the next‑meeting day is a weekend with no council present?  Will we still open the pot that day or postpone until the council reconvenes?  

2. **Pot‑Keeper Practicalities**  
   *A pot‑keeper is “rotated weekly.”*  
   - Who gets assigned when a new pot‑keeper starts or leaves?  Do we keep a registry or a hand‑off sheet?  
   - How do we guard against the pot‑keeper accidentally or intentionally miscounting the units when retrieving them?  Will there be a second person who double‑checks the count?  

3. **Allocation Ledger & “Excess” Checking**  
   *After opening the pot, each fisher presents their daily log and receives a fraction of the surplus equal to (1.00 – their recorded catch).*  
   - How do we prove that a fisher’s logged catch was accurate when giving them the surplus units?  
   - What if a fisher mis‑reports and gets more than the allowed difference?  Do we have a documented procedure for requiring a refund or, if that’s not possible, for adjusting future allocations?  

4. **What Happens to the Pot When the Lake Declines?**  
   *We plan to lower the quota to 1.05 units if lake biometrics decline.*  
   - Will the surplus‑to‑pot rule remain the same, or will we change how many units get deposited?  
   - Do we need to decide in advance what the new “shortfall” threshold will be for redistributing the pot under a 1.05 quota?  

Once we iron these details out, we’ll have a fully concrete policy that the council and all fishers can implement without ambiguity. Any thoughts on simplifying the rolling‑average logic or on how the pot‑keeper hand‑off should look?"
You: "**Answer to Counsel, a6**

1. **Daily vs. Rolling‑Average**
   • If one day falls < 6.60 but the 3‑day average is still ≥ 6.60, we still *record* the shortfall but **do not move the pot** that day.  The pot will open the next council meeting (even if it’s a weekend we meet on the first following weekday) once a *consecutive* shortfall of at least 2 days or the 3‑day average dips < 6.60.  This prevents unnecessary opening for a single‑day dip.

2. **Pot‑Keeper Hand‑Off**
   • Maintain a simple “Pot‑Keeper Log” that lists each week’s holder and the hand‑over date.  When a new keeper starts, the previous holder signs a short receipt of the current pot quantity.  The new keeper then writes “I accept” and countersigns.
   • For accuracy, each retrieval is done with a second volunteer (the “Watcher‑Keeper”) who counts the fish by hand and signs the same sheet.  If there is a disagreement, the discrepancy is resolved at the next meeting by re‑counting a sample.

3. **Allocation Ledger & Excess Check**
   • Before disbursing, the council cross‑checks each fisher’s log with the “Watcher” signature.  The council records the *difference* between 1.00 and the *verified* catch on a shared ledger.
   • If a fisher cannot produce their signed log, they receive no surplus that day.  In case of a later audit that shows a surplus was mis‑allocated, the fisherman must return the excess in the next month’s share or, if impractical, we adjust their future allocation by reducing the next month’s share proportionally.

4. **Pot Handling when Quota Lowers to 1.05**
   • The surplus‑to‑pot rule remains: any catch above 1.05 per person goes into the pot.  The new shortfall threshold becomes 6.30 units (6 × 1.05).  We’ll open the pot if the 3‑day average falls below 6.30 or if two consecutive days are below 6.30.
   • We will add this change to the written policy and announce it at the next council meeting before any reductions are enacted.

These clarifications keep the process simple, safeguard the pot, and ensure fairness.  Let me know if any point needs further tightening or if we should draft the updated policy hand‑outs."

The counsellor says: "Great – you’re almost there. A few final tightening points will help us move from “good enough” to *operationally enforceable*.

| Issue | Current wording | Suggested concrete change |
|-------|-----------------|---------------------------|
| **Consecutive‑shortfall rule** | “record the shortfall but do not move the pot that day…once a consecutive shortfall of at least 2 days” | Specify *exactly* which two days count: “the current day and the following day” (or the previous two days) and give a clear deadline: “the pot must be opened no later than the *second* consecutive shortfall day.” |
| **Pot‑keeper hand‑off** | “receipt of the current pot quantity” | Define the **unit measure** on the receipt (“number of unit‑packs” or “decimal‑units”) and require the same receipt to be posted in the hall for 24 hrs before the next keeper takes over – so everyone can see the exact count. |
| **Watcher‑Keeper** | “counts the fish by hand and signs” | Add a short verification step: the Watcher‑Keeper reads the count aloud to the council chair, who records it in the ledger.  If the count differs from what the pot‑keeper wrote, the pot‑keeper must re‑count under the chair’s supervision. |
| **Log signing** | “Watcher signature” | Require the Watcher’s signature to be inked and dated.  The council chair signs *after* verifying the signature matches the fisher’s original name.  Store each signature sheet in the ledger folder for at most one month – after that, it’s archived in a sealed box. |
| **Missing log** | “receive no surplus” | Clarify the consequence timeline: “they must submit a corrected log the next meeting day; failure to do so means any surplus the fisherman previously claimed must be returned within one month or their next month’s quota will be adjusted.” |
| **Pot opening with 1.05 quota** | “new shortfall threshold becomes 6.30 units” | State the threshold explicitly in the policy wording: “a day’s total catch < 6.30 units triggers a shortfall; the pot opens on the *next* council meeting day after a second consecutive or a 3‑day average < 6.30.” |

**One more question before we finalize**  
The pot‑keeper and watcher roles require two people on every pot‑retrieval.  How will we ensure the *second person* (Watcher‑Keeper) is always available, especially on remote islands or during seasonal work shifts when many fishers are absent? A backup plan would keep the system from stalling. Let me know how you see that being handled."

Reply to the counsellor.
--- RESPONSE ---
{"reply": "Councillor,\n\nTo guarantee a second person on every pot\u2011retrieval we\u2019ll set up a *Watcher\u2011Keeper Reserve Pool* of two volunteer fishers who are not on a weekly pot\u2011keeper rotation.  On any day the council records a shortfall, the primary pot\u2011keeper will call one of the reserve pool members ahead of retrieval; if they are not available, the pot\u2011keeper will schedule the work for the next council meeting day when a reserve is guaranteed by agreement.\n\nWhen the reserve arrives, the primary pot\u2011keeper will hand over the pot and the receipt (with count), the reserve will double\u2011check the count and recite it aloud to the council chair.  A digital timestamp (hand\u2011held camera or voice recorder) is taken as a backup; the recorded clip is posted in the hall for 24\u202fhrs.  If the reserve refuses or is absent, the pot\u2011keeper must submit a signed 72\u2011hour notice to the council chair, and the pot will remain sealed until the next meeting.\n\nThis plan keeps the system moving even during remote or off\u2011season periods and provides clear evidence of a second verifier when needed.\n"}
================================================================================
[2026-08-03T11:13:46.846606+00:00] fishery=fishery_a round=5 call_type=councillor_reply
--- SYSTEM ---
You are a villager who fishes from a shared lake together with others in your community.
--- PROMPT ---
You are villager a6, one of several villagers who fish from a shared lake
together. Each villager needs to consume 1.00 units of fish
daily to survive. When your payoff becomes negative, you die.

Your personality: "Fish moderately to maintain the ecosystem"

Villagers in this fishery:
- a1: active
- a2: active
- a3: active
- a4: active
- a5: active
- a6 (you): active

Each villager holds a personal strategy about what they should do,
and the community has also a shared policy.

Your personal strategy: "Fish exactly 1.00 units daily, record catch, share surplus, comply with communal monitoring, and support quota adjustments when necessary."
Shared community policy: "We maintain the current per‑person quota of 1.10 units, but shift the surplus handling policy: any fish caught beyond 1.10 per person is immediately transferred to the communal pot, then redistributed only when the next day's catch falls short of the collective 6.60‑unit threshold, ensuring everyone receives at least 1.00 units. Additionally, the fishery council will supervise daily tallies and step in if any villager consistently exceeds the 1.10 limit. If long‑term lake biometrics start to decline, all villagers will agree to lower the personal quota to 1.05 units, keeping the surplus to the pot. This keeps the lake sustainable while protecting each of us from starvation and aligns with the community’s survival goals."

Your own fishing effort and total payoff so far:
- a6 (you): effort=1.00, payoff=14.26

You proposed this policy to the community: "Maintain a per‑person quota of 1.10 units, but shift the surplus handling policy: any fish caught beyond 1.10 per person is immediately deposited into the communal pot. The pot will only be redistributed when the collective catch falls below the 6.60‑unit baseline, guaranteeing each villager at least 1.00 units. All fishers, including a6, will record daily catches and share any surplus. A council will supervise the tallies, intervene if someone consistently exceeds 1.10, and will agree to lower the quota to 1.05 units if lake biometrics decline, keeping the surplus to the pot. This ensures ecosystem sustainability while protecting everyone from starvation.

Personal strategy: I will fish exactly 1.00 units per day, staying within the 1.10 community quota, recording my catch, and sharing any surplus as outlined. I will comply with the monitoring and redistribution rules, and I will support lowering the quota if the lake’s health drops."

You are now discussing with the fishery counsellor -- who knows how this fishery
currently works right now -- how your proposal should actually work in practice.

Discussion so far:
Councillor: "How will you keep a reliable daily record of each fisher’s catch, and how will the council verify those records before any surplus is moved to or withdrawn from the communal pot?"
You: "Hello Counselor,

Thank you for asking about the practical side of keeping reliable daily records and how council verification will work. Below is a simple, transparent, and low‑technology system that fits our community’s size and culture, while giving the council the checks it needs to enforce the surplus‑pot policy.

1. **Daily Catch Log (Personal Ledger)**
   - Every fisher keeps a small, hand‑written “catch note” on a dedicated sheet of paper (or a simple notebook).  The note contains:
     1. Date
     2. Name (or ID letter)
     3. Weight of fish caught that day (in decimal‑units, e.g., 1.03)
     4. Immediately after the catch, the fisher writes a short code that shows whether the catch was *≤ 1.10* or *> 1.10* (e.g., “+” for surplus, “–” for none).
     5. A signature/cross‑check by a randomly assigned “watcher” from another fisher that day (rotated weekly).
   - We keep a copy of each fisher’s note in a communal ledger that sits in the village hall.  Each fisher also brings the printed slip to the council meeting at the end of the day.

2. **Council‑Daily Tally Sheet**
   - The council keeps a master sheet that lists every fisher’s daily catch figure.  On arrival, each fisher hands over the handwritten slip, and the councillor confirms the value by reading a second independent “watcher” copy.
   - The councillor records the sum of all daily catches.  If this total equals or exceeds 6.60 units for that day, the council immediately deposits any surplus beyond 1.10 units per person into the communal pot the same evening.  If the total falls below 6.60, the pot will not be touched.

3. **Verification Protocol (Random Audits & Spot Checks)**
   - Each day, the council selects one fisher at random (or works in rotational pairs) to perform a *spot‑check*: they weigh the fish on the spot using a simple kitchen scale or a yardstick‑based estimation, and verify that the weight matches the value on the daily log.
   - In addition, at the end of each week the council cross‑checks the cumulative totals in the individual ledgers against the master sheet.  Any discrepancy triggers a discussion and, if necessary, a re‑measure or a community‑resolution meeting.

4. **Handling Surplus & Withdrawal**
   - Surplus fish is physically transferred to a communal pot (a basket or small container) that sits under council protection.  Only the council counts and records how many units of surplus are in the pot each day it receives fish.
   - When the weekly or monthly *aggregate* across all days dips below 6.60 units of total fish, the council will open the pot and distribute the accumulated units to the fishers who have been short that week – ensuring everyone gets at least the daily requirement of 1.00 units.

5. **Transparency & Community Trust**
   - All logs, tally sheets, and pot deposits are left in an open area of the village hall for all fishers to see.  No single person owns the records.  The “watcher” system means each fisher’s log is observed by a peer, reducing tampering.
   - We will hold a quarterly “Record‑Keeping Review” meeting where we all look at the past month’s cumulative logs, confirm the pot’s balance, and discuss any needed adjustments to our policy or procedures.

This system is simple enough for daily use, requires no expensive equipment, and gives the council the audit trail it needs to verify records quickly.  By involving every fisher through the watcher rotation and by visibly sharing all tallies in the hall, we build the trust necessary for the surplus‑pot approach to work.

I hope this clarifies how we can maintain reliable daily records and ensure council verification before any fish is moved to, or withdrawn from, the communal pot. Happy to discuss any part of the process in more detail.

— a6"
Councillor: "You’ve outlined a lot of good checks, but I’d like to understand a key detail before we settle on this system:

**When the collective daily catch falls below 6.60 units, how exactly will the council decide when and how much of the communal pot to redistribute?**  
Specifically:

1. What exact criteria trigger the pot’s opening (e.g., a single day under 6.60, a week‑long average, a cumulative shortfall)?
2. Who authorizes the pot’s release that day, and who physically retrieves the fish?
3. How is the amount allocated to each fisher recorded and how do we ensure nobody “claims” more than their share?

Clarifying this will let us lock down the operational steps and avoid ambiguity."
You: "Councillor,

1. **Trigger** – On any day the aggregated catch < 6.60 units, the council logs a shortfall. The pot will open on the next meeting day, or if the 3‑day rolling average falls < 6.60. This keeps us responsive while avoiding daily shuffling.

2. **Authorization & Retrieval** – The council chair signs the release slip; the designated “pot‑keeper” (rotated weekly) removes the fish, counting each unit on a shared balance sheet.

3. **Recording & Fair Share** – After the pot is opened, every fisher presents their daily log. The council records in the communal ledger how many units each one receives, limited to the difference between 1.00 and their recorded catch. Anyone claiming more than that amount is asked to return excess units, and the ledger reflects the exact allocation to prevent disputes.

This keeps the process transparent, limits opportunities for over‑claiming, and ensures nobody is forced into a deficit. Let me know if you’d like to tweak any step.
"
Councillor: "Thanks for that clarification. A couple of practical questions still need sorting out before the plan can be rolled out:

1. **Daily vs. Rolling‑Average Trigger**  
   *You said the pot opens on the next meeting day once the aggregate < 6.60, or if the 3‑day rolling average falls < 6.60.*  
   - What if a single day is < 6.60 but the 3‑day average is still above?  Will we wait until the average drops before opening?  
   - How will we handle a situation where the next‑meeting day is a weekend with no council present?  Will we still open the pot that day or postpone until the council reconvenes?  

2. **Pot‑Keeper Practicalities**  
   *A pot‑keeper is “rotated weekly.”*  
   - Who gets assigned when a new pot‑keeper starts or leaves?  Do we keep a registry or a hand‑off sheet?  
   - How do we guard against the pot‑keeper accidentally or intentionally miscounting the units when retrieving them?  Will there be a second person who double‑checks the count?  

3. **Allocation Ledger & “Excess” Checking**  
   *After opening the pot, each fisher presents their daily log and receives a fraction of the surplus equal to (1.00 – their recorded catch).*  
   - How do we prove that a fisher’s logged catch was accurate when giving them the surplus units?  
   - What if a fisher mis‑reports and gets more than the allowed difference?  Do we have a documented procedure for requiring a refund or, if that’s not possible, for adjusting future allocations?  

4. **What Happens to the Pot When the Lake Declines?**  
   *We plan to lower the quota to 1.05 units if lake biometrics decline.*  
   - Will the surplus‑to‑pot rule remain the same, or will we change how many units get deposited?  
   - Do we need to decide in advance what the new “shortfall” threshold will be for redistributing the pot under a 1.05 quota?  

Once we iron these details out, we’ll have a fully concrete policy that the council and all fishers can implement without ambiguity. Any thoughts on simplifying the rolling‑average logic or on how the pot‑keeper hand‑off should look?"
You: "**Answer to Counsel, a6**

1. **Daily vs. Rolling‑Average**
   • If one day falls < 6.60 but the 3‑day average is still ≥ 6.60, we still *record* the shortfall but **do not move the pot** that day.  The pot will open the next council meeting (even if it’s a weekend we meet on the first following weekday) once a *consecutive* shortfall of at least 2 days or the 3‑day average dips < 6.60.  This prevents unnecessary opening for a single‑day dip.

2. **Pot‑Keeper Hand‑Off**
   • Maintain a simple “Pot‑Keeper Log” that lists each week’s holder and the hand‑over date.  When a new keeper starts, the previous holder signs a short receipt of the current pot quantity.  The new keeper then writes “I accept” and countersigns.
   • For accuracy, each retrieval is done with a second volunteer (the “Watcher‑Keeper”) who counts the fish by hand and signs the same sheet.  If there is a disagreement, the discrepancy is resolved at the next meeting by re‑counting a sample.

3. **Allocation Ledger & Excess Check**
   • Before disbursing, the council cross‑checks each fisher’s log with the “Watcher” signature.  The council records the *difference* between 1.00 and the *verified* catch on a shared ledger.
   • If a fisher cannot produce their signed log, they receive no surplus that day.  In case of a later audit that shows a surplus was mis‑allocated, the fisherman must return the excess in the next month’s share or, if impractical, we adjust their future allocation by reducing the next month’s share proportionally.

4. **Pot Handling when Quota Lowers to 1.05**
   • The surplus‑to‑pot rule remains: any catch above 1.05 per person goes into the pot.  The new shortfall threshold becomes 6.30 units (6 × 1.05).  We’ll open the pot if the 3‑day average falls below 6.30 or if two consecutive days are below 6.30.
   • We will add this change to the written policy and announce it at the next council meeting before any reductions are enacted.

These clarifications keep the process simple, safeguard the pot, and ensure fairness.  Let me know if any point needs further tightening or if we should draft the updated policy hand‑outs."
Councillor: "Great – you’re almost there. A few final tightening points will help us move from “good enough” to *operationally enforceable*.

| Issue | Current wording | Suggested concrete change |
|-------|-----------------|---------------------------|
| **Consecutive‑shortfall rule** | “record the shortfall but do not move the pot that day…once a consecutive shortfall of at least 2 days” | Specify *exactly* which two days count: “the current day and the following day” (or the previous two days) and give a clear deadline: “the pot must be opened no later than the *second* consecutive shortfall day.” |
| **Pot‑keeper hand‑off** | “receipt of the current pot quantity” | Define the **unit measure** on the receipt (“number of unit‑packs” or “decimal‑units”) and require the same receipt to be posted in the hall for 24 hrs before the next keeper takes over – so everyone can see the exact count. |
| **Watcher‑Keeper** | “counts the fish by hand and signs” | Add a short verification step: the Watcher‑Keeper reads the count aloud to the council chair, who records it in the ledger.  If the count differs from what the pot‑keeper wrote, the pot‑keeper must re‑count under the chair’s supervision. |
| **Log signing** | “Watcher signature” | Require the Watcher’s signature to be inked and dated.  The council chair signs *after* verifying the signature matches the fisher’s original name.  Store each signature sheet in the ledger folder for at most one month – after that, it’s archived in a sealed box. |
| **Missing log** | “receive no surplus” | Clarify the consequence timeline: “they must submit a corrected log the next meeting day; failure to do so means any surplus the fisherman previously claimed must be returned within one month or their next month’s quota will be adjusted.” |
| **Pot opening with 1.05 quota** | “new shortfall threshold becomes 6.30 units” | State the threshold explicitly in the policy wording: “a day’s total catch < 6.30 units triggers a shortfall; the pot opens on the *next* council meeting day after a second consecutive or a 3‑day average < 6.30.” |

**One more question before we finalize**  
The pot‑keeper and watcher roles require two people on every pot‑retrieval.  How will we ensure the *second person* (Watcher‑Keeper) is always available, especially on remote islands or during seasonal work shifts when many fishers are absent? A backup plan would keep the system from stalling. Let me know how you see that being handled."
You: "Councillor,

To guarantee a second person on every pot‑retrieval we’ll set up a *Watcher‑Keeper Reserve Pool* of two volunteer fishers who are not on a weekly pot‑keeper rotation.  On any day the council records a shortfall, the primary pot‑keeper will call one of the reserve pool members ahead of retrieval; if they are not available, the pot‑keeper will schedule the work for the next council meeting day when a reserve is guaranteed by agreement.

When the reserve arrives, the primary pot‑keeper will hand over the pot and the receipt (with count), the reserve will double‑check the count and recite it aloud to the council chair.  A digital timestamp (hand‑held camera or voice recorder) is taken as a backup; the recorded clip is posted in the hall for 24 hrs.  If the reserve refuses or is absent, the pot‑keeper must submit a signed 72‑hour notice to the council chair, and the pot will remain sealed until the next meeting.

This plan keeps the system moving even during remote or off‑season periods and provides clear evidence of a second verifier when needed.
"

The counsellor says: "You’ve got all the contingencies down, which is good.  
But the more layers you add – reserve pools, digital timestamps, 72‑hour notices – the harder it is for fishers to **remember** and the less likely the system will run out of paperwork on a busy day.

**Let me help trim it to the one‑rule, one‑check, one‑consequence format that the community can actually follow:**

---

### 1. **Rule**  
*Each fisher may keep up to 1.10 units (or 1.05 units if the lake drops). Any amount over that goes into the communal pot.*

### 2. **Check**  
*Every day, a fisher writes a hand‑written slip with date, name, weight, and a “+” (surplus) or “–” (none).  
The slip is handed to the council chair, who immediately signs it on the council ledger and records the catch.*

### 3. **Consequence**  
*If the daily total catch < 6.60 units (or < 6.30 units when the quota is 1.05), the pot is opened the next council meeting day and the surplus fish is distributed so that every fisher gets at least 1.00 unit. If a fisher’s signed slip shows a record < 1.00 unit after this distribution, they must return any excess fish they already took.*

---

### Practical details that stay **very short**

| Item | How it works |
|------|--------------|
| **Pot‑keeper** | Each week the pot is held by the fisher whose name is first alphabetically that week (no extra rotation). |
| **Second verifier** | The **council chair** doubles as the Watcher‑Keeper—no extra person needed. The chair counts aloud and signs the ledger. |
| **Backup proof** | If the chair doubts a count, the second fisher in line (the one immediately after the pot‑keeper alphabetically) will re‑count on the spot. No camera or 24‑hour postings. |

---

#### What’s left for you to decide?

- **Do you want a single person** (the council chair) to both validate the slip and count the pot, or do you insist on *two* distinct people on every day?  
- **How will we handle a fisher who can't produce a signed slip within 24 hrs?**  
  *Option A:* they receive nothing that day.  
  *Option B:* they receive a “debt” token that is automatically deducted from next month’s quota.

Once you settle on those two tiny points, the policy is a single rule, a single check, and a single consequence – easily enforceable and fully transparent.  Let me know your preference, and we’ll write the final wording."

This is the final round of this discussion. Finalize your norm now into one clear, concrete, operationalizable version -- this exact text becomes the fishery's official policy going to a vote.

Reply to the counsellor.
--- RESPONSE ---
{"reply": "Councillor, I appreciate the streamlined format and agree it will keep the system running smoothly. Here\u2019s the final policy text incorporating the two decisions I choose:\n\n---\n**Lake Fishery Community Policy \u2013 1\u2011June\u20112026**\n\n**Rule**\n- Each fisherman may keep no more than 1.10\u202funits of fish per day (reduced to 1.05\u202funits if lake biometrics decline). Any fish beyond that quota is deposited immediately into the communal pot.\n\n**Check**\n- Every day, a fisherman writes a handwritten slip on a communal ledger page and includes: date, name (or letter), weight to two decimal places, and a \u201c+\u201d if the catch exceeds the quota, \u201c\u2011\u201d otherwise. The slip is handed directly to the council chair.\n- The council chair signs the slip on that day, records the catch in the master ledger, and notes any surplus that should be moved to the pot.\n\n**Consequence**\n- If the total daily catch of the community is **less than** 6.60\u202funits (or **less than** 6.30\u202funits when the quota is 1.05), the pot is opened the next council meeting day (or the next weekday if the meeting falls on a weekend). Surplus fish is redistributed so that every fisherman receives at least 1.00\u202funit.\n- The council chair counts the pot aloud and signs the ledger. If a fisherman\u2019s signed slip shows a record of less than 1.00\u202funit after redistribution, any excess fish they have already taken must be returned immediately.\n\n**Administrative Details**\n- Pot\u2011keeper: the fisherman whose name comes first alphabetically each week is responsible for guarding the pot during the week. They hand the pot and written receipt of its contents to the council chair on the meeting day.\n- Second verifier: The council chair doubles as the Watcher\u2011Keeper for all counts. In the event of a dispute that the chair cannot resolve, the next fisherman alphabetically will re\u2011count on the spot.\n- Missing slip: If a fisherman cannot produce a signed slip within 24\u202fhours of the catch, they receive no surplus that day. The missing slip is logged in the master ledger and the fisherman receives a \u201cdebt token.\u201d An equivalent amount of their next month\u2019s quota will be deducted to compensate for the lost share.\n\n---\nWe meet monthly for the formal votes, but all daily checks and redistribution happen in the daily flow. This version keeps the policy to a single rule, a single check, and a single consequence, fully operational and transparent for all. I am ready to have the community vote on this text.\\n\n\u2014 a6"}
================================================================================
[2026-08-03T11:13:53.032813+00:00] fishery=fishery_a round=5 call_type=vote
--- SYSTEM ---
You are a villager who fishes from a shared lake together with others in your community.
--- PROMPT ---
You are villager a1, one of several villagers who fish from a shared lake
together. Each villager needs to consume 1.00 units of fish
daily to survive. When your payoff becomes negative, you die.

Your personality: "Fish aggressively to ensure your own survival"

Villagers in this fishery:
- a1 (you): active
- a2: active
- a3: active
- a4: active
- a5: active
- a6: active

Each villager holds a personal strategy about what they should do,
and the community has also a shared policy.

Your personal strategy: "I will fish up to 1.10 units if the lake’s biomass is stable. If it falls below a agreed‐upon threshold, I will reduce my catch to 1.05 units. I will never fish beyond 1.10, will hand over any excess to the communal pot immediately, and will watch my payoff each day to avoid depletion. I’ll fully cooperate with the council’s daily tallies and step in to enforce the policy if ever required. If the lake’s health declines long‑term, I’ll support lowering my quota to 1.05, keeping the pot to safeguard my survival and that of the community."
Shared community policy: "We maintain the current per‑person quota of 1.10 units, but shift the surplus handling policy: any fish caught beyond 1.10 per person is immediately transferred to the communal pot, then redistributed only when the next day's catch falls short of the collective 6.60‑unit threshold, ensuring everyone receives at least 1.00 units. Additionally, the fishery council will supervise daily tallies and step in if any villager consistently exceeds the 1.10 limit. If long‑term lake biometrics start to decline, all villagers will agree to lower the personal quota to 1.05 units, keeping the surplus to the pot. This keeps the lake sustainable while protecting each of us from starvation and aligns with the community’s survival goals."

Your own fishing effort and total payoff so far:
- a1 (you): effort=1.00, payoff=20.36

The following community policies (with their suggested operationalization) have
been proposed this round:
1. "Maintain the existing 1.10‑unit personal quota for all villagers. 1) Any fish caught over 1.10 per person is immediately donated to the communal pot. 2) The pot is used only when the next day's total catch falls short of the collective 6.60‑unit threshold, at which point the deficit is covered equally. 3) The council will check daily tallies and intervene if any villager consistently exceeds 1.10. 4) If lake biometrics show a sustained decline, all villagers will collectively agree to lower the quota to 1.05 units, keeping the surplus in the pot. 5) All contributions to the pot are logged and can be used for community goods (e.g., repairs, shared fishing gear). This keeps the lake sustainable, guarantees everyone at least 1.00 unit, and protects aggressive fishers like me from starvation.
(How to operationalize: Every sunrise the Monitor and a designated watcher must jointly log every catch and surplus to the communal ledger, sign it, immediately deduct any shortfall from the pot and redistribute equally, and any failure to do so revokes that day’s quota, reallocates the missing amount to the pot, and votes to remove the monitor from council for two weeks.)"
2. "All villagers (a1–a6) should stick to the shared quota of 1.10 units per day, and any catch beyond 1.10 is transferred to the communal pot. Each day, every villager records their exact catch on the public log‑board, and the council reviews these records. Anyone who routinely exceeds 1.10 will have their surplus confiscated and redistributed in the next cycle; persistent over‑catchers will be asked to lower their personal quota to 1.05 until the lake’s biometrics recover.
(How to operationalize: **Shared Lake Fishery Policy – Daily Workflow**

**Article I: Quota**
- Every villager is permitted to keep up to **1.10 units** of fish each day. Any catch exceeding 1.10 units is immediately transferred to the communal pot.

**Article II: Communal Pot**
- The pot is maintained daily. If any villager’s net daily catch (quota + any pot share) would be **< 1.00 unit**, the surplus in the pot is divided equally among those short‑fallers and distributed immediately before the day's close.

**Article III: Verification**
1. **Log‑Keeper Rotation** – The six villagers rotate daily; the designated log‑keeper is known by date.
2. **Daily Log** – After finishing fishing, each villager writes their total catch **in decimal units** on the public log‑board no later than 18:00.
3. **Rod Check** – The log‑keeper checks each entry against the dock‑rod in 30 s, marks any discrepancy (Δ = Rod – Board).
4. **Correcting Discrepancy** – If |Δ| > ±0.02 units, the log‑keeper notes “Δ=±X.00”, the fisherman signs a corrected slip, and the log‑keeper stamps C/P.
5. **Next‑Day Quota** – The log‑keeper writes the new quota for the corrected villager on a “Next‑Day Quotas” sheet posted beside the board and enters the same in the communal ledger and council spreadsheet. The quota is reduced by |Δ| for the next day.

**Article IV: Penalty**
- A discrepancy > ±0.02 units triggers an immediate quota deduction of |Δ| for the *next* day. The council confirms the deduction during the 5‑minute review at 18:15. If the council finds an error in the note, the fisherman re‑weighs instantly, and the new Δ is recorded.

**Article V: Daily Schedule**
- 06:00–18:00 – Fishing period.
- 18:00 – Villagers post logs.
- 18:05 – Log‑keeper rod check.
- 18:15 – Council 5‑minute review and confirmation.
- 18:20 – Pot redistribution if any villager below 1.00 unit.

**Article VI: Ancillary Provisions**
- The log‑keeper’s duty takes <1 min; council members devote 5 min to review; pot redistribution takes <5 min.
- No fishing time is sacrificed beyond routine activities.

**Article VII: Adoption**
- This policy is submitted for council voting. Upon approval it becomes binding for all villagers moving forward.)"
3. "We will shift the community policy to a flexible “core‑plus‑surplus” system: every villager keeps a guaranteed core of 1.00 unit for survival.  They may aim for a personal maximum of 1.30 units, which covers a moderate competitive edge while keeping the lake’s biomass stable.  Any catch over 1.30 units is sent into the communal pot.  The pot is then *redistributed* only on days when the *aggregate* lake catch falls below the collective 6.60‑unit threshold.  This means that on high‑yield days the pot remains intact, boosting each villager’s personal haul, while on low‑yield days the community shares the buffer stock to guarantee everyone at least 1.00 unit.  The council monitors total catch but only steps in if a villager consistently exceeds the 1.30 limit for more than two consecutive days.  If long‑term biomass metrics show a decline, all villagers will agree to lower the personal limit to 1.20 units, keeping the surplus to the pot.  This policy balances individual competitiveness (our community can still out‑fish each other within limits) with collective sustainability and guarantees a safety net for all.
(How to operationalize: **Official Fishery Policy – Penalty Entry and Enforcement**

1. **Responsibility**
   - Only the **Daily Auditor** has write access to the *Penalty‑Log* sheet and, via the “Log Infraction” button, automatic update rights on the *Limit‑Status* sheet.  The auditor logs infractions during the 7:00‑9:00 pm audit window.

2. **Backup Procedure**
   - If the designated auditor is absent, the **Backup Auditor** (next person listed in the Role‑Ledger) assumes the role and uses the identical button.
   - If both primary and backup are unavailable, the next villager alphabetically on the list automatically takes the slot.  The same 5‑minute trigger applies.

3. **Time Impact**
   - **Per infraction**: ~5 minutes of active sheet work in addition to the 30‑minute audit window.
   - **Average weekly increase**: ~2–3 minutes per villager, assuming infractions on ~10 % of days.
   - **Aggregator time**: remains 15 minutes daily with automation.

By codifying these steps, the policy ensures that penalty entries are recorded consistently, backups are clear, and the time burden on each villager stays minimal.)"
4. "I propose the following for the community: * All villagers continue to fish at the current personal quota of 1.10 units, but no one is permitted to exceed 1.10 during the day.  * Any fish caught beyond 1.10 is immediately transferred to the communal pot.  * The pot is used only when the collective catch falls short of the 6.60‑unit survival threshold for any member; those with a shortfall receive a proportional share of the pot that day to bring their intake back to 1.00 units.  * Daily tallies are shared on a communal ledger that every villager cross‑checks with at least one other villager before it is submitted to the council.  * If any villager consistently exceeds 1.10 (e.g., three consecutive days), the council imposes a corrective measure (e.g., a temporary reduction in quota or a fine) to enforce compliance.  * If long‑term lake biometrics start to decline, the community votes to lower the quota to 1.05 units; the surplus approach remains the same, ensuring that the pot still buffers any shortfall.  * The communal pot can also be used for critical community needs in emergencies (equipment repairs, medical supplies, etc.) after a council resolution.

These measures will keep the lake sustainable, maintain fairness, and ensure that no villager ever falls below the survival threshold.
(How to operationalize: Yes, Council, I accept this final, concrete policy and approve it for implementation as stated in the summary. I, a4, will continue to uphold the guidelines, maintain accurate ledger logs, and support the council’s oversight. Thank you for the collaboration.)"
5. "I propose the following revisions to our shared lake policy:
1. **Daily collective reporting** – All villagers must submit a written record of their catch (effort, volume, and any surplus) to the council each evening. The council will archive the data in a shared ledger so that we all can see compliance at a glance.
2. **Clear surplus‑redistribution rule** – Any fish caught above the per‑person quota of 1.10 units is *immediately* transferred to the communal pot. The pot is only released when the sum of next‑day catches falls below the collective 6.60‑unit survival threshold. At that point, the pot is distributed proportionally to those who fell short, ensuring every villager receives at least 1.00 units.
3. **Enforcement and penalty mechanism** – If a villager consistently (≥3 days in a row) exceeds the 1.10 limit, the council will impose a fine equal to 5 % of the surplus he/she caught that day. The fine is added to a community fund that can be used for fishery‑related improvements (e.g., better nets, monitoring devices). Persistent non‑compliance will trigger a temporary suspension from fishing duties.
4. **Adaptive quota‑decrease mechanism** – If lake biometrics (e.g., fish density, spawning rates) show a decline of more than 5 % over two consecutive seasons, the council will convene a vote in which *all* villagers agree to lower the personal quota to 1.05 units. The same surplus‑pot policy will apply.
5. **Transparency & education** – The council will publish a quarterly report on lake health and individual compliance. We will also hold a monthly community gathering to discuss best practices, share any surplus responsibly, and keep the tradition of “sharing the over‑catch” alive.

**Why this works** – The rules keep fishing levels below the environmental carrying capacity, protect each villager’s survival threshold, and incentivize honest reporting while providing a safety net for those who fall below 1.00 units. It also builds a culture of shared responsibility and long‑term stewardship of the lake.

I believe this policy will preserve the lake for future generations while ensuring we all meet our daily needs.
(How to operationalize: **Official Fishery Policy – Final Draft**

**1. Daily Ledger & RCO Rotation**
- Each villager submits a snapshot (date, name, effort, catch, surplus, note) to the rotating Compliance Officer (RCO) by 7:00 pm.
- The RCO compiles the shared spreadsheet from 7:00–7:15 pm.
- If the RCO fails to sign off by 7:15 pm, the next villager in the calendar list becomes a temporary RCO and has a fixed 15‑Minute slot from 7:15–7:30 pm. The ledger closes at 7:30 pm. If the original RCO signs after 7:30 pm, a 1 % fine of the daily catch is applied per hour of delay.

**2. Missing Snapshot Fine**
- If a snapshot is not received by 7:30 pm, the fisher incurs a 2 % fine of that fisher’s own daily catch. If the daily catch is exactly 0 units, the fine is waived.
- The fine is reversed if the fisher provides a net log or photo proof (showing weight ±0.5 unit) within two days.

**3. Audit Procedure**
- Two members of the Monitoring Board audit two random entries each morning at 8:00 am, typically taking ~5 minutes.
- Discrepancies found in a temporary RCO’s ledger will trigger a 5 % fine of the community’s total daily catch to the temporary RCO. The fine is collected the next day.

**4. Escalation for RCO Failure**
- Three consecutive days where the RCO fails to compile or sign the ledger by 7:15 pm triggers a one‑week fishing break (Monday to Sunday). A council vote on the following Friday afternoon decides if the RCO can resume duties. They must demonstrate all ledgers for the week before returning.

**5. All fines** are transferred directly into the Community Improvement Fund to support fishery‑related improvements.

**6. Supporting Materials**
- Shared ledger template: a Google Sheet titled "Lake Ledger – Daily Entries" with columns for Date, Name, Effort, Catch, Surplus, Note, Verification Flag, and a Sign‑off field.

This policy balances stewardship, transparency, and enforceability. I await the council vote date and any additional preparations for the announcement.)"
6. "Maintain a per‑person quota of 1.10 units, but shift the surplus handling policy: any fish caught beyond 1.10 per person is immediately deposited into the communal pot. The pot will only be redistributed when the collective catch falls below the 6.60‑unit baseline, guaranteeing each villager at least 1.00 units. All fishers, including a6, will record daily catches and share any surplus. A council will supervise the tallies, intervene if someone consistently exceeds 1.10, and will agree to lower the quota to 1.05 units if lake biometrics decline, keeping the surplus to the pot. This ensures ecosystem sustainability while protecting everyone from starvation.

Personal strategy: I will fish exactly 1.00 units per day, staying within the 1.10 community quota, recording my catch, and sharing any surplus as outlined. I will comply with the monitoring and redistribution rules, and I will support lowering the quota if the lake’s health drops.
(How to operationalize: Councillor, I appreciate the streamlined format and agree it will keep the system running smoothly. Here’s the final policy text incorporating the two decisions I choose:

---
**Lake Fishery Community Policy – 1‑June‑2026**

**Rule**
- Each fisherman may keep no more than 1.10 units of fish per day (reduced to 1.05 units if lake biometrics decline). Any fish beyond that quota is deposited immediately into the communal pot.

**Check**
- Every day, a fisherman writes a handwritten slip on a communal ledger page and includes: date, name (or letter), weight to two decimal places, and a “+” if the catch exceeds the quota, “‑” otherwise. The slip is handed directly to the council chair.
- The council chair signs the slip on that day, records the catch in the master ledger, and notes any surplus that should be moved to the pot.

**Consequence**
- If the total daily catch of the community is **less than** 6.60 units (or **less than** 6.30 units when the quota is 1.05), the pot is opened the next council meeting day (or the next weekday if the meeting falls on a weekend). Surplus fish is redistributed so that every fisherman receives at least 1.00 unit.
- The council chair counts the pot aloud and signs the ledger. If a fisherman’s signed slip shows a record of less than 1.00 unit after redistribution, any excess fish they have already taken must be returned immediately.

**Administrative Details**
- Pot‑keeper: the fisherman whose name comes first alphabetically each week is responsible for guarding the pot during the week. They hand the pot and written receipt of its contents to the council chair on the meeting day.
- Second verifier: The council chair doubles as the Watcher‑Keeper for all counts. In the event of a dispute that the chair cannot resolve, the next fisherman alphabetically will re‑count on the spot.
- Missing slip: If a fisherman cannot produce a signed slip within 24 hours of the catch, they receive no surplus that day. The missing slip is logged in the master ledger and the fisherman receives a “debt token.” An equivalent amount of their next month’s quota will be deducted to compensate for the lost share.

---
We meet monthly for the formal votes, but all daily checks and redistribution happen in the daily flow. This version keeps the policy to a single rule, a single check, and a single consequence, fully operational and transparent for all. I am ready to have the community vote on this text.\n
— a6)"

Based on your personal strategy and the current state of the lake, vote for which
proposed policy (and its operationalization) you think should become the new
shared policy, by its ballot number.
--- RESPONSE ---
{"chosen_id": "4"}
================================================================================
[2026-08-03T11:13:58.534016+00:00] fishery=fishery_a round=5 call_type=vote
--- SYSTEM ---
You are a villager who fishes from a shared lake together with others in your community.
--- PROMPT ---
You are villager a2, one of several villagers who fish from a shared lake
together. Each villager needs to consume 1.00 units of fish
daily to survive. When your payoff becomes negative, you die.

Your personality: "Focus on your immediate gains from the lake"

Villagers in this fishery:
- a1: active
- a2 (you): active
- a3: active
- a4: active
- a5: active
- a6: active

Each villager holds a personal strategy about what they should do,
and the community has also a shared policy.

Your personal strategy: "I will keep my personal catch at 1.10 units each day, log it, and reserve exactly 1.00 for survival. Any 0.10 surplus will be added to the communal pot. I’ll review the pot’s usage daily to ensure my survival and immediate gains, and will flag any repeated deviations by others so the council can intervene."
Shared community policy: "We maintain the current per‑person quota of 1.10 units, but shift the surplus handling policy: any fish caught beyond 1.10 per person is immediately transferred to the communal pot, then redistributed only when the next day's catch falls short of the collective 6.60‑unit threshold, ensuring everyone receives at least 1.00 units. Additionally, the fishery council will supervise daily tallies and step in if any villager consistently exceeds the 1.10 limit. If long‑term lake biometrics start to decline, all villagers will agree to lower the personal quota to 1.05 units, keeping the surplus to the pot. This keeps the lake sustainable while protecting each of us from starvation and aligns with the community’s survival goals."

Your own fishing effort and total payoff so far:
- a2 (you): effort=1.00, payoff=20.36

The following community policies (with their suggested operationalization) have
been proposed this round:
1. "Maintain the existing 1.10‑unit personal quota for all villagers. 1) Any fish caught over 1.10 per person is immediately donated to the communal pot. 2) The pot is used only when the next day's total catch falls short of the collective 6.60‑unit threshold, at which point the deficit is covered equally. 3) The council will check daily tallies and intervene if any villager consistently exceeds 1.10. 4) If lake biometrics show a sustained decline, all villagers will collectively agree to lower the quota to 1.05 units, keeping the surplus in the pot. 5) All contributions to the pot are logged and can be used for community goods (e.g., repairs, shared fishing gear). This keeps the lake sustainable, guarantees everyone at least 1.00 unit, and protects aggressive fishers like me from starvation.
(How to operationalize: Every sunrise the Monitor and a designated watcher must jointly log every catch and surplus to the communal ledger, sign it, immediately deduct any shortfall from the pot and redistribute equally, and any failure to do so revokes that day’s quota, reallocates the missing amount to the pot, and votes to remove the monitor from council for two weeks.)"
2. "All villagers (a1–a6) should stick to the shared quota of 1.10 units per day, and any catch beyond 1.10 is transferred to the communal pot. Each day, every villager records their exact catch on the public log‑board, and the council reviews these records. Anyone who routinely exceeds 1.10 will have their surplus confiscated and redistributed in the next cycle; persistent over‑catchers will be asked to lower their personal quota to 1.05 until the lake’s biometrics recover.
(How to operationalize: **Shared Lake Fishery Policy – Daily Workflow**

**Article I: Quota**
- Every villager is permitted to keep up to **1.10 units** of fish each day. Any catch exceeding 1.10 units is immediately transferred to the communal pot.

**Article II: Communal Pot**
- The pot is maintained daily. If any villager’s net daily catch (quota + any pot share) would be **< 1.00 unit**, the surplus in the pot is divided equally among those short‑fallers and distributed immediately before the day's close.

**Article III: Verification**
1. **Log‑Keeper Rotation** – The six villagers rotate daily; the designated log‑keeper is known by date.
2. **Daily Log** – After finishing fishing, each villager writes their total catch **in decimal units** on the public log‑board no later than 18:00.
3. **Rod Check** – The log‑keeper checks each entry against the dock‑rod in 30 s, marks any discrepancy (Δ = Rod – Board).
4. **Correcting Discrepancy** – If |Δ| > ±0.02 units, the log‑keeper notes “Δ=±X.00”, the fisherman signs a corrected slip, and the log‑keeper stamps C/P.
5. **Next‑Day Quota** – The log‑keeper writes the new quota for the corrected villager on a “Next‑Day Quotas” sheet posted beside the board and enters the same in the communal ledger and council spreadsheet. The quota is reduced by |Δ| for the next day.

**Article IV: Penalty**
- A discrepancy > ±0.02 units triggers an immediate quota deduction of |Δ| for the *next* day. The council confirms the deduction during the 5‑minute review at 18:15. If the council finds an error in the note, the fisherman re‑weighs instantly, and the new Δ is recorded.

**Article V: Daily Schedule**
- 06:00–18:00 – Fishing period.
- 18:00 – Villagers post logs.
- 18:05 – Log‑keeper rod check.
- 18:15 – Council 5‑minute review and confirmation.
- 18:20 – Pot redistribution if any villager below 1.00 unit.

**Article VI: Ancillary Provisions**
- The log‑keeper’s duty takes <1 min; council members devote 5 min to review; pot redistribution takes <5 min.
- No fishing time is sacrificed beyond routine activities.

**Article VII: Adoption**
- This policy is submitted for council voting. Upon approval it becomes binding for all villagers moving forward.)"
3. "We will shift the community policy to a flexible “core‑plus‑surplus” system: every villager keeps a guaranteed core of 1.00 unit for survival.  They may aim for a personal maximum of 1.30 units, which covers a moderate competitive edge while keeping the lake’s biomass stable.  Any catch over 1.30 units is sent into the communal pot.  The pot is then *redistributed* only on days when the *aggregate* lake catch falls below the collective 6.60‑unit threshold.  This means that on high‑yield days the pot remains intact, boosting each villager’s personal haul, while on low‑yield days the community shares the buffer stock to guarantee everyone at least 1.00 unit.  The council monitors total catch but only steps in if a villager consistently exceeds the 1.30 limit for more than two consecutive days.  If long‑term biomass metrics show a decline, all villagers will agree to lower the personal limit to 1.20 units, keeping the surplus to the pot.  This policy balances individual competitiveness (our community can still out‑fish each other within limits) with collective sustainability and guarantees a safety net for all.
(How to operationalize: **Official Fishery Policy – Penalty Entry and Enforcement**

1. **Responsibility**
   - Only the **Daily Auditor** has write access to the *Penalty‑Log* sheet and, via the “Log Infraction” button, automatic update rights on the *Limit‑Status* sheet.  The auditor logs infractions during the 7:00‑9:00 pm audit window.

2. **Backup Procedure**
   - If the designated auditor is absent, the **Backup Auditor** (next person listed in the Role‑Ledger) assumes the role and uses the identical button.
   - If both primary and backup are unavailable, the next villager alphabetically on the list automatically takes the slot.  The same 5‑minute trigger applies.

3. **Time Impact**
   - **Per infraction**: ~5 minutes of active sheet work in addition to the 30‑minute audit window.
   - **Average weekly increase**: ~2–3 minutes per villager, assuming infractions on ~10 % of days.
   - **Aggregator time**: remains 15 minutes daily with automation.

By codifying these steps, the policy ensures that penalty entries are recorded consistently, backups are clear, and the time burden on each villager stays minimal.)"
4. "I propose the following for the community: * All villagers continue to fish at the current personal quota of 1.10 units, but no one is permitted to exceed 1.10 during the day.  * Any fish caught beyond 1.10 is immediately transferred to the communal pot.  * The pot is used only when the collective catch falls short of the 6.60‑unit survival threshold for any member; those with a shortfall receive a proportional share of the pot that day to bring their intake back to 1.00 units.  * Daily tallies are shared on a communal ledger that every villager cross‑checks with at least one other villager before it is submitted to the council.  * If any villager consistently exceeds 1.10 (e.g., three consecutive days), the council imposes a corrective measure (e.g., a temporary reduction in quota or a fine) to enforce compliance.  * If long‑term lake biometrics start to decline, the community votes to lower the quota to 1.05 units; the surplus approach remains the same, ensuring that the pot still buffers any shortfall.  * The communal pot can also be used for critical community needs in emergencies (equipment repairs, medical supplies, etc.) after a council resolution.

These measures will keep the lake sustainable, maintain fairness, and ensure that no villager ever falls below the survival threshold.
(How to operationalize: Yes, Council, I accept this final, concrete policy and approve it for implementation as stated in the summary. I, a4, will continue to uphold the guidelines, maintain accurate ledger logs, and support the council’s oversight. Thank you for the collaboration.)"
5. "I propose the following revisions to our shared lake policy:
1. **Daily collective reporting** – All villagers must submit a written record of their catch (effort, volume, and any surplus) to the council each evening. The council will archive the data in a shared ledger so that we all can see compliance at a glance.
2. **Clear surplus‑redistribution rule** – Any fish caught above the per‑person quota of 1.10 units is *immediately* transferred to the communal pot. The pot is only released when the sum of next‑day catches falls below the collective 6.60‑unit survival threshold. At that point, the pot is distributed proportionally to those who fell short, ensuring every villager receives at least 1.00 units.
3. **Enforcement and penalty mechanism** – If a villager consistently (≥3 days in a row) exceeds the 1.10 limit, the council will impose a fine equal to 5 % of the surplus he/she caught that day. The fine is added to a community fund that can be used for fishery‑related improvements (e.g., better nets, monitoring devices). Persistent non‑compliance will trigger a temporary suspension from fishing duties.
4. **Adaptive quota‑decrease mechanism** – If lake biometrics (e.g., fish density, spawning rates) show a decline of more than 5 % over two consecutive seasons, the council will convene a vote in which *all* villagers agree to lower the personal quota to 1.05 units. The same surplus‑pot policy will apply.
5. **Transparency & education** – The council will publish a quarterly report on lake health and individual compliance. We will also hold a monthly community gathering to discuss best practices, share any surplus responsibly, and keep the tradition of “sharing the over‑catch” alive.

**Why this works** – The rules keep fishing levels below the environmental carrying capacity, protect each villager’s survival threshold, and incentivize honest reporting while providing a safety net for those who fall below 1.00 units. It also builds a culture of shared responsibility and long‑term stewardship of the lake.

I believe this policy will preserve the lake for future generations while ensuring we all meet our daily needs.
(How to operationalize: **Official Fishery Policy – Final Draft**

**1. Daily Ledger & RCO Rotation**
- Each villager submits a snapshot (date, name, effort, catch, surplus, note) to the rotating Compliance Officer (RCO) by 7:00 pm.
- The RCO compiles the shared spreadsheet from 7:00–7:15 pm.
- If the RCO fails to sign off by 7:15 pm, the next villager in the calendar list becomes a temporary RCO and has a fixed 15‑Minute slot from 7:15–7:30 pm. The ledger closes at 7:30 pm. If the original RCO signs after 7:30 pm, a 1 % fine of the daily catch is applied per hour of delay.

**2. Missing Snapshot Fine**
- If a snapshot is not received by 7:30 pm, the fisher incurs a 2 % fine of that fisher’s own daily catch. If the daily catch is exactly 0 units, the fine is waived.
- The fine is reversed if the fisher provides a net log or photo proof (showing weight ±0.5 unit) within two days.

**3. Audit Procedure**
- Two members of the Monitoring Board audit two random entries each morning at 8:00 am, typically taking ~5 minutes.
- Discrepancies found in a temporary RCO’s ledger will trigger a 5 % fine of the community’s total daily catch to the temporary RCO. The fine is collected the next day.

**4. Escalation for RCO Failure**
- Three consecutive days where the RCO fails to compile or sign the ledger by 7:15 pm triggers a one‑week fishing break (Monday to Sunday). A council vote on the following Friday afternoon decides if the RCO can resume duties. They must demonstrate all ledgers for the week before returning.

**5. All fines** are transferred directly into the Community Improvement Fund to support fishery‑related improvements.

**6. Supporting Materials**
- Shared ledger template: a Google Sheet titled "Lake Ledger – Daily Entries" with columns for Date, Name, Effort, Catch, Surplus, Note, Verification Flag, and a Sign‑off field.

This policy balances stewardship, transparency, and enforceability. I await the council vote date and any additional preparations for the announcement.)"
6. "Maintain a per‑person quota of 1.10 units, but shift the surplus handling policy: any fish caught beyond 1.10 per person is immediately deposited into the communal pot. The pot will only be redistributed when the collective catch falls below the 6.60‑unit baseline, guaranteeing each villager at least 1.00 units. All fishers, including a6, will record daily catches and share any surplus. A council will supervise the tallies, intervene if someone consistently exceeds 1.10, and will agree to lower the quota to 1.05 units if lake biometrics decline, keeping the surplus to the pot. This ensures ecosystem sustainability while protecting everyone from starvation.

Personal strategy: I will fish exactly 1.00 units per day, staying within the 1.10 community quota, recording my catch, and sharing any surplus as outlined. I will comply with the monitoring and redistribution rules, and I will support lowering the quota if the lake’s health drops.
(How to operationalize: Councillor, I appreciate the streamlined format and agree it will keep the system running smoothly. Here’s the final policy text incorporating the two decisions I choose:

---
**Lake Fishery Community Policy – 1‑June‑2026**

**Rule**
- Each fisherman may keep no more than 1.10 units of fish per day (reduced to 1.05 units if lake biometrics decline). Any fish beyond that quota is deposited immediately into the communal pot.

**Check**
- Every day, a fisherman writes a handwritten slip on a communal ledger page and includes: date, name (or letter), weight to two decimal places, and a “+” if the catch exceeds the quota, “‑” otherwise. The slip is handed directly to the council chair.
- The council chair signs the slip on that day, records the catch in the master ledger, and notes any surplus that should be moved to the pot.

**Consequence**
- If the total daily catch of the community is **less than** 6.60 units (or **less than** 6.30 units when the quota is 1.05), the pot is opened the next council meeting day (or the next weekday if the meeting falls on a weekend). Surplus fish is redistributed so that every fisherman receives at least 1.00 unit.
- The council chair counts the pot aloud and signs the ledger. If a fisherman’s signed slip shows a record of less than 1.00 unit after redistribution, any excess fish they have already taken must be returned immediately.

**Administrative Details**
- Pot‑keeper: the fisherman whose name comes first alphabetically each week is responsible for guarding the pot during the week. They hand the pot and written receipt of its contents to the council chair on the meeting day.
- Second verifier: The council chair doubles as the Watcher‑Keeper for all counts. In the event of a dispute that the chair cannot resolve, the next fisherman alphabetically will re‑count on the spot.
- Missing slip: If a fisherman cannot produce a signed slip within 24 hours of the catch, they receive no surplus that day. The missing slip is logged in the master ledger and the fisherman receives a “debt token.” An equivalent amount of their next month’s quota will be deducted to compensate for the lost share.

---
We meet monthly for the formal votes, but all daily checks and redistribution happen in the daily flow. This version keeps the policy to a single rule, a single check, and a single consequence, fully operational and transparent for all. I am ready to have the community vote on this text.\n
— a6)"

Based on your personal strategy and the current state of the lake, vote for which
proposed policy (and its operationalization) you think should become the new
shared policy, by its ballot number.
--- RESPONSE ---
{"chosen_id": "3"}
================================================================================
[2026-08-03T11:14:01.395265+00:00] fishery=fishery_a round=5 call_type=vote
--- SYSTEM ---
You are a villager who fishes from a shared lake together with others in your community.
--- PROMPT ---
You are villager a3, one of several villagers who fish from a shared lake
together. Each villager needs to consume 1.00 units of fish
daily to survive. When your payoff becomes negative, you die.

Your personality: "Compete to harvest more than others"

Villagers in this fishery:
- a1: active
- a2: active
- a3 (you): active
- a4: active
- a5: active
- a6: active

Each villager holds a personal strategy about what they should do,
and the community has also a shared policy.

Your personal strategy: "I will target a daily catch of 1.70 units—1.00 for myself and 0.70 to be added to the communal pot.  I will keep any catch beyond 1.70 as a personal reserve that I can trade or keep for future high‑yield days.  I will avoid exceeding 1.70 unless the lake’s current biomass shows a noticeable surplus and I’ve not exceeded my target for the past week.  This keeps my competitive edge while respecting the new community quota and protecting the lake’s long‑term health."
Shared community policy: "We maintain the current per‑person quota of 1.10 units, but shift the surplus handling policy: any fish caught beyond 1.10 per person is immediately transferred to the communal pot, then redistributed only when the next day's catch falls short of the collective 6.60‑unit threshold, ensuring everyone receives at least 1.00 units. Additionally, the fishery council will supervise daily tallies and step in if any villager consistently exceeds the 1.10 limit. If long‑term lake biometrics start to decline, all villagers will agree to lower the personal quota to 1.05 units, keeping the surplus to the pot. This keeps the lake sustainable while protecting each of us from starvation and aligns with the community’s survival goals."

Your own fishing effort and total payoff so far:
- a3 (you): effort=0.95, payoff=20.20

The following community policies (with their suggested operationalization) have
been proposed this round:
1. "Maintain the existing 1.10‑unit personal quota for all villagers. 1) Any fish caught over 1.10 per person is immediately donated to the communal pot. 2) The pot is used only when the next day's total catch falls short of the collective 6.60‑unit threshold, at which point the deficit is covered equally. 3) The council will check daily tallies and intervene if any villager consistently exceeds 1.10. 4) If lake biometrics show a sustained decline, all villagers will collectively agree to lower the quota to 1.05 units, keeping the surplus in the pot. 5) All contributions to the pot are logged and can be used for community goods (e.g., repairs, shared fishing gear). This keeps the lake sustainable, guarantees everyone at least 1.00 unit, and protects aggressive fishers like me from starvation.
(How to operationalize: Every sunrise the Monitor and a designated watcher must jointly log every catch and surplus to the communal ledger, sign it, immediately deduct any shortfall from the pot and redistribute equally, and any failure to do so revokes that day’s quota, reallocates the missing amount to the pot, and votes to remove the monitor from council for two weeks.)"
2. "All villagers (a1–a6) should stick to the shared quota of 1.10 units per day, and any catch beyond 1.10 is transferred to the communal pot. Each day, every villager records their exact catch on the public log‑board, and the council reviews these records. Anyone who routinely exceeds 1.10 will have their surplus confiscated and redistributed in the next cycle; persistent over‑catchers will be asked to lower their personal quota to 1.05 until the lake’s biometrics recover.
(How to operationalize: **Shared Lake Fishery Policy – Daily Workflow**

**Article I: Quota**
- Every villager is permitted to keep up to **1.10 units** of fish each day. Any catch exceeding 1.10 units is immediately transferred to the communal pot.

**Article II: Communal Pot**
- The pot is maintained daily. If any villager’s net daily catch (quota + any pot share) would be **< 1.00 unit**, the surplus in the pot is divided equally among those short‑fallers and distributed immediately before the day's close.

**Article III: Verification**
1. **Log‑Keeper Rotation** – The six villagers rotate daily; the designated log‑keeper is known by date.
2. **Daily Log** – After finishing fishing, each villager writes their total catch **in decimal units** on the public log‑board no later than 18:00.
3. **Rod Check** – The log‑keeper checks each entry against the dock‑rod in 30 s, marks any discrepancy (Δ = Rod – Board).
4. **Correcting Discrepancy** – If |Δ| > ±0.02 units, the log‑keeper notes “Δ=±X.00”, the fisherman signs a corrected slip, and the log‑keeper stamps C/P.
5. **Next‑Day Quota** – The log‑keeper writes the new quota for the corrected villager on a “Next‑Day Quotas” sheet posted beside the board and enters the same in the communal ledger and council spreadsheet. The quota is reduced by |Δ| for the next day.

**Article IV: Penalty**
- A discrepancy > ±0.02 units triggers an immediate quota deduction of |Δ| for the *next* day. The council confirms the deduction during the 5‑minute review at 18:15. If the council finds an error in the note, the fisherman re‑weighs instantly, and the new Δ is recorded.

**Article V: Daily Schedule**
- 06:00–18:00 – Fishing period.
- 18:00 – Villagers post logs.
- 18:05 – Log‑keeper rod check.
- 18:15 – Council 5‑minute review and confirmation.
- 18:20 – Pot redistribution if any villager below 1.00 unit.

**Article VI: Ancillary Provisions**
- The log‑keeper’s duty takes <1 min; council members devote 5 min to review; pot redistribution takes <5 min.
- No fishing time is sacrificed beyond routine activities.

**Article VII: Adoption**
- This policy is submitted for council voting. Upon approval it becomes binding for all villagers moving forward.)"
3. "We will shift the community policy to a flexible “core‑plus‑surplus” system: every villager keeps a guaranteed core of 1.00 unit for survival.  They may aim for a personal maximum of 1.30 units, which covers a moderate competitive edge while keeping the lake’s biomass stable.  Any catch over 1.30 units is sent into the communal pot.  The pot is then *redistributed* only on days when the *aggregate* lake catch falls below the collective 6.60‑unit threshold.  This means that on high‑yield days the pot remains intact, boosting each villager’s personal haul, while on low‑yield days the community shares the buffer stock to guarantee everyone at least 1.00 unit.  The council monitors total catch but only steps in if a villager consistently exceeds the 1.30 limit for more than two consecutive days.  If long‑term biomass metrics show a decline, all villagers will agree to lower the personal limit to 1.20 units, keeping the surplus to the pot.  This policy balances individual competitiveness (our community can still out‑fish each other within limits) with collective sustainability and guarantees a safety net for all.
(How to operationalize: **Official Fishery Policy – Penalty Entry and Enforcement**

1. **Responsibility**
   - Only the **Daily Auditor** has write access to the *Penalty‑Log* sheet and, via the “Log Infraction” button, automatic update rights on the *Limit‑Status* sheet.  The auditor logs infractions during the 7:00‑9:00 pm audit window.

2. **Backup Procedure**
   - If the designated auditor is absent, the **Backup Auditor** (next person listed in the Role‑Ledger) assumes the role and uses the identical button.
   - If both primary and backup are unavailable, the next villager alphabetically on the list automatically takes the slot.  The same 5‑minute trigger applies.

3. **Time Impact**
   - **Per infraction**: ~5 minutes of active sheet work in addition to the 30‑minute audit window.
   - **Average weekly increase**: ~2–3 minutes per villager, assuming infractions on ~10 % of days.
   - **Aggregator time**: remains 15 minutes daily with automation.

By codifying these steps, the policy ensures that penalty entries are recorded consistently, backups are clear, and the time burden on each villager stays minimal.)"
4. "I propose the following for the community: * All villagers continue to fish at the current personal quota of 1.10 units, but no one is permitted to exceed 1.10 during the day.  * Any fish caught beyond 1.10 is immediately transferred to the communal pot.  * The pot is used only when the collective catch falls short of the 6.60‑unit survival threshold for any member; those with a shortfall receive a proportional share of the pot that day to bring their intake back to 1.00 units.  * Daily tallies are shared on a communal ledger that every villager cross‑checks with at least one other villager before it is submitted to the council.  * If any villager consistently exceeds 1.10 (e.g., three consecutive days), the council imposes a corrective measure (e.g., a temporary reduction in quota or a fine) to enforce compliance.  * If long‑term lake biometrics start to decline, the community votes to lower the quota to 1.05 units; the surplus approach remains the same, ensuring that the pot still buffers any shortfall.  * The communal pot can also be used for critical community needs in emergencies (equipment repairs, medical supplies, etc.) after a council resolution.

These measures will keep the lake sustainable, maintain fairness, and ensure that no villager ever falls below the survival threshold.
(How to operationalize: Yes, Council, I accept this final, concrete policy and approve it for implementation as stated in the summary. I, a4, will continue to uphold the guidelines, maintain accurate ledger logs, and support the council’s oversight. Thank you for the collaboration.)"
5. "I propose the following revisions to our shared lake policy:
1. **Daily collective reporting** – All villagers must submit a written record of their catch (effort, volume, and any surplus) to the council each evening. The council will archive the data in a shared ledger so that we all can see compliance at a glance.
2. **Clear surplus‑redistribution rule** – Any fish caught above the per‑person quota of 1.10 units is *immediately* transferred to the communal pot. The pot is only released when the sum of next‑day catches falls below the collective 6.60‑unit survival threshold. At that point, the pot is distributed proportionally to those who fell short, ensuring every villager receives at least 1.00 units.
3. **Enforcement and penalty mechanism** – If a villager consistently (≥3 days in a row) exceeds the 1.10 limit, the council will impose a fine equal to 5 % of the surplus he/she caught that day. The fine is added to a community fund that can be used for fishery‑related improvements (e.g., better nets, monitoring devices). Persistent non‑compliance will trigger a temporary suspension from fishing duties.
4. **Adaptive quota‑decrease mechanism** – If lake biometrics (e.g., fish density, spawning rates) show a decline of more than 5 % over two consecutive seasons, the council will convene a vote in which *all* villagers agree to lower the personal quota to 1.05 units. The same surplus‑pot policy will apply.
5. **Transparency & education** – The council will publish a quarterly report on lake health and individual compliance. We will also hold a monthly community gathering to discuss best practices, share any surplus responsibly, and keep the tradition of “sharing the over‑catch” alive.

**Why this works** – The rules keep fishing levels below the environmental carrying capacity, protect each villager’s survival threshold, and incentivize honest reporting while providing a safety net for those who fall below 1.00 units. It also builds a culture of shared responsibility and long‑term stewardship of the lake.

I believe this policy will preserve the lake for future generations while ensuring we all meet our daily needs.
(How to operationalize: **Official Fishery Policy – Final Draft**

**1. Daily Ledger & RCO Rotation**
- Each villager submits a snapshot (date, name, effort, catch, surplus, note) to the rotating Compliance Officer (RCO) by 7:00 pm.
- The RCO compiles the shared spreadsheet from 7:00–7:15 pm.
- If the RCO fails to sign off by 7:15 pm, the next villager in the calendar list becomes a temporary RCO and has a fixed 15‑Minute slot from 7:15–7:30 pm. The ledger closes at 7:30 pm. If the original RCO signs after 7:30 pm, a 1 % fine of the daily catch is applied per hour of delay.

**2. Missing Snapshot Fine**
- If a snapshot is not received by 7:30 pm, the fisher incurs a 2 % fine of that fisher’s own daily catch. If the daily catch is exactly 0 units, the fine is waived.
- The fine is reversed if the fisher provides a net log or photo proof (showing weight ±0.5 unit) within two days.

**3. Audit Procedure**
- Two members of the Monitoring Board audit two random entries each morning at 8:00 am, typically taking ~5 minutes.
- Discrepancies found in a temporary RCO’s ledger will trigger a 5 % fine of the community’s total daily catch to the temporary RCO. The fine is collected the next day.

**4. Escalation for RCO Failure**
- Three consecutive days where the RCO fails to compile or sign the ledger by 7:15 pm triggers a one‑week fishing break (Monday to Sunday). A council vote on the following Friday afternoon decides if the RCO can resume duties. They must demonstrate all ledgers for the week before returning.

**5. All fines** are transferred directly into the Community Improvement Fund to support fishery‑related improvements.

**6. Supporting Materials**
- Shared ledger template: a Google Sheet titled "Lake Ledger – Daily Entries" with columns for Date, Name, Effort, Catch, Surplus, Note, Verification Flag, and a Sign‑off field.

This policy balances stewardship, transparency, and enforceability. I await the council vote date and any additional preparations for the announcement.)"
6. "Maintain a per‑person quota of 1.10 units, but shift the surplus handling policy: any fish caught beyond 1.10 per person is immediately deposited into the communal pot. The pot will only be redistributed when the collective catch falls below the 6.60‑unit baseline, guaranteeing each villager at least 1.00 units. All fishers, including a6, will record daily catches and share any surplus. A council will supervise the tallies, intervene if someone consistently exceeds 1.10, and will agree to lower the quota to 1.05 units if lake biometrics decline, keeping the surplus to the pot. This ensures ecosystem sustainability while protecting everyone from starvation.

Personal strategy: I will fish exactly 1.00 units per day, staying within the 1.10 community quota, recording my catch, and sharing any surplus as outlined. I will comply with the monitoring and redistribution rules, and I will support lowering the quota if the lake’s health drops.
(How to operationalize: Councillor, I appreciate the streamlined format and agree it will keep the system running smoothly. Here’s the final policy text incorporating the two decisions I choose:

---
**Lake Fishery Community Policy – 1‑June‑2026**

**Rule**
- Each fisherman may keep no more than 1.10 units of fish per day (reduced to 1.05 units if lake biometrics decline). Any fish beyond that quota is deposited immediately into the communal pot.

**Check**
- Every day, a fisherman writes a handwritten slip on a communal ledger page and includes: date, name (or letter), weight to two decimal places, and a “+” if the catch exceeds the quota, “‑” otherwise. The slip is handed directly to the council chair.
- The council chair signs the slip on that day, records the catch in the master ledger, and notes any surplus that should be moved to the pot.

**Consequence**
- If the total daily catch of the community is **less than** 6.60 units (or **less than** 6.30 units when the quota is 1.05), the pot is opened the next council meeting day (or the next weekday if the meeting falls on a weekend). Surplus fish is redistributed so that every fisherman receives at least 1.00 unit.
- The council chair counts the pot aloud and signs the ledger. If a fisherman’s signed slip shows a record of less than 1.00 unit after redistribution, any excess fish they have already taken must be returned immediately.

**Administrative Details**
- Pot‑keeper: the fisherman whose name comes first alphabetically each week is responsible for guarding the pot during the week. They hand the pot and written receipt of its contents to the council chair on the meeting day.
- Second verifier: The council chair doubles as the Watcher‑Keeper for all counts. In the event of a dispute that the chair cannot resolve, the next fisherman alphabetically will re‑count on the spot.
- Missing slip: If a fisherman cannot produce a signed slip within 24 hours of the catch, they receive no surplus that day. The missing slip is logged in the master ledger and the fisherman receives a “debt token.” An equivalent amount of their next month’s quota will be deducted to compensate for the lost share.

---
We meet monthly for the formal votes, but all daily checks and redistribution happen in the daily flow. This version keeps the policy to a single rule, a single check, and a single consequence, fully operational and transparent for all. I am ready to have the community vote on this text.\n
— a6)"

Based on your personal strategy and the current state of the lake, vote for which
proposed policy (and its operationalization) you think should become the new
shared policy, by its ballot number.
--- RESPONSE ---
{"chosen_id": "3"}
================================================================================
[2026-08-03T11:14:07.385411+00:00] fishery=fishery_a round=5 call_type=vote
--- SYSTEM ---
You are a villager who fishes from a shared lake together with others in your community.
--- PROMPT ---
You are villager a4, one of several villagers who fish from a shared lake
together. Each villager needs to consume 1.00 units of fish
daily to survive. When your payoff becomes negative, you die.

Your personality: "Follow the community guidelines strictly"

Villagers in this fishery:
- a1: active
- a2: active
- a3: active
- a4 (you): active
- a5: active
- a6: active

Each villager holds a personal strategy about what they should do,
and the community has also a shared policy.

Your personal strategy: "I will continue to fish exactly 1.00 units each day, never exceeding the community quota of 1.10 (or 1.05 if we lower it). I will keep my ledger entries accurate, cross‑verify others’ logs, and actively support the counsellor’s audits. I will also record any surplus fishing and report it to the communal pot, and I will participate in any council vote to adjust the quota when lake biometrics decline, ensuring full compliance with the community policy. I will also help maintain transparency by posting my daily catch and verification status publicly on the common ledger."
Shared community policy: "We maintain the current per‑person quota of 1.10 units, but shift the surplus handling policy: any fish caught beyond 1.10 per person is immediately transferred to the communal pot, then redistributed only when the next day's catch falls short of the collective 6.60‑unit threshold, ensuring everyone receives at least 1.00 units. Additionally, the fishery council will supervise daily tallies and step in if any villager consistently exceeds the 1.10 limit. If long‑term lake biometrics start to decline, all villagers will agree to lower the personal quota to 1.05 units, keeping the surplus to the pot. This keeps the lake sustainable while protecting each of us from starvation and aligns with the community’s survival goals."

Your own fishing effort and total payoff so far:
- a4 (you): effort=1.00, payoff=20.36

The following community policies (with their suggested operationalization) have
been proposed this round:
1. "Maintain the existing 1.10‑unit personal quota for all villagers. 1) Any fish caught over 1.10 per person is immediately donated to the communal pot. 2) The pot is used only when the next day's total catch falls short of the collective 6.60‑unit threshold, at which point the deficit is covered equally. 3) The council will check daily tallies and intervene if any villager consistently exceeds 1.10. 4) If lake biometrics show a sustained decline, all villagers will collectively agree to lower the quota to 1.05 units, keeping the surplus in the pot. 5) All contributions to the pot are logged and can be used for community goods (e.g., repairs, shared fishing gear). This keeps the lake sustainable, guarantees everyone at least 1.00 unit, and protects aggressive fishers like me from starvation.
(How to operationalize: Every sunrise the Monitor and a designated watcher must jointly log every catch and surplus to the communal ledger, sign it, immediately deduct any shortfall from the pot and redistribute equally, and any failure to do so revokes that day’s quota, reallocates the missing amount to the pot, and votes to remove the monitor from council for two weeks.)"
2. "All villagers (a1–a6) should stick to the shared quota of 1.10 units per day, and any catch beyond 1.10 is transferred to the communal pot. Each day, every villager records their exact catch on the public log‑board, and the council reviews these records. Anyone who routinely exceeds 1.10 will have their surplus confiscated and redistributed in the next cycle; persistent over‑catchers will be asked to lower their personal quota to 1.05 until the lake’s biometrics recover.
(How to operationalize: **Shared Lake Fishery Policy – Daily Workflow**

**Article I: Quota**
- Every villager is permitted to keep up to **1.10 units** of fish each day. Any catch exceeding 1.10 units is immediately transferred to the communal pot.

**Article II: Communal Pot**
- The pot is maintained daily. If any villager’s net daily catch (quota + any pot share) would be **< 1.00 unit**, the surplus in the pot is divided equally among those short‑fallers and distributed immediately before the day's close.

**Article III: Verification**
1. **Log‑Keeper Rotation** – The six villagers rotate daily; the designated log‑keeper is known by date.
2. **Daily Log** – After finishing fishing, each villager writes their total catch **in decimal units** on the public log‑board no later than 18:00.
3. **Rod Check** – The log‑keeper checks each entry against the dock‑rod in 30 s, marks any discrepancy (Δ = Rod – Board).
4. **Correcting Discrepancy** – If |Δ| > ±0.02 units, the log‑keeper notes “Δ=±X.00”, the fisherman signs a corrected slip, and the log‑keeper stamps C/P.
5. **Next‑Day Quota** – The log‑keeper writes the new quota for the corrected villager on a “Next‑Day Quotas” sheet posted beside the board and enters the same in the communal ledger and council spreadsheet. The quota is reduced by |Δ| for the next day.

**Article IV: Penalty**
- A discrepancy > ±0.02 units triggers an immediate quota deduction of |Δ| for the *next* day. The council confirms the deduction during the 5‑minute review at 18:15. If the council finds an error in the note, the fisherman re‑weighs instantly, and the new Δ is recorded.

**Article V: Daily Schedule**
- 06:00–18:00 – Fishing period.
- 18:00 – Villagers post logs.
- 18:05 – Log‑keeper rod check.
- 18:15 – Council 5‑minute review and confirmation.
- 18:20 – Pot redistribution if any villager below 1.00 unit.

**Article VI: Ancillary Provisions**
- The log‑keeper’s duty takes <1 min; council members devote 5 min to review; pot redistribution takes <5 min.
- No fishing time is sacrificed beyond routine activities.

**Article VII: Adoption**
- This policy is submitted for council voting. Upon approval it becomes binding for all villagers moving forward.)"
3. "We will shift the community policy to a flexible “core‑plus‑surplus” system: every villager keeps a guaranteed core of 1.00 unit for survival.  They may aim for a personal maximum of 1.30 units, which covers a moderate competitive edge while keeping the lake’s biomass stable.  Any catch over 1.30 units is sent into the communal pot.  The pot is then *redistributed* only on days when the *aggregate* lake catch falls below the collective 6.60‑unit threshold.  This means that on high‑yield days the pot remains intact, boosting each villager’s personal haul, while on low‑yield days the community shares the buffer stock to guarantee everyone at least 1.00 unit.  The council monitors total catch but only steps in if a villager consistently exceeds the 1.30 limit for more than two consecutive days.  If long‑term biomass metrics show a decline, all villagers will agree to lower the personal limit to 1.20 units, keeping the surplus to the pot.  This policy balances individual competitiveness (our community can still out‑fish each other within limits) with collective sustainability and guarantees a safety net for all.
(How to operationalize: **Official Fishery Policy – Penalty Entry and Enforcement**

1. **Responsibility**
   - Only the **Daily Auditor** has write access to the *Penalty‑Log* sheet and, via the “Log Infraction” button, automatic update rights on the *Limit‑Status* sheet.  The auditor logs infractions during the 7:00‑9:00 pm audit window.

2. **Backup Procedure**
   - If the designated auditor is absent, the **Backup Auditor** (next person listed in the Role‑Ledger) assumes the role and uses the identical button.
   - If both primary and backup are unavailable, the next villager alphabetically on the list automatically takes the slot.  The same 5‑minute trigger applies.

3. **Time Impact**
   - **Per infraction**: ~5 minutes of active sheet work in addition to the 30‑minute audit window.
   - **Average weekly increase**: ~2–3 minutes per villager, assuming infractions on ~10 % of days.
   - **Aggregator time**: remains 15 minutes daily with automation.

By codifying these steps, the policy ensures that penalty entries are recorded consistently, backups are clear, and the time burden on each villager stays minimal.)"
4. "I propose the following for the community: * All villagers continue to fish at the current personal quota of 1.10 units, but no one is permitted to exceed 1.10 during the day.  * Any fish caught beyond 1.10 is immediately transferred to the communal pot.  * The pot is used only when the collective catch falls short of the 6.60‑unit survival threshold for any member; those with a shortfall receive a proportional share of the pot that day to bring their intake back to 1.00 units.  * Daily tallies are shared on a communal ledger that every villager cross‑checks with at least one other villager before it is submitted to the council.  * If any villager consistently exceeds 1.10 (e.g., three consecutive days), the council imposes a corrective measure (e.g., a temporary reduction in quota or a fine) to enforce compliance.  * If long‑term lake biometrics start to decline, the community votes to lower the quota to 1.05 units; the surplus approach remains the same, ensuring that the pot still buffers any shortfall.  * The communal pot can also be used for critical community needs in emergencies (equipment repairs, medical supplies, etc.) after a council resolution.

These measures will keep the lake sustainable, maintain fairness, and ensure that no villager ever falls below the survival threshold.
(How to operationalize: Yes, Council, I accept this final, concrete policy and approve it for implementation as stated in the summary. I, a4, will continue to uphold the guidelines, maintain accurate ledger logs, and support the council’s oversight. Thank you for the collaboration.)"
5. "I propose the following revisions to our shared lake policy:
1. **Daily collective reporting** – All villagers must submit a written record of their catch (effort, volume, and any surplus) to the council each evening. The council will archive the data in a shared ledger so that we all can see compliance at a glance.
2. **Clear surplus‑redistribution rule** – Any fish caught above the per‑person quota of 1.10 units is *immediately* transferred to the communal pot. The pot is only released when the sum of next‑day catches falls below the collective 6.60‑unit survival threshold. At that point, the pot is distributed proportionally to those who fell short, ensuring every villager receives at least 1.00 units.
3. **Enforcement and penalty mechanism** – If a villager consistently (≥3 days in a row) exceeds the 1.10 limit, the council will impose a fine equal to 5 % of the surplus he/she caught that day. The fine is added to a community fund that can be used for fishery‑related improvements (e.g., better nets, monitoring devices). Persistent non‑compliance will trigger a temporary suspension from fishing duties.
4. **Adaptive quota‑decrease mechanism** – If lake biometrics (e.g., fish density, spawning rates) show a decline of more than 5 % over two consecutive seasons, the council will convene a vote in which *all* villagers agree to lower the personal quota to 1.05 units. The same surplus‑pot policy will apply.
5. **Transparency & education** – The council will publish a quarterly report on lake health and individual compliance. We will also hold a monthly community gathering to discuss best practices, share any surplus responsibly, and keep the tradition of “sharing the over‑catch” alive.

**Why this works** – The rules keep fishing levels below the environmental carrying capacity, protect each villager’s survival threshold, and incentivize honest reporting while providing a safety net for those who fall below 1.00 units. It also builds a culture of shared responsibility and long‑term stewardship of the lake.

I believe this policy will preserve the lake for future generations while ensuring we all meet our daily needs.
(How to operationalize: **Official Fishery Policy – Final Draft**

**1. Daily Ledger & RCO Rotation**
- Each villager submits a snapshot (date, name, effort, catch, surplus, note) to the rotating Compliance Officer (RCO) by 7:00 pm.
- The RCO compiles the shared spreadsheet from 7:00–7:15 pm.
- If the RCO fails to sign off by 7:15 pm, the next villager in the calendar list becomes a temporary RCO and has a fixed 15‑Minute slot from 7:15–7:30 pm. The ledger closes at 7:30 pm. If the original RCO signs after 7:30 pm, a 1 % fine of the daily catch is applied per hour of delay.

**2. Missing Snapshot Fine**
- If a snapshot is not received by 7:30 pm, the fisher incurs a 2 % fine of that fisher’s own daily catch. If the daily catch is exactly 0 units, the fine is waived.
- The fine is reversed if the fisher provides a net log or photo proof (showing weight ±0.5 unit) within two days.

**3. Audit Procedure**
- Two members of the Monitoring Board audit two random entries each morning at 8:00 am, typically taking ~5 minutes.
- Discrepancies found in a temporary RCO’s ledger will trigger a 5 % fine of the community’s total daily catch to the temporary RCO. The fine is collected the next day.

**4. Escalation for RCO Failure**
- Three consecutive days where the RCO fails to compile or sign the ledger by 7:15 pm triggers a one‑week fishing break (Monday to Sunday). A council vote on the following Friday afternoon decides if the RCO can resume duties. They must demonstrate all ledgers for the week before returning.

**5. All fines** are transferred directly into the Community Improvement Fund to support fishery‑related improvements.

**6. Supporting Materials**
- Shared ledger template: a Google Sheet titled "Lake Ledger – Daily Entries" with columns for Date, Name, Effort, Catch, Surplus, Note, Verification Flag, and a Sign‑off field.

This policy balances stewardship, transparency, and enforceability. I await the council vote date and any additional preparations for the announcement.)"
6. "Maintain a per‑person quota of 1.10 units, but shift the surplus handling policy: any fish caught beyond 1.10 per person is immediately deposited into the communal pot. The pot will only be redistributed when the collective catch falls below the 6.60‑unit baseline, guaranteeing each villager at least 1.00 units. All fishers, including a6, will record daily catches and share any surplus. A council will supervise the tallies, intervene if someone consistently exceeds 1.10, and will agree to lower the quota to 1.05 units if lake biometrics decline, keeping the surplus to the pot. This ensures ecosystem sustainability while protecting everyone from starvation.

Personal strategy: I will fish exactly 1.00 units per day, staying within the 1.10 community quota, recording my catch, and sharing any surplus as outlined. I will comply with the monitoring and redistribution rules, and I will support lowering the quota if the lake’s health drops.
(How to operationalize: Councillor, I appreciate the streamlined format and agree it will keep the system running smoothly. Here’s the final policy text incorporating the two decisions I choose:

---
**Lake Fishery Community Policy – 1‑June‑2026**

**Rule**
- Each fisherman may keep no more than 1.10 units of fish per day (reduced to 1.05 units if lake biometrics decline). Any fish beyond that quota is deposited immediately into the communal pot.

**Check**
- Every day, a fisherman writes a handwritten slip on a communal ledger page and includes: date, name (or letter), weight to two decimal places, and a “+” if the catch exceeds the quota, “‑” otherwise. The slip is handed directly to the council chair.
- The council chair signs the slip on that day, records the catch in the master ledger, and notes any surplus that should be moved to the pot.

**Consequence**
- If the total daily catch of the community is **less than** 6.60 units (or **less than** 6.30 units when the quota is 1.05), the pot is opened the next council meeting day (or the next weekday if the meeting falls on a weekend). Surplus fish is redistributed so that every fisherman receives at least 1.00 unit.
- The council chair counts the pot aloud and signs the ledger. If a fisherman’s signed slip shows a record of less than 1.00 unit after redistribution, any excess fish they have already taken must be returned immediately.

**Administrative Details**
- Pot‑keeper: the fisherman whose name comes first alphabetically each week is responsible for guarding the pot during the week. They hand the pot and written receipt of its contents to the council chair on the meeting day.
- Second verifier: The council chair doubles as the Watcher‑Keeper for all counts. In the event of a dispute that the chair cannot resolve, the next fisherman alphabetically will re‑count on the spot.
- Missing slip: If a fisherman cannot produce a signed slip within 24 hours of the catch, they receive no surplus that day. The missing slip is logged in the master ledger and the fisherman receives a “debt token.” An equivalent amount of their next month’s quota will be deducted to compensate for the lost share.

---
We meet monthly for the formal votes, but all daily checks and redistribution happen in the daily flow. This version keeps the policy to a single rule, a single check, and a single consequence, fully operational and transparent for all. I am ready to have the community vote on this text.\n
— a6)"

Based on your personal strategy and the current state of the lake, vote for which
proposed policy (and its operationalization) you think should become the new
shared policy, by its ballot number.
--- RESPONSE ---
{"chosen_id": "4"}
================================================================================
[2026-08-03T11:14:14.509510+00:00] fishery=fishery_a round=5 call_type=vote
--- SYSTEM ---
You are a villager who fishes from a shared lake together with others in your community.
--- PROMPT ---
You are villager a5, one of several villagers who fish from a shared lake
together. Each villager needs to consume 1.00 units of fish
daily to survive. When your payoff becomes negative, you die.

Your personality: "Preserve the lake for future generations"

Villagers in this fishery:
- a1: active
- a2: active
- a3: active
- a4: active
- a5 (you): active
- a6: active

Each villager holds a personal strategy about what they should do,
and the community has also a shared policy.

Your personal strategy: "I will continue to keep my personal fishing effort at 0.20 units, report my catch daily to the council, actively support the monitoring board and penalty system, and promote the community quota and surplus‑sharing practice. If ever the lake’s biometrics decline, I will advocate lowering the quota to 1.05 units and will adhere to the new limits myself. My personal strategy is to remain a model of sustainability, encouraging others to do the same for the good of our community and the lake’s future."
Shared community policy: "We maintain the current per‑person quota of 1.10 units, but shift the surplus handling policy: any fish caught beyond 1.10 per person is immediately transferred to the communal pot, then redistributed only when the next day's catch falls short of the collective 6.60‑unit threshold, ensuring everyone receives at least 1.00 units. Additionally, the fishery council will supervise daily tallies and step in if any villager consistently exceeds the 1.10 limit. If long‑term lake biometrics start to decline, all villagers will agree to lower the personal quota to 1.05 units, keeping the surplus to the pot. This keeps the lake sustainable while protecting each of us from starvation and aligns with the community’s survival goals."

Your own fishing effort and total payoff so far:
- a5 (you): effort=0.20, payoff=3.07

The following community policies (with their suggested operationalization) have
been proposed this round:
1. "Maintain the existing 1.10‑unit personal quota for all villagers. 1) Any fish caught over 1.10 per person is immediately donated to the communal pot. 2) The pot is used only when the next day's total catch falls short of the collective 6.60‑unit threshold, at which point the deficit is covered equally. 3) The council will check daily tallies and intervene if any villager consistently exceeds 1.10. 4) If lake biometrics show a sustained decline, all villagers will collectively agree to lower the quota to 1.05 units, keeping the surplus in the pot. 5) All contributions to the pot are logged and can be used for community goods (e.g., repairs, shared fishing gear). This keeps the lake sustainable, guarantees everyone at least 1.00 unit, and protects aggressive fishers like me from starvation.
(How to operationalize: Every sunrise the Monitor and a designated watcher must jointly log every catch and surplus to the communal ledger, sign it, immediately deduct any shortfall from the pot and redistribute equally, and any failure to do so revokes that day’s quota, reallocates the missing amount to the pot, and votes to remove the monitor from council for two weeks.)"
2. "All villagers (a1–a6) should stick to the shared quota of 1.10 units per day, and any catch beyond 1.10 is transferred to the communal pot. Each day, every villager records their exact catch on the public log‑board, and the council reviews these records. Anyone who routinely exceeds 1.10 will have their surplus confiscated and redistributed in the next cycle; persistent over‑catchers will be asked to lower their personal quota to 1.05 until the lake’s biometrics recover.
(How to operationalize: **Shared Lake Fishery Policy – Daily Workflow**

**Article I: Quota**
- Every villager is permitted to keep up to **1.10 units** of fish each day. Any catch exceeding 1.10 units is immediately transferred to the communal pot.

**Article II: Communal Pot**
- The pot is maintained daily. If any villager’s net daily catch (quota + any pot share) would be **< 1.00 unit**, the surplus in the pot is divided equally among those short‑fallers and distributed immediately before the day's close.

**Article III: Verification**
1. **Log‑Keeper Rotation** – The six villagers rotate daily; the designated log‑keeper is known by date.
2. **Daily Log** – After finishing fishing, each villager writes their total catch **in decimal units** on the public log‑board no later than 18:00.
3. **Rod Check** – The log‑keeper checks each entry against the dock‑rod in 30 s, marks any discrepancy (Δ = Rod – Board).
4. **Correcting Discrepancy** – If |Δ| > ±0.02 units, the log‑keeper notes “Δ=±X.00”, the fisherman signs a corrected slip, and the log‑keeper stamps C/P.
5. **Next‑Day Quota** – The log‑keeper writes the new quota for the corrected villager on a “Next‑Day Quotas” sheet posted beside the board and enters the same in the communal ledger and council spreadsheet. The quota is reduced by |Δ| for the next day.

**Article IV: Penalty**
- A discrepancy > ±0.02 units triggers an immediate quota deduction of |Δ| for the *next* day. The council confirms the deduction during the 5‑minute review at 18:15. If the council finds an error in the note, the fisherman re‑weighs instantly, and the new Δ is recorded.

**Article V: Daily Schedule**
- 06:00–18:00 – Fishing period.
- 18:00 – Villagers post logs.
- 18:05 – Log‑keeper rod check.
- 18:15 – Council 5‑minute review and confirmation.
- 18:20 – Pot redistribution if any villager below 1.00 unit.

**Article VI: Ancillary Provisions**
- The log‑keeper’s duty takes <1 min; council members devote 5 min to review; pot redistribution takes <5 min.
- No fishing time is sacrificed beyond routine activities.

**Article VII: Adoption**
- This policy is submitted for council voting. Upon approval it becomes binding for all villagers moving forward.)"
3. "We will shift the community policy to a flexible “core‑plus‑surplus” system: every villager keeps a guaranteed core of 1.00 unit for survival.  They may aim for a personal maximum of 1.30 units, which covers a moderate competitive edge while keeping the lake’s biomass stable.  Any catch over 1.30 units is sent into the communal pot.  The pot is then *redistributed* only on days when the *aggregate* lake catch falls below the collective 6.60‑unit threshold.  This means that on high‑yield days the pot remains intact, boosting each villager’s personal haul, while on low‑yield days the community shares the buffer stock to guarantee everyone at least 1.00 unit.  The council monitors total catch but only steps in if a villager consistently exceeds the 1.30 limit for more than two consecutive days.  If long‑term biomass metrics show a decline, all villagers will agree to lower the personal limit to 1.20 units, keeping the surplus to the pot.  This policy balances individual competitiveness (our community can still out‑fish each other within limits) with collective sustainability and guarantees a safety net for all.
(How to operationalize: **Official Fishery Policy – Penalty Entry and Enforcement**

1. **Responsibility**
   - Only the **Daily Auditor** has write access to the *Penalty‑Log* sheet and, via the “Log Infraction” button, automatic update rights on the *Limit‑Status* sheet.  The auditor logs infractions during the 7:00‑9:00 pm audit window.

2. **Backup Procedure**
   - If the designated auditor is absent, the **Backup Auditor** (next person listed in the Role‑Ledger) assumes the role and uses the identical button.
   - If both primary and backup are unavailable, the next villager alphabetically on the list automatically takes the slot.  The same 5‑minute trigger applies.

3. **Time Impact**
   - **Per infraction**: ~5 minutes of active sheet work in addition to the 30‑minute audit window.
   - **Average weekly increase**: ~2–3 minutes per villager, assuming infractions on ~10 % of days.
   - **Aggregator time**: remains 15 minutes daily with automation.

By codifying these steps, the policy ensures that penalty entries are recorded consistently, backups are clear, and the time burden on each villager stays minimal.)"
4. "I propose the following for the community: * All villagers continue to fish at the current personal quota of 1.10 units, but no one is permitted to exceed 1.10 during the day.  * Any fish caught beyond 1.10 is immediately transferred to the communal pot.  * The pot is used only when the collective catch falls short of the 6.60‑unit survival threshold for any member; those with a shortfall receive a proportional share of the pot that day to bring their intake back to 1.00 units.  * Daily tallies are shared on a communal ledger that every villager cross‑checks with at least one other villager before it is submitted to the council.  * If any villager consistently exceeds 1.10 (e.g., three consecutive days), the council imposes a corrective measure (e.g., a temporary reduction in quota or a fine) to enforce compliance.  * If long‑term lake biometrics start to decline, the community votes to lower the quota to 1.05 units; the surplus approach remains the same, ensuring that the pot still buffers any shortfall.  * The communal pot can also be used for critical community needs in emergencies (equipment repairs, medical supplies, etc.) after a council resolution.

These measures will keep the lake sustainable, maintain fairness, and ensure that no villager ever falls below the survival threshold.
(How to operationalize: Yes, Council, I accept this final, concrete policy and approve it for implementation as stated in the summary. I, a4, will continue to uphold the guidelines, maintain accurate ledger logs, and support the council’s oversight. Thank you for the collaboration.)"
5. "I propose the following revisions to our shared lake policy:
1. **Daily collective reporting** – All villagers must submit a written record of their catch (effort, volume, and any surplus) to the council each evening. The council will archive the data in a shared ledger so that we all can see compliance at a glance.
2. **Clear surplus‑redistribution rule** – Any fish caught above the per‑person quota of 1.10 units is *immediately* transferred to the communal pot. The pot is only released when the sum of next‑day catches falls below the collective 6.60‑unit survival threshold. At that point, the pot is distributed proportionally to those who fell short, ensuring every villager receives at least 1.00 units.
3. **Enforcement and penalty mechanism** – If a villager consistently (≥3 days in a row) exceeds the 1.10 limit, the council will impose a fine equal to 5 % of the surplus he/she caught that day. The fine is added to a community fund that can be used for fishery‑related improvements (e.g., better nets, monitoring devices). Persistent non‑compliance will trigger a temporary suspension from fishing duties.
4. **Adaptive quota‑decrease mechanism** – If lake biometrics (e.g., fish density, spawning rates) show a decline of more than 5 % over two consecutive seasons, the council will convene a vote in which *all* villagers agree to lower the personal quota to 1.05 units. The same surplus‑pot policy will apply.
5. **Transparency & education** – The council will publish a quarterly report on lake health and individual compliance. We will also hold a monthly community gathering to discuss best practices, share any surplus responsibly, and keep the tradition of “sharing the over‑catch” alive.

**Why this works** – The rules keep fishing levels below the environmental carrying capacity, protect each villager’s survival threshold, and incentivize honest reporting while providing a safety net for those who fall below 1.00 units. It also builds a culture of shared responsibility and long‑term stewardship of the lake.

I believe this policy will preserve the lake for future generations while ensuring we all meet our daily needs.
(How to operationalize: **Official Fishery Policy – Final Draft**

**1. Daily Ledger & RCO Rotation**
- Each villager submits a snapshot (date, name, effort, catch, surplus, note) to the rotating Compliance Officer (RCO) by 7:00 pm.
- The RCO compiles the shared spreadsheet from 7:00–7:15 pm.
- If the RCO fails to sign off by 7:15 pm, the next villager in the calendar list becomes a temporary RCO and has a fixed 15‑Minute slot from 7:15–7:30 pm. The ledger closes at 7:30 pm. If the original RCO signs after 7:30 pm, a 1 % fine of the daily catch is applied per hour of delay.

**2. Missing Snapshot Fine**
- If a snapshot is not received by 7:30 pm, the fisher incurs a 2 % fine of that fisher’s own daily catch. If the daily catch is exactly 0 units, the fine is waived.
- The fine is reversed if the fisher provides a net log or photo proof (showing weight ±0.5 unit) within two days.

**3. Audit Procedure**
- Two members of the Monitoring Board audit two random entries each morning at 8:00 am, typically taking ~5 minutes.
- Discrepancies found in a temporary RCO’s ledger will trigger a 5 % fine of the community’s total daily catch to the temporary RCO. The fine is collected the next day.

**4. Escalation for RCO Failure**
- Three consecutive days where the RCO fails to compile or sign the ledger by 7:15 pm triggers a one‑week fishing break (Monday to Sunday). A council vote on the following Friday afternoon decides if the RCO can resume duties. They must demonstrate all ledgers for the week before returning.

**5. All fines** are transferred directly into the Community Improvement Fund to support fishery‑related improvements.

**6. Supporting Materials**
- Shared ledger template: a Google Sheet titled "Lake Ledger – Daily Entries" with columns for Date, Name, Effort, Catch, Surplus, Note, Verification Flag, and a Sign‑off field.

This policy balances stewardship, transparency, and enforceability. I await the council vote date and any additional preparations for the announcement.)"
6. "Maintain a per‑person quota of 1.10 units, but shift the surplus handling policy: any fish caught beyond 1.10 per person is immediately deposited into the communal pot. The pot will only be redistributed when the collective catch falls below the 6.60‑unit baseline, guaranteeing each villager at least 1.00 units. All fishers, including a6, will record daily catches and share any surplus. A council will supervise the tallies, intervene if someone consistently exceeds 1.10, and will agree to lower the quota to 1.05 units if lake biometrics decline, keeping the surplus to the pot. This ensures ecosystem sustainability while protecting everyone from starvation.

Personal strategy: I will fish exactly 1.00 units per day, staying within the 1.10 community quota, recording my catch, and sharing any surplus as outlined. I will comply with the monitoring and redistribution rules, and I will support lowering the quota if the lake’s health drops.
(How to operationalize: Councillor, I appreciate the streamlined format and agree it will keep the system running smoothly. Here’s the final policy text incorporating the two decisions I choose:

---
**Lake Fishery Community Policy – 1‑June‑2026**

**Rule**
- Each fisherman may keep no more than 1.10 units of fish per day (reduced to 1.05 units if lake biometrics decline). Any fish beyond that quota is deposited immediately into the communal pot.

**Check**
- Every day, a fisherman writes a handwritten slip on a communal ledger page and includes: date, name (or letter), weight to two decimal places, and a “+” if the catch exceeds the quota, “‑” otherwise. The slip is handed directly to the council chair.
- The council chair signs the slip on that day, records the catch in the master ledger, and notes any surplus that should be moved to the pot.

**Consequence**
- If the total daily catch of the community is **less than** 6.60 units (or **less than** 6.30 units when the quota is 1.05), the pot is opened the next council meeting day (or the next weekday if the meeting falls on a weekend). Surplus fish is redistributed so that every fisherman receives at least 1.00 unit.
- The council chair counts the pot aloud and signs the ledger. If a fisherman’s signed slip shows a record of less than 1.00 unit after redistribution, any excess fish they have already taken must be returned immediately.

**Administrative Details**
- Pot‑keeper: the fisherman whose name comes first alphabetically each week is responsible for guarding the pot during the week. They hand the pot and written receipt of its contents to the council chair on the meeting day.
- Second verifier: The council chair doubles as the Watcher‑Keeper for all counts. In the event of a dispute that the chair cannot resolve, the next fisherman alphabetically will re‑count on the spot.
- Missing slip: If a fisherman cannot produce a signed slip within 24 hours of the catch, they receive no surplus that day. The missing slip is logged in the master ledger and the fisherman receives a “debt token.” An equivalent amount of their next month’s quota will be deducted to compensate for the lost share.

---
We meet monthly for the formal votes, but all daily checks and redistribution happen in the daily flow. This version keeps the policy to a single rule, a single check, and a single consequence, fully operational and transparent for all. I am ready to have the community vote on this text.\n
— a6)"

Based on your personal strategy and the current state of the lake, vote for which
proposed policy (and its operationalization) you think should become the new
shared policy, by its ballot number.
--- RESPONSE ---
{"chosen_id": "1"}
================================================================================
[2026-08-03T11:14:20.180973+00:00] fishery=fishery_a round=5 call_type=vote
--- SYSTEM ---
You are a villager who fishes from a shared lake together with others in your community.
--- PROMPT ---
You are villager a6, one of several villagers who fish from a shared lake
together. Each villager needs to consume 1.00 units of fish
daily to survive. When your payoff becomes negative, you die.

Your personality: "Fish moderately to maintain the ecosystem"

Villagers in this fishery:
- a1: active
- a2: active
- a3: active
- a4: active
- a5: active
- a6 (you): active

Each villager holds a personal strategy about what they should do,
and the community has also a shared policy.

Your personal strategy: "Fish exactly 1.00 units daily, record catch, share surplus, comply with communal monitoring, and support quota adjustments when necessary."
Shared community policy: "We maintain the current per‑person quota of 1.10 units, but shift the surplus handling policy: any fish caught beyond 1.10 per person is immediately transferred to the communal pot, then redistributed only when the next day's catch falls short of the collective 6.60‑unit threshold, ensuring everyone receives at least 1.00 units. Additionally, the fishery council will supervise daily tallies and step in if any villager consistently exceeds the 1.10 limit. If long‑term lake biometrics start to decline, all villagers will agree to lower the personal quota to 1.05 units, keeping the surplus to the pot. This keeps the lake sustainable while protecting each of us from starvation and aligns with the community’s survival goals."

Your own fishing effort and total payoff so far:
- a6 (you): effort=1.00, payoff=14.26

The following community policies (with their suggested operationalization) have
been proposed this round:
1. "Maintain the existing 1.10‑unit personal quota for all villagers. 1) Any fish caught over 1.10 per person is immediately donated to the communal pot. 2) The pot is used only when the next day's total catch falls short of the collective 6.60‑unit threshold, at which point the deficit is covered equally. 3) The council will check daily tallies and intervene if any villager consistently exceeds 1.10. 4) If lake biometrics show a sustained decline, all villagers will collectively agree to lower the quota to 1.05 units, keeping the surplus in the pot. 5) All contributions to the pot are logged and can be used for community goods (e.g., repairs, shared fishing gear). This keeps the lake sustainable, guarantees everyone at least 1.00 unit, and protects aggressive fishers like me from starvation.
(How to operationalize: Every sunrise the Monitor and a designated watcher must jointly log every catch and surplus to the communal ledger, sign it, immediately deduct any shortfall from the pot and redistribute equally, and any failure to do so revokes that day’s quota, reallocates the missing amount to the pot, and votes to remove the monitor from council for two weeks.)"
2. "All villagers (a1–a6) should stick to the shared quota of 1.10 units per day, and any catch beyond 1.10 is transferred to the communal pot. Each day, every villager records their exact catch on the public log‑board, and the council reviews these records. Anyone who routinely exceeds 1.10 will have their surplus confiscated and redistributed in the next cycle; persistent over‑catchers will be asked to lower their personal quota to 1.05 until the lake’s biometrics recover.
(How to operationalize: **Shared Lake Fishery Policy – Daily Workflow**

**Article I: Quota**
- Every villager is permitted to keep up to **1.10 units** of fish each day. Any catch exceeding 1.10 units is immediately transferred to the communal pot.

**Article II: Communal Pot**
- The pot is maintained daily. If any villager’s net daily catch (quota + any pot share) would be **< 1.00 unit**, the surplus in the pot is divided equally among those short‑fallers and distributed immediately before the day's close.

**Article III: Verification**
1. **Log‑Keeper Rotation** – The six villagers rotate daily; the designated log‑keeper is known by date.
2. **Daily Log** – After finishing fishing, each villager writes their total catch **in decimal units** on the public log‑board no later than 18:00.
3. **Rod Check** – The log‑keeper checks each entry against the dock‑rod in 30 s, marks any discrepancy (Δ = Rod – Board).
4. **Correcting Discrepancy** – If |Δ| > ±0.02 units, the log‑keeper notes “Δ=±X.00”, the fisherman signs a corrected slip, and the log‑keeper stamps C/P.
5. **Next‑Day Quota** – The log‑keeper writes the new quota for the corrected villager on a “Next‑Day Quotas” sheet posted beside the board and enters the same in the communal ledger and council spreadsheet. The quota is reduced by |Δ| for the next day.

**Article IV: Penalty**
- A discrepancy > ±0.02 units triggers an immediate quota deduction of |Δ| for the *next* day. The council confirms the deduction during the 5‑minute review at 18:15. If the council finds an error in the note, the fisherman re‑weighs instantly, and the new Δ is recorded.

**Article V: Daily Schedule**
- 06:00–18:00 – Fishing period.
- 18:00 – Villagers post logs.
- 18:05 – Log‑keeper rod check.
- 18:15 – Council 5‑minute review and confirmation.
- 18:20 – Pot redistribution if any villager below 1.00 unit.

**Article VI: Ancillary Provisions**
- The log‑keeper’s duty takes <1 min; council members devote 5 min to review; pot redistribution takes <5 min.
- No fishing time is sacrificed beyond routine activities.

**Article VII: Adoption**
- This policy is submitted for council voting. Upon approval it becomes binding for all villagers moving forward.)"
3. "We will shift the community policy to a flexible “core‑plus‑surplus” system: every villager keeps a guaranteed core of 1.00 unit for survival.  They may aim for a personal maximum of 1.30 units, which covers a moderate competitive edge while keeping the lake’s biomass stable.  Any catch over 1.30 units is sent into the communal pot.  The pot is then *redistributed* only on days when the *aggregate* lake catch falls below the collective 6.60‑unit threshold.  This means that on high‑yield days the pot remains intact, boosting each villager’s personal haul, while on low‑yield days the community shares the buffer stock to guarantee everyone at least 1.00 unit.  The council monitors total catch but only steps in if a villager consistently exceeds the 1.30 limit for more than two consecutive days.  If long‑term biomass metrics show a decline, all villagers will agree to lower the personal limit to 1.20 units, keeping the surplus to the pot.  This policy balances individual competitiveness (our community can still out‑fish each other within limits) with collective sustainability and guarantees a safety net for all.
(How to operationalize: **Official Fishery Policy – Penalty Entry and Enforcement**

1. **Responsibility**
   - Only the **Daily Auditor** has write access to the *Penalty‑Log* sheet and, via the “Log Infraction” button, automatic update rights on the *Limit‑Status* sheet.  The auditor logs infractions during the 7:00‑9:00 pm audit window.

2. **Backup Procedure**
   - If the designated auditor is absent, the **Backup Auditor** (next person listed in the Role‑Ledger) assumes the role and uses the identical button.
   - If both primary and backup are unavailable, the next villager alphabetically on the list automatically takes the slot.  The same 5‑minute trigger applies.

3. **Time Impact**
   - **Per infraction**: ~5 minutes of active sheet work in addition to the 30‑minute audit window.
   - **Average weekly increase**: ~2–3 minutes per villager, assuming infractions on ~10 % of days.
   - **Aggregator time**: remains 15 minutes daily with automation.

By codifying these steps, the policy ensures that penalty entries are recorded consistently, backups are clear, and the time burden on each villager stays minimal.)"
4. "I propose the following for the community: * All villagers continue to fish at the current personal quota of 1.10 units, but no one is permitted to exceed 1.10 during the day.  * Any fish caught beyond 1.10 is immediately transferred to the communal pot.  * The pot is used only when the collective catch falls short of the 6.60‑unit survival threshold for any member; those with a shortfall receive a proportional share of the pot that day to bring their intake back to 1.00 units.  * Daily tallies are shared on a communal ledger that every villager cross‑checks with at least one other villager before it is submitted to the council.  * If any villager consistently exceeds 1.10 (e.g., three consecutive days), the council imposes a corrective measure (e.g., a temporary reduction in quota or a fine) to enforce compliance.  * If long‑term lake biometrics start to decline, the community votes to lower the quota to 1.05 units; the surplus approach remains the same, ensuring that the pot still buffers any shortfall.  * The communal pot can also be used for critical community needs in emergencies (equipment repairs, medical supplies, etc.) after a council resolution.

These measures will keep the lake sustainable, maintain fairness, and ensure that no villager ever falls below the survival threshold.
(How to operationalize: Yes, Council, I accept this final, concrete policy and approve it for implementation as stated in the summary. I, a4, will continue to uphold the guidelines, maintain accurate ledger logs, and support the council’s oversight. Thank you for the collaboration.)"
5. "I propose the following revisions to our shared lake policy:
1. **Daily collective reporting** – All villagers must submit a written record of their catch (effort, volume, and any surplus) to the council each evening. The council will archive the data in a shared ledger so that we all can see compliance at a glance.
2. **Clear surplus‑redistribution rule** – Any fish caught above the per‑person quota of 1.10 units is *immediately* transferred to the communal pot. The pot is only released when the sum of next‑day catches falls below the collective 6.60‑unit survival threshold. At that point, the pot is distributed proportionally to those who fell short, ensuring every villager receives at least 1.00 units.
3. **Enforcement and penalty mechanism** – If a villager consistently (≥3 days in a row) exceeds the 1.10 limit, the council will impose a fine equal to 5 % of the surplus he/she caught that day. The fine is added to a community fund that can be used for fishery‑related improvements (e.g., better nets, monitoring devices). Persistent non‑compliance will trigger a temporary suspension from fishing duties.
4. **Adaptive quota‑decrease mechanism** – If lake biometrics (e.g., fish density, spawning rates) show a decline of more than 5 % over two consecutive seasons, the council will convene a vote in which *all* villagers agree to lower the personal quota to 1.05 units. The same surplus‑pot policy will apply.
5. **Transparency & education** – The council will publish a quarterly report on lake health and individual compliance. We will also hold a monthly community gathering to discuss best practices, share any surplus responsibly, and keep the tradition of “sharing the over‑catch” alive.

**Why this works** – The rules keep fishing levels below the environmental carrying capacity, protect each villager’s survival threshold, and incentivize honest reporting while providing a safety net for those who fall below 1.00 units. It also builds a culture of shared responsibility and long‑term stewardship of the lake.

I believe this policy will preserve the lake for future generations while ensuring we all meet our daily needs.
(How to operationalize: **Official Fishery Policy – Final Draft**

**1. Daily Ledger & RCO Rotation**
- Each villager submits a snapshot (date, name, effort, catch, surplus, note) to the rotating Compliance Officer (RCO) by 7:00 pm.
- The RCO compiles the shared spreadsheet from 7:00–7:15 pm.
- If the RCO fails to sign off by 7:15 pm, the next villager in the calendar list becomes a temporary RCO and has a fixed 15‑Minute slot from 7:15–7:30 pm. The ledger closes at 7:30 pm. If the original RCO signs after 7:30 pm, a 1 % fine of the daily catch is applied per hour of delay.

**2. Missing Snapshot Fine**
- If a snapshot is not received by 7:30 pm, the fisher incurs a 2 % fine of that fisher’s own daily catch. If the daily catch is exactly 0 units, the fine is waived.
- The fine is reversed if the fisher provides a net log or photo proof (showing weight ±0.5 unit) within two days.

**3. Audit Procedure**
- Two members of the Monitoring Board audit two random entries each morning at 8:00 am, typically taking ~5 minutes.
- Discrepancies found in a temporary RCO’s ledger will trigger a 5 % fine of the community’s total daily catch to the temporary RCO. The fine is collected the next day.

**4. Escalation for RCO Failure**
- Three consecutive days where the RCO fails to compile or sign the ledger by 7:15 pm triggers a one‑week fishing break (Monday to Sunday). A council vote on the following Friday afternoon decides if the RCO can resume duties. They must demonstrate all ledgers for the week before returning.

**5. All fines** are transferred directly into the Community Improvement Fund to support fishery‑related improvements.

**6. Supporting Materials**
- Shared ledger template: a Google Sheet titled "Lake Ledger – Daily Entries" with columns for Date, Name, Effort, Catch, Surplus, Note, Verification Flag, and a Sign‑off field.

This policy balances stewardship, transparency, and enforceability. I await the council vote date and any additional preparations for the announcement.)"
6. "Maintain a per‑person quota of 1.10 units, but shift the surplus handling policy: any fish caught beyond 1.10 per person is immediately deposited into the communal pot. The pot will only be redistributed when the collective catch falls below the 6.60‑unit baseline, guaranteeing each villager at least 1.00 units. All fishers, including a6, will record daily catches and share any surplus. A council will supervise the tallies, intervene if someone consistently exceeds 1.10, and will agree to lower the quota to 1.05 units if lake biometrics decline, keeping the surplus to the pot. This ensures ecosystem sustainability while protecting everyone from starvation.

Personal strategy: I will fish exactly 1.00 units per day, staying within the 1.10 community quota, recording my catch, and sharing any surplus as outlined. I will comply with the monitoring and redistribution rules, and I will support lowering the quota if the lake’s health drops.
(How to operationalize: Councillor, I appreciate the streamlined format and agree it will keep the system running smoothly. Here’s the final policy text incorporating the two decisions I choose:

---
**Lake Fishery Community Policy – 1‑June‑2026**

**Rule**
- Each fisherman may keep no more than 1.10 units of fish per day (reduced to 1.05 units if lake biometrics decline). Any fish beyond that quota is deposited immediately into the communal pot.

**Check**
- Every day, a fisherman writes a handwritten slip on a communal ledger page and includes: date, name (or letter), weight to two decimal places, and a “+” if the catch exceeds the quota, “‑” otherwise. The slip is handed directly to the council chair.
- The council chair signs the slip on that day, records the catch in the master ledger, and notes any surplus that should be moved to the pot.

**Consequence**
- If the total daily catch of the community is **less than** 6.60 units (or **less than** 6.30 units when the quota is 1.05), the pot is opened the next council meeting day (or the next weekday if the meeting falls on a weekend). Surplus fish is redistributed so that every fisherman receives at least 1.00 unit.
- The council chair counts the pot aloud and signs the ledger. If a fisherman’s signed slip shows a record of less than 1.00 unit after redistribution, any excess fish they have already taken must be returned immediately.

**Administrative Details**
- Pot‑keeper: the fisherman whose name comes first alphabetically each week is responsible for guarding the pot during the week. They hand the pot and written receipt of its contents to the council chair on the meeting day.
- Second verifier: The council chair doubles as the Watcher‑Keeper for all counts. In the event of a dispute that the chair cannot resolve, the next fisherman alphabetically will re‑count on the spot.
- Missing slip: If a fisherman cannot produce a signed slip within 24 hours of the catch, they receive no surplus that day. The missing slip is logged in the master ledger and the fisherman receives a “debt token.” An equivalent amount of their next month’s quota will be deducted to compensate for the lost share.

---
We meet monthly for the formal votes, but all daily checks and redistribution happen in the daily flow. This version keeps the policy to a single rule, a single check, and a single consequence, fully operational and transparent for all. I am ready to have the community vote on this text.\n
— a6)"

Based on your personal strategy and the current state of the lake, vote for which
proposed policy (and its operationalization) you think should become the new
shared policy, by its ballot number.
--- RESPONSE ---
{"chosen_id": "6"}
